review,sentiment
shame movie good cinematography one plot supported work sarah cawley cinematography adam lichtenstein film editing sense go mexico city movie try realistic depiction life city unable shame lot film wasted american woman try find brother kidnaped first account story powerful interesting realistic seems effort come better narrative ordeal especially come issue attitude u embassy personnel mexico city dealing issue like one compare example frantic deal similar issue something similar said role local authority compare example todo el poder movie worth watching want get sense look city paying little attention rather weak plot many twist require rather extensive suspension disbelief going believe mexican patrol mexico city going go way catch main character mexico u border policeman going able use radio border mexico city producer movie worth mentioning unlike frida movie mexico least one mexican talk spanish,0
film worthwhile despite may hear performance marie dressler hope spelling right drunken old sot reason enough see film amazing performance drunken stupor three scene good long never thing twice actually smell alcohol done amazing greta course speaks first line film shes great eugene neill story solid like neill story deep intense light entertainment appreciate great character actor like film technically fuzzy worthwhile,1
movie silly short funny movie unhappy easterner pleased west hire drunk wagon master john candy lead back east sight gag funny enough carry one richard lewis get nerve quickly honestly like anything ed lauter hilarious bumbling villain br br movie dedicated candy died massive heart attack ten day movie completed stand digital enhancement enabled candy character seen final scene candy good comedian gave u real good knee slapping belly laugh career movie caliber best br br also film recognize william sanderson gailard sartain ethan phillips ellen greene rodney grant,0
man named jerry come possession ancient aztec doll however creepy little figure possessed evil spirit take jerry body push spill blood seen two horror movie dorm dripped blood kindred made stephen carpenter jeffrey obrow must say power disappoint either plot slow moving effective human goo effect little bit gore scene female tabloid reporter attacked arm come ripping mattress hoot liked low budget horror movie horror genre,1
ability enjoy ash time may depend expectation stepping theater even strident supporter seem agree audience split right middle appreciation unique film br br unlike hk actioners battle scene curiously kept distance happen rendered jerky style difficult make exactly occurring screen dramatic scene extravagantly beautiful maggie cheung brigitte lin roll call hk top acting talent chewing scenery wong kar wai early work dialog could precise br br short ash time requires forgiving attitude released around time wong kar wai spectacularly successful chungking express clear director confident working element martial art film anyone looking tense action likely disappointed intrigued director aesthetic likely find unique experience least,0
recently friend discussing educational ethical influence growing versus today mentioned samuel taylor coleridge wrote rime ancient mariner u required recite part epic poem high school english literature course college friend said message even might called metaphysical within today context br br tried reciting remembered bit piece problem remembering dr seuss said get two copy poem could read easy enough extremely surprised find made film looked forward watching film see interpreted rime ancient mariner exactly light reading read poem watched film together br br considered film remarkable achievement especially considering made computer called ken burn effect special effect often began compensating lack substance particularly noteworthy th th century illustration culled lesser known artist willy pogany early hollywood designer br br film narrated sir michael redgrave taught poem schoolmaster adding tone authority credibility remaining true poem br br mastery layer subtle message conveyed without instructing becoming oppressive obvious morality tale found refreshing change today face clobber head mentality today morality message film two dimensional extreme violence murder mayhem mark bad bad really really bad good super hero human character lacked nuance rime ancient mariner celebration individual character appreciation celebrating richness life offer within larger context humanity e man capacity give others br br proud found unknown gem learned top award category five six time name international film festival another surprise learning film director raul dasilva recognized authority early animation authored six award winning book film br br film message relevant today coleridge penned original epic poem raul dasilva translated film still teaching high school five year grab one show student level richness naturally lead discussion big important issue u face whether today fact long humanity spiritual component br br highly recommended,1
footprint interesting movie somewhat difficult categorize psychological thriller appropriate description think female protagonist alice cespi discovers remember anything last three day clue torn photo hotel also haunted recurring vivid dream science fiction movie belief saw many year ago pursuit truth behind amnesia trust anyone little little becomes obvious visited town hotel located exciting flick whose main virtue virtually impossible predict event unfold particularly end unusual loneliness main character unreliability everyone else ensure good old paranoid feeling present throughout film whereas beautiful color spectacularly filmed sequence make visually attractive movie well important part one nicoletta elmi everyone time favorite redheaded obnoxious child star italian horror extra bonus,1
ok first steve irwin rest peace loved many fan movie movie crocodile hunter tv program bad acting bad script bad directing steve capturing teaching u animal entertaining animal seeker specialist million miss whole movie idea big mistake plot broken almost non existent casting horrible acting even worth elementary school level actor direction must faulted well get half way decent performance actor matter bad script must good first place could written better script wish never see movie course watched son friend insisted upon seeing instead scooby doo live action son discriminating liked movie alright still never asked see want fond memory steve irwin buy series dvd avoid movie like plague steve know want remembered movie respect avoid movie,0
movie time classic music camera shot acting excellent showing movie black white gave much better appearance complemented music perfectly like psycho surprising people commented movie guess hard movie find gave film see movie know talking,1
real shame nearly one know top writing michael donoghugh magazine article snl skit genius time true shame anyone may take opportunity research work doubt take easy way watch video thus leading mr mike mondo video br br movie clever element never fully connect funny bone viewer experience thing cat diving swimming man think found feline happiness hurling kitten pool camera follows slow motion montage sequence taken island past fad retired hula hop pet rock rainbow dread wig etc enter music world punk new variety music time film rate bar performer rootboy slim performs boogie till puke lazy style dirt eclectic sleaze real beauty back ground music many different style many different instrument sound telstar play replay understand telstar first american satellite launched space theme created celebrate man genius triumph mr mike seems meant signal societal decay ridiculous waste one thing theater offered video release live performance sid vicious ex sex pistol wrestler singing way version different sinatra one might imagine frankly feel much worth listen good sad part vhs release paul anka refuse right song viewer forced experience minute silence explanation rolling across image singing dead sex pistol br br would give theater release video closer much passé see many people would give want see good donoghugh script watch scrooged better tribute man insight talent,0
dumb comedy really good job wasting comedic talent particular dan aykroyd howard hesseman misused badly might chuckled twice film general boring movie little bit stupidity thrown good measure premise although routine still bad plot set film went nowhere waste time misfire,0
stan laurel became smaller half time greatest comedy team laboured contract broncho billy anderson series cheapies many parody major hollywood feature laurel parody film mildly funny even less funny modern audience seen original movie laurel parodying fortunately mud sand lampoon movie still well known blood sand starring rudolph valentino blood sand released nine week parody giving idea quickly broncho billy movie ground edited distributed br br various source including imdb state stan laurel character film named rhubarb vaselino final screened print mud sand original title hobo type font report laurel role actually cried rhubarb vaseline e agree vaselino funnier laurel copy elaborate sideburn valentino wore blood sand made longer parody valentino dressing scene movie made female movie goer swoon señorita named carmen original film parodied caramel girl like sink teeth br br movie like original apparently take place spain yet prohibition gag laurel us distinctive hat tipping gesture could become trademark like hardy distinctive necktie twiddle never spotted laurel film amusing dialogue rhubarb vaseline tell matador save bull vaseline becomes successful toreador lackey tell bull without sir funny disappointed laurel reply without br br one funny moment almost certainly planned vaseline show bullfighter audition laurel swagger bullring say corrida querida toss bull fence land thump near auditioners bull obviously fake gag funny anyway aye title card joke throwing bull serendipitous moment occurs laurel repeat gag vaseline sling second bull fence one land butt balance upright instant toppling funny somebody planned gag quickie comedy salute unknown gagsmith tech man rigged bull land position likely happened luck director editor smart enough keep br br silent era whenever hollywood made big budget feature film set anyplace people speak english common cinematic device show piece text inscription local lingo dissolve shot text english surprised low budget comedy spent money copy device see notice board outside corrida message spanish dissolve text english unfortunately photography cheapo movie dark effect wasted br br actress movie attractive including broncho billy wife leona anderson stan laurel common law wife mae dahlberg latter briefly pretty dance mae danced stan vaudeville act surprised spot charlie chaplin half brother wheeler dryden brief role since chaplin nothing movie mud sand laurel give funny performance quite unlike later familiar stanley character film much less funny brilliant work oliver hardy rating trivia note twenty three year later stan laurel last american film bullfighter played spanish bullfighter spanish voice post dubbed coincidentally film used stock footage blood sand valentino movie tyrone power remake mud sand funnier bullfighter much,0
screenwriter director intended open heart movie musician wanted music succeeded commonplace human situation became original personal immediate personally felt touched situation believe would credit power music combined point view person writing movie without spoiling say moved movie approach living actually cried joy empathy deep emotion long time would love find way show others saw seattle international film festival,1
though cher cage focal point story gardenia dukakis good counterpart loretta ronny year still love whole cast nice job aiello john mahoney show real slice life though saw long ago glad finally catapulted cage place recognized hollywood talent music scene opera kitchen table argument entertaining movie,1
watched film time never really liked fan termed nu horror dismissed account found little sleazy think thing irks hammer sexploitation aspect sex mind sexploitation surprised many people rated film highly another look creepy atmosphere bit omigod look bad stupid london prostitute woman little innocent anna get raped yet another nasty man ooherh suppose ultimately film depth whatsoever bunch nasty priggish men woman titillation value doubt degree victorian england like set even clunky dull impart sense victorian menace roger corman horror hand style atmosphere elegant horror exploitative flat footed trash,0
well eyeboy must say pleases end someone single try make fun especially someone seems intelligent favorite part post big bang bang good guy bad guy kimosabe suggest stick movie lotsa bang bang br br well said like action movie especially well done also like movie whole lot action long well done sorry secret lie fit category simply bad movie really see many non american film maybe spoiled realize bad foreign film really saw secret lie perhaps judge foreign movie different standard could day see secret lie could possibly one highest rated movie imdb hmm true scary br br jeremy barger bit midohio net new e mail,0
movie dismal attempt recreating crucial time english history film version cromwell growing involvement war marginally accurate overall historical accuracy movie way film implies war started religious difference civil war way catholic versus protestant side protestant cromwell never present battle edgehill ever save day royalist win battle ended draw br br another reviewer noted cromwell certainly one five member removed house arrested br br overall movie decent producer tried way hard turn great br br definitely could better,0
two year iranian embassy siege involved dramatic sa rescue balcony war argentina falkland island currently taking place better film make gung ho sa film creates iranian hostage siege whilst using britain number one action hero day lewis collins throw edward woodward well known actor got winner hand well maybe film make situation serious enough whilst acting quite second rate like movie long episode professional without formula film go nowhere fast quite predictable maybe cubby brocoli watched film decided ditch lewis collins touted james bond replacement roger moore watch fan lewis collins sa stuff general save time,0
mother forced watch movie apparently watch anything vampire counsel bored throughout br br different point underworld rise lycans reminiscent spartacus battle planet ape passion christ mandingo reminds italian sword sandal picture nineteen sixty good one spend inordinate amount time showing greek roman despot robe talking plotting incessantly wait impatiently muscle man hero lover usually despot daughter something br br film desperate need color suspense character pretty two dimensional br br set looked constructed entirely pewter wonder many civil war chess set melted make movie br br wearing fishnet stocking arm black lipstick feel free click,0
reminds born believer going minister never actually thought would minister even graduate high school almost positive would raptured heaven would ever happen discovered christianity bunch rubbish atheist prof saved always saved doctorine christian tell u real elf true leave many year devout born believer yes really saved prayed silly sinner prayer heart br br christian read bible would discover god think like rape genocide abortion many atrocity alright according might surprised learn word rapture mentioned,0
calling sciples grab friend hit theater see hell movie opening sequence credit laughing self breathless br br movie wild ride history bull crap list thing done chronicling rise power huge fan rage kage kyle gas jables jack black naturally loved movie br br help know show first cd funny hilarious vulgar lyric rocking rhythm massive amount pot smoking cameo outright insanity story line movie sciples newbie alike br br many song referenced two king tribute kielbasa many audio track like cock push ups every fan audience saying remember well new comer saying f ing hilarious highly recommend movie body ever rocked movie certainly high competition next spinal tap one best ever,1
really really love show always liked show space ghost show hilarious believe cartoon network adult swim would take funny show like air hope put show dvd something show brak space ghost cartoon sgcc cartoon planet life every day life mom dad best friend like drop lot zorak favorite episode one zorak get really good singing voice voice give money zorak made singing another episode like one brak zorak finish homework go back sunday friday goof go back day homework invented go back present homework exist another episode like one brak dad next door neighbor thundercleese robot keep getting agrument get eaten giant worm another episode liked one zorak make bully stand new guy took stand also like lot episode one thing never fails make laugh zorak getting beaten blasted zapped,1
hugh ed harris hotshot bachelor senator determined run president one day however happens upon old high school classmate named aggie aggie diane keaton accomplished award winning author lovely face independent spirit hugh smitten convinces aggie become fiancé aggie sacrifice principle honesty world politics thing always seem able withstand rigor harsh medium blitz mostly nice romance adore tale affection hugh aggie absolutely love banter conversation good view however although movie try show political life reality completely succeed nevermind production value high script elegantly written advantage handsome personage keaton harris sit film find good entertainment,1
know extraordinary film never made available officially dvd anthony quinn performance alone make must see relatively film actor identifies profoundly character phenomenon always unique u moviegoer br br quinn powerful portrayal innocent romanian literally dragged house everyday life force cannot comprehend part make film great script based book published paris romanian priest fled communist take country film succeeds go deep little known area east european history told succession kafka esquire twist fate misadventure johann moritz told openly honestly without political correctness currently precious hollywood fact eulogy lost innocence romanian people devilishly ironic eulogy signed french director working american money italian producer overseeing multinational cast fronted extraordinary mexican born thespian br br seen mention vcds film various asian internet store fortunate take possession digital recording film broadcast british version tcm shame th hour anywhere future dvd release map mgm studio,1
movie man like blow gas container br br also love mommy keep money coming take act broadway br br see cody power jarrett blow biggest gas container yet tonight pm br br however one day mommy dy jarrett go berserk kidnaps audience theatre make stand top huge gas cylinder br br losing control make scream made top cylinder unison br br noise deafening burst jarrets eardrum causing topple cylinder vat acid br br warner bros movie cracked,0
routine mission iraq group delta soldier recover computer hard drive alqueda training camp detailing location weapon specialist dr walsh witnessing termination top secret weapon development program dr walsh find alternative funding source set new research facility deep notorious belzan forest chechnya developing weapon selling chechnyan rebel team delta sent black ops mission retrieve doctor technology russian find lab delta team soon discover doctor latest weapon flock large carnivorous bat genetically altered develop taste human flesh found movie much better expecting lot action lot blood less would expect creature feature acting great passable certainly seen worse overall enjoyable movie good popcorn movie,1
watched film twice think quite good limited equipment used create film filmed dr heyerdahl explains theory migration south american pre colubian indian polynesia island way raft fell large balsa tree documentary follows dr heyerdahl crew select balsa tree equidor float river pacific assembly peru launch day sea adventure testing strength primitive raft surviving mean available native era see real adventure,1
low budget mostly name actor campy horror flick supposed type movie kept edge seat kid staying late watch cable liked horror scene movie,1
mixing small town sheriff high school student fake rock music weirdo kill well reason particular film essentially make giant gila monster except without gila monster course br br anyone actually seen giant gila monster know one worst made film time frequently slow even funny believe giant gila monster earned reputation young director dying get work sequel let alone remake someone please explain film made dance sequence way historically interesting although three year date even spoiled since go,0
jim carrey one funniest gifted comedian film today hyperactive spontaneity rubber face go crazy love ability make mediocre comedy ala ace ventura turn decent comedic outing case liar liar make hilarious contemporary comedy around carrey also proven capable tackling drama excellent man moon truman show guy remarkable br br come bruce almighty ideal vehicle carrey premise worked carrey complaining god life stink enabled god power however script pure recycled garbage matter bad script carrey improvisation alone sometimes make unfunny scene funny problem opportunity carrey unleashed much comedy relies silly special effect amusing carrey rarely able improvise work around special effect writer apparently thought special effect superpower sequence funny rest movie simply filler giving carrey nothing else work besides whiny character absolutely humorless seems like year yearning attention wanting viewer find funny really annoying br br always enjoyed jennifer aniston friend superb last year good girl gift comedy script linear simply given part bitter girlfriend come across nagging grumpy chemistry two star br br bruce almighty comedy work even gut tackle subject matter making fun religion minor giggle internet yehweh instead turned comedic superpower comedy mention tone shift silly heavy handed even black comedy time movie fails nearly every level see entirely devoid laugh close movie feel need incorporate scene dog peeing get laugh problem hey find pee joke funny go br br,0
like three stooge undoubtedly like minute short certainly amusing moment like stooge work revolves around particular style slapstick comedy confess somehow stooge never really slapstick always seemed angry rather funny even though obviously fake antic always seemed likely cause hurt rather cause laughter short slapstick revolves around attempt find shemp professor music wife inherited half million dollar condition marry within hour read one student interested word inheritance get suddenly long line potential bride pretty good cat fight emerges fan stooge enjoy element drive nut,0
unlikely love triangle set th century italy beauty beast turned upside inside giorgio army officer image male beauty transferred away form married lover clara sent small garrison somewhere piemont initially much horror  fosca grotesquely ugly cousin commander develops obsessive love suffers passionate demanding display affection pity concern health gravely ill becomes fascinated  dramatic finale br br miss unusual love story twisted may sound valeria obici deservedly price portrayal fosca alarming touching buy video read book go see musical,1
highly reccommend movie blur line childhood fantasy everyday reality seamless fashion seen believed actor director perfect timing one scene name calling fight becomes sort dance loved story line actor everything think one two decidedly cheesy scene movie impeccably done,1
sure version film saw entertaining br br know twin gillian chung charlene choi seeing movie think english translation title somewhat misleading br br martial art nicely done especially liked lot judo grappling filmed nicely donnie yen see hero great performance director great know shoot scene br br everything seemed flow except one scene girl rooftop fighting bamboo pole really nothing plot still entertaining br br overall one better modern hk action flick seen although cheesy respect still pull br br definitely,1
ostensibly story young child jimmy stewart doris day kid get kidnapped keep parent quiet know something plot assassinate ambassador unnamed country performance albert hall london br br movie rich hitchcockian incident friendly opaque frenchman seems grill innocent stewart doctor indiana little intensely merely idly curious later frenchman show arab disguise knife back whisper information murder plot stewart stewart tell wife doris day looking saucy indeed refuse cooperate police risk son life br br instead couple try track assassin buy get son back taking morocco hitchcock given u usual tourist eye view custom location food london hilarious wild goose chase involving set stewart staff taxidermy shop staff concerned guarding half stuffed specimen anything else shuffle around protectively holding carcass leopard swordfish course scuffle stewart manages save throat cut swordfish bill bitten hand stuffed tiger action boosted along bernard hermann bumptious score scene end stewart rushing door hitchcock end shot lion head gaping slammed door also running gag well done visitor waiting around couple hotel room london waiting thing explained br br two serious issue lightly touched one relationship stewart day rosy ought considered bourgeois ideal stage musical star year internationally known given marry ordinary guy happens doc understandable say nurse flight attendant almost woman international star promising career right delved edginess noticeable original version reminds little exchange joe dimaggio wife marilyn monroe returned entertaining troop korea oh joe gushed ever see ten thousand people stand cheer seventy thousand muttered joe former hero new york yankee br br second problem one allegiance greater social value one young son unknown ambassador put loved one risk sake national stability day faced dilemma starkest form climax albert hall solution opts allegiance political stability although motif problematic scream save ambassador life release anxiety overwhelming cf alec guiness falling detonator end bridge river kwai photography extremely good setting menacing even quiet street residential neighborhood london mid day stewart alone determined frightened footstep echoing gulliver street someone somewhere followed life danger hell everybody life street hitchcock pay close attention location detail make garden wall bonding brick beside br br director rare disagreement francois truffaut interviewed truffaut otherwise laudatory book truffaut argued earlier version man knew much lacked depth later version hitchcock replied seems want make film art house audience finally agreed version work talented amateur version work professional argument br br hitchcock pretty much near zenith,1
plenty comment already posted saying exactly felt film ill keep short br br grinch thought marvellous jim carrey truly talented physical comedian well versatile clever actor opinion mike myers hand get laugh annoying used like much wayne world married axe murderer day ive never fond austin power cat hat finished br br film horrible gag horrible inappropriate child adult content fact dated havent amused anyone year plot messy messy messy shame really child likeable mom probably could picked better villain alec baldwin could pulled myers ugly revolting acted portrayal cat br br mean myers even glance script one written actor seemed one cat seemed winging br br hand would like mention set prop marvellous unfortunately cant save film br br poor dr seuss man genius dont ruin reputation adapting work lazy messy way br br,0
johny make one best style exercise making strong film good yakuza story election new yakuza bos beginning war inside organization br br opinion violence wise used context making strong gang film specially love way tell history moving around role inside yakuza family making see violence like way solve problem br br talking technical aspect film good example paused rythmic planified way shooting film one hong kong film year like infernal affair without easy action violence scene confused storyline strongly recommended asian film lover br br sorry english better spanish lol,1
quentin tarantino partner crime roger avary co writer pulp fiction venture q go exec prod time boiled french thriller br br eric stoltz zed safe cracker extraordinaire drifted france u request old friend team motley crew drugged hippy little planning think knock bank vault full gold bullion french national holiday br br avary reworked robbery gone wrong theme tarantino developed well reservoir dog killing zoe good enough survive strength alone avary thrown rather beautiful distraction julie delpy zoe student come call girl entertains zed arrival paris stunning distraction certainly nothing br br guess director wanted add different angle basic theme sadly move help add depth shallow plot desperately needed never story idea nothing idea even surreal journey seedy dive paris uninspiring figure one would concede never much movie story bunch gangster shooting botched jewellery heist either add intricate character snappy dialogue reservoir dog killing zoe br br stoltz strong interpretation doubtful zed jean hughes anglade mad portrayal obsessive ring leader nothing lift proceeding short avary unsuccessfully attempted conjure entertainment nothing br br friday september astor theatre,0
fantastic movie two people one young teenage girl middle aged man looking someone help fulfill certain emptiness left former loved one br br actor give brilliant performance various audience relate script although written gorman bechard seems though written woman point view time men relate male character well developed described movie br br end movie unusual powerful unexpected twist leaf speechless would recommend film anyone ever felt lonely abandoned loved one clear film alone,1
diego armando maradona still remains best football player game offered athlete artist documetary world cup forever live memory every football fan around world tremendous unbelievable goal scored country england absolutely point diminishing star although dont undersand spanish appreciate argentine narrator actually cry happiness barely express emotion anything wrote senseless difficult comprehend reader watch know mean,1
light new york first taking feature film coming brisk minute directed bryan foy famous vaudeville family br br story two dopey barber cullen landis eugene palette yearning chance big city life getting involved gangster bootleg booze one guy get framed murder cop saved last minute gun moll gladys brockwell br br much story take place night club called night hawk run crook named hawk wheeler oakman eye pretty chorine helene costello girl friend landis costello get brief dance hear harry downing made resemble ted lewis sing dawning best al jolson style br br acting range good palette brockwell awful oakman couple actor muff line keep right scene noted elsewhere intended short reeler made shoestring budget yet sound quality surprisingly good voice register clearly neat cinematic touch silhouette death br br film box office smash even though shown silent film theater wired new sound technology one expected little film gross amazing million briefly made star costello landis certainly launched palette long career star character actor br br co star include mary carr mother robert elliott detective eddie kane street cop tom dugan thug,1
bled apt title watch feel life bled cliché horror people exactly going basement going attic trouble ensues take heed watch film show brain victim horror movie never stay clear enter need anymore incentive film bad worst uwe boll film mean house dead bad often thought entering review film b watching based comment herein discovered guess everyone entiled opinion please trust mine,0
went see random heart friend first thought maybe enjoying movie like good get movie sort award well none friend liked either unbelievable slow much like getting teeth pulled action movie preview walk theatre assumed something would happen smart people walk never walked movie life definitely tough write considering relatively easy please come movie take lot think movie awesome much like movie even come close like category movie hour long like two separate trite story one smoothly sewn together plus soundtrack could even call annoying like seinfeld riff played difference like seinfeld movie jazz riff kept playing sounded highly inappropriate time especially people dealing death plane crash hard explain mean trust awful cannot say enough make people waste money left theatre honestly wanted write movie company demand back sheeesh could gone bowling something money,0
´s well balanced mini series historical fact good plot four delivery follow north american family member see also follow story several character black reverend extremist student leader soldier vietnam filmography extraordinary first chapter see shot vietnam war scene next chapter start last one finished start time giving u little mystery happened general ´s mini series must see hippy fanatic everyone little curiosity topic,1
first one law enforcement experience er emt real law enforcement take show seriously walker would drummed police force u illegal totally unprofessional tactic top comic book character acting ability incredibly trite line character development fact alex cahill love show dumb blonde really trivett ultimate clown black face come think walker heartfelt show without bias explain jt treated dolt always subject walker joke never allowed one solve crime never rescue walker dead time stupid thing may true many criminal even dumber detective go believe cop dumber dirt smart one walker come never seem get point walker captured jerk need put misery norris produced show well starred could willingly get rid even show stupid tactic six guy going wait around take one time terrible series demeaning hokey western like lone ranger roy rogers cisco kid wild bill hickock though would imagine far young remember show like show way show walker tr insulting plain silly,0
good year film maybe even great one missing gong went long way convincing fan ol oscar little hood ornament good party member br br nomination single title academy disdain one greatest director one wait another year whatever prejudice prevented handing statue allowed give schindler list arguably good half polish br br get wrong schindler classic knocking africa year either mind class behind one epic story suffering hope brought tear big cryer br br maybe music superb cinematography sumptuous likely simply acting whoopi proved u much comedienne danny glover never heard course oprah br br rest history time knew,1
sure point making film looked made historical society shown local pistol pete museum first appears could beginning mad tv snl sketch joke punchline realize someone taking seriously story bad inclusion sas member seemed ploy worked get see film swear trailer listed every character film dead cowboy reason western fun atmosphere character brings feeling watching civil war rean actor dressed cowboy even worth digital video recorded,0
salena incident set arizona six death row inmate transfered state prison reason never explained driving along heavily armed prison bus get flat driver forced pull road two blonde bird turn seducing incompetent prison guard manage get better six prisoner released shoot getaway car damaged leaving stranded middle arizona desert decide head nearest town salena several mile away take cop hostage reach salena find odd place completely deserted one single person sight soon discover entire town killed flesh eating alien firmly placed menu br br also known alien invasion arizona u dvd apparently working title terror town rubbishy low budget sci fi horror flick co written co produced directed dustin rikert real redeeming feature frank salena incident sort film give film bad name film could roughly divided two part opening forty fifty odd minute focus prisoner thriller feeling opening guard escape although pretty poorly written staged stuff dialogue two blonde bird prison guard bad unintentionally funny two fit bird chat two fit prison guard funny stuff actually unfortunately salena incident supposed sci fi horror film comedy escaped con prison guard hostage arrive salena go sci fi horror mode alien turn start killing clichéd character good annoying look whole film suck badly written thought made really bothered go trust salena incident awful every level br br well bad boring stupid film salena incident also poorly made action set piece scene awful alien look terrible never shown screen time human character sometimes difficult tell happening special effect poor alien look rubbish cgi computer effect absolutely terrible well editing poor cinematography poor set cheap whole thing eyesore really bit gore gunshot wound someone ripped half severed hand seen br br obviously shot low budget salena incident low production value look cheap start finish filmed superior arizona acting terrible one ever heard although actress play female doctor pretty good looking br br salena incident rubbish sci fi horror film terrible every way worth minute mine anyone else time,0
hey expect form low budget movie although seen dahmer say following medium put jeff pretty accurate depiction studied jeffrey dahmer case learned man low budget movie show mentality serial killer get past gore see underlying story sick mind loved movie brace low budget blood story seen eye killer action thought childhood arrest favorite line bothered look back seat might saved lot life enjoy,1
thought movie pretty good part corny understandable since made year ago thought best performance movie given michele morgan played millie convincingly jack haley also really good mike brien even though big frank sinatra fan think good movie craving silly top musical comedy higher higher movie br br,1
lady gentleman show begin documentary film structured three chapter one chronologically arranged first present classical physic link einstein second study depth quantum physic enters string theory last reveals everything theory difficult concept used introduced simple way daily object although must believe without checking scientist even scientist film masterpiece fabulous technique way produced really import story story,1
movie true reflection australian resourcefulness required make country last year pompous like british gung ho like american either country attempted crew would failed dismally either due ignorance british part much faith superior firepower american side true australian e non import one excel modern military conflict improvise adult life look example like gallipoli paschendale tobruk new guinea vietnam,1
steven seagal appears sleepwalking dreadful movie shot almost entirely close disguise complete lack budget resource pick technical flaw silver f f take carrier air strike miraculously become camouflaged f actual strike would give movie credibility deserves suffice say interesting thing movie credit title fade disappear lightning wipe presumably available user final cut pro putting creativity credit put michael keusch category marcel mandu,0
newlywed couple move home husband dead former wife long new wife begin feeling someone want house see skull around house husband investigates find anything someone trying drive back asylum recently discharged ghost dead wife trying get new wife house br br first time watched screaming skull without assistance mstk crew likelihood last time watch way say dull talking ordinary dull talking watching grass grow dull great stretch movie nothing happens screen could gone blank would gotten much entertainment character drone monotonous conversation imaginable screaming skull could probably marketed sleep aide br br actor help matter much deliver line conviction normally reserved grade school play looked would shocked find anyone associated movie ever appeared anything cinematic value even go script actor given work let say character given idiotic line ever uttered film br br warned either avoid one cost least seek mstk version,0
major german tv station broadcast mess like amazing main actor avoid every acting talent even well known gottfried john acting poor especially double murder scene amateurish screen plan extended perhaps fill part movie careful fall asleep watching set obviously often blue screen f g scene ship unreal sea background german version sound dubbing poor probably reason different language actor international production handle much professional advice watch diabolic waste time,0
another good stooge short christine mcintyre lovely evil time one great actress stooge good especially shemp larry good one watch around autumn time,1
like school video project propaganda film put whole class well teacher sleep br br utterly boring long silent yes silent string unrelated video clip br br instead movie watch paint dry grass grow interesting unless enjoy seeing arab malicious everyone around br br sulieman director embarrassed lame waste film br br deserves one movie quality zero ridiculous propaganda message negative number script lack thereof,0
temp much theatrical business direct video rip want anyway ellen bradford mel harris new woman millennium investment high scale brokerage firm start getting helpful hint wide eyed secretary deidre sheila kelley deidre turn ambitious daddy girl stop nothing move corporate ladder including screwing top broker stand murdering anyone get bad side dig skeleton ellen closet try cause problem husband barry bostwick kill making look like responsible kidnaps daughter try get embezzle money company br br harris kelley deliver competent performance supporting cast alright reasonably well put together fully compensate script travel well worn path offer surprise,0
exquisite film search bliss everyday life pacing camera work emotion haunting musical score pure charm picture make must see easily appreciated immature emotionally stunted flaw see film captured technically perfect film format deserved todd ao technicolor finest sound format available intimate film made seventy millimeter gorgeous italian villa effect inhabitant would rendered even lushly small lovely moment would even beautifully seen heard still demand attention sweet moving small film stop watching every time come satelite transformation character contained tight mistrustful always joy watch really recommend often br br casting perfect mood perfect acting reproach film middle age choice people make deep thoughtful without beating viewer heavy handedness watch one sitting let effect get perhaps lived enough something else wrong,1
nominated oscar worst script ever opinion decent story rediculous acting lousy humor every mean possible little self respect please waste time seeing movie although u see actor act leaf dumber watching precious braincells killed watching crap br br warned u br br see movie,0
greedy sum depth movie rest baloney big budget window dressing movie rotates hiding ball annoyingly revealing much none potentially interesting plot tangent developed yet trite one hashed rehashed excess br br charm dd others pointed schizophrenia device humor woven fabric movie importantly acting enough wooden acting box attract giant mound martian termite br br biggest problem suspending disbelief mess glaring question would technologically superior power capable taking government need testing awful failure movie,0
people stated th season south park started trend leaving behind politically biting satire shallow spoof could truth br br episode spoof living dead series satire people treat homeless character say thing like pretending like u want human episode attack culture people ignore lower class often luck br br yes still satire also wonderful spoof could want,1
unrelenting non stop top explosive melodrama movie one worst action flick ever produced utterly unbelievable every way pace constantly fever pitched action actor gripped total hysteria nigh unwatchable stain nay blotch career everyone involved br br wildly exaggerated attempt excitement undermines resulting movie go come time setting event impossible take even remotely seriously rate abomination br br want see good asteroid movie see deep impact intense sensitive thoroughly engrossing everything armageddon,0
watching movie think last year must say never felt bad felt watching extra large bore movie bad bad song song nobody watch movie director shown german speaking english rubbish german speak english one scene white girl asked himesh autograph obv must gave money promo shown prepare laughing riot could say one scene himesh laughing reason may think funny hansika good like angel young yr old plenty time know watch movie else waste money,0
film opened back legend met massive jeering disdain widely considered failure vividly remember ebert giving one star supposedly booed cannes br br apparently people understand movie hard comprehend since esoteric dark layered way still astound reading many review find even viewing year many element film previously glossed even without understanding much psychological underpinnings story still cracking suspenser even take escalating paranoia persecution overtakes polanski title character like tsunami wave course two hour running time br br examining source material excellent novella underrated novelist roland topor uncovers intriguing layer polanski trekovsky milquetoast highest order though seems first yet another mild everyday soul one gradually realizes one people seems aimlessly drift life letting direct seems strong feeling like dislike find gently pushed way never seems get bent shape regardless vague sort wishy washy ness noticeable novel movie hint early film br br making play apartment woman one mademouiselle choule hospital recovering recent suicide attempt appears daring thing attempted even effectively haggling price deposit bargain soon find however paying good thing way care find center maelstrom created building full neurotic control freak hypersensitive even slightest sign human life footstep night knock door br br instead taking stand though trelkovsky becomes increasingly alienated situation overtaken paranoia sense persecution becomes obsessed choule imagining like dressing like etc personality rapidly begin wiped away insanity br br anyone ever doubted polanski fearlessness artist well advised see film trademark black humor prominently sometimes embarrassingly display god bless make butt tour de force performance one richest riskiest gothic horror movie ever made people seen true crime,1
course plot script especially casting strong film many fine thing see one aspect liked especially idea antagonist luzhini turturro ex mentor working evil sideline chess opponent italian dandy three piece cane turn real gent truly fine chess player credit opponent nobly go along plan end complete final game championship posthumously luzhin taken flyer window sad releasing way unstable genius widow emily watson death gallantry honorable chess master luzhin defence worked late moment lucidity allowed played italian gent commends play call brilliant talk dramatic end game,1
frank probably best version book sound movie version jazz singer version really silent movie despite build first talkie br br danny thomas great comedian sings well jewish stuff feeling peggy lee great film always entertaining allan joslyn entertaining could done without one question since cantor live luxurious house,1
jack sawyer sayid swim boat find completely wasted desmond traumatic past experience sailing island disclosed flashback sayid plot plan jack surprise others case michael double crossing group john locke convinces desmond invade hatch protected mr eko press button computer see happen br br episode one best second season unfortunately lover lost see lack respect producer stunning series fan usa air date episode may therefore along period fan wait third season suspenseful situation jack group surrounded others finding truth michael death ana lucia libby john locked inside hatch without intention pushing button mr eko despair outside hatch hope fate lost better angel disappointing conclusion lack conclusion five season vote ten br br title brazil available,1
thing never understand underwear come pack three clearly thats enough example similarly never understand film brilliant approach film expecting actual movie might well approaching satan expecting hug although may well possible greet film satanic figure take pitch instance ineffectual camp unhellish portrayal devil since freddy mercury wayne sleep joined force create ten foot satan costume red body paint horn covered condom however create hilarious moment film ever seriously understatement applied every character bar little girl act sickly innocent probably overcompensating serious crime part santa inter space recon station real chance could avoided long put simply seen movie cannot consider serious buff achingly funny characterisation acting concept almost radar racism make must see film date pure laughter,1
guy doll unique play based character sky masterson br br marlon brando high class gambler take bet nathan detroit frank sinatra one thousand dollar nathan need money br br run usual crap game make fortune bet sky able take girl havana cuba doll chose sarah br br brown jean simmons charge missionary sky finally bribe br br sarah enough go havana end falling love later accuses something part nathan ran crap game missionary night gone nathan year fiancé adelaide vivian blaine disapproves nathan gambling try stop however movie end end happy double br br wedding br br song movie wonderful matter sings marlon br br brando singing voice true could dubbed really matter wonderful acting job obviously seeing brando played character well seen movie jean simmons thought movie weakest one also br br sing however singing made frank sinatra vivien blaine stubby kaye vivien blaine stubby kaye also original br br broadway production guy doll vivien blaine terrific voice perfect adelaide like musical even advise watch,1
yes quite nostalgic watching st episode one episode definitely remembered enjoy watching first season yes compared action packed show show seems lame frankly like less violent part show story line substance new one thought interesting belisario airwolf jag similar theme lead actor hawke harm looking mia relative brother father wonder robert belisario personal life mimic show theme br br question anyone picture hawke cabin love cabin kinda like dream cabin mine one scene remember airwolf,1
insomniac nightmare story man plunge insanity chronic insomnia jack plagued hallucination causing try determine real br br find interesting thing jack near end think time movie happily ever hollywood ending wrong new york city place nobody sleep br br tess nanavati writer director good film insomniac nightmare talented filmmaker writer made film right high school graduation real potential one watch upcoming future br br watched short film constantly uncomfortable music bleak scenery realistic portrayal insomniac dominic monaghan jack desperately wanted turn time escape,1
baby big brother assuming hungry bottle nourishment diaper change screaming non stop many hour without care definitely stupid take baby safe place need br br road miraculously clear whenever anyone wanted drive somewhere uprooted tree fall road block br br imagine cop roadblock immediately following young person would crash especially said dangerous go br br said nice movie child could safely watch change,0
probably one film many commented undiscovered probably one masterpiece spanish cinema like buñuel master piece day could better visitation others film long time ago could midnight cowboy could also le amants du pont neuf realistic non spot look realistic trainspotting hard story place humour love obviously dramatic sense new social spanish cinema little diamond could resurrection italian neo realism mixed whit best ken loach film br br probably better film discover last year,1
bottom barrel stinker bad beyond funny plot american mercenary played reb brown film called military adviser really clear american military helping army latin american country fight guerrilla wind joining guerrilla government turn imprisons torture shannon tweed sport equipment saleswoman pick bar get caught intrigue description actually make movie sound better really stinker almost biblical proportion bad well shannon tweed turn movie professional acting job indication th rate piece junk turkey nothing mismatched sound effect music score sound like z grade horror flick may well footage e armored personnel carrier going jungle trail reused constantly ineptly staged action scene recent memory laugh minute sludgefest seen disbelieved tweed look bored brown look hung time thing finished last long know feel br br although lot explosion gunfight considered action picture stretch imagination boring scene back truck everybody stare three four minute repetitive rebel soldier killed illogical group rebel caught open field government helicopter gunship instead breaking cover stand staring inept soldier rebel falling dead gunshot heard gun battle inside house combatant standing wall machine gunned miraculously wall escape undamaged predictable governor say offer reward brown capture someone might turn know exactly someone turn exactly thought downright stupid pretty much everything else picture inept brainless stupid beyond belief waste time,0
oh lord thinking one frantically unfunny worse good original trashed bargain jane fonda believe actually turned performance life one even better play whore called performance life maybe flat good crook time wow waste time segal team beautifully even remotely got glimpse anything funny baby catch anvil upon got beaten pulp br br little one remains one horror nothing baby remotely funny except maybe couple moment dick jane bulging lipped leper cant kiss uhh oh lord well look like br br truly bad film,0
saw picture would like secure dvd film greatest adventure time like epic still entertainment marvel b w get sense real bonded friendship chemistry actor performance sam jaffe eduardo cianelli outstanding could done today particularly liked ending colonel recites end kipling poem body gunga din tell untouchable better man gunga din make movie character today cast member still alive today joan fontaine,1
american come expect crapiness par course come horror unknown director directing unknown actor acting unknown writer truly expect suck suck becomes night success br br night success weekend month success blow start finish recommendation go knowing suck enjoy something better keep back way back burner entertaining way watching elderly cross busy street rush hour expect much almost never get hit actual car lot hoopla,0
think great many viewer missed entirely fact obviously parody western film br br bad movie clever tongue cheek take western believe film taking seriously moment br br make film even unique fact centered around strong beautiful woman two black one asian mexican hispanic character br br usual western woman tough draw fast shoot straight br br tough even bartender shaking pours whiskey br br plot move story along typical western vein shot brother gonna get western woman sister shot vengeance gang br br go round old crony bank robbing day br br one maria really interested avenging rachel sister motived fact gold jewelry hidden town headed br br couple scene quite make sense interfere much ignored wondered film could use little tightening well made film failed find audience recognized br br disappointment lesbian film villain heroine one obviously straight others sexual orientation never disclosed br br star,1
hmmm yeah episode extremely underrated br br even though lot bad writing acting part think good win bad br br love origami part big twist end absolutely love scene michelle confronts tony actually one favorite scene season br br reason people always hated reincarnation episode yet always liked best term writing theme really interest br br gonna give three star writing little consistent give four,1
loved really gruesome disgusting thought tearing human flesh thoroughly provacative way depicting human crucifix jesus christ really interesting tearing limb jaw awesome brutally gruesome watch weak heart able stand,1
initially put renting movie due jacket art dvd fact held true friend mine rent due art mental image conjured movie held little interest friend rented watched truly amazed br br agree another user comment movie everyone due blatant sexual inference definitely something want young child watch doubt seriously would understand anyway br br enjoy movie like whereby character personality genuinely defined nonsense direct way teaser indicate turn bad acting done acting ricci jackson performed well drawn movie even realizing acting thing story may seem far fetched somewhat done well reminded another movie mel gibson tim character limitation whether mental circumstantial well defined br br found much depth movie character involved feel everyone involved cameraman actor commended perfect fit result viewing movie talked couple friend negative approach watching like hearing comment rented watched quite surprised good bad art jacket done way since turn see art applies heard movie art first impression art sell destroys dvd sale rental br br character depth good timing allotted give audience like time absorb feel felt could trust movie flow well jacket art aside would recommend watching movie,1
movie got one worst ever seen make dvd story line might clicked film funding writer would cut nonsense sickly scene highly caution parent story line like loose cannon thing drive thru movie maker one would sprung reminded lot quickie film put poor script writing filming br br sensible character whole movie bartender beaver rest film could easily made middle school child give film rating truly awful left entire family sense cheated advice watch,0
always joan hickson wonderful jane subtle sharp aware wish dwell acting skill praised enough site would like criticize smaller part rest cast seemed hand picked director david tucker br br liz fraser performance mr bent mother missing girl nora joy watch subtle deeply moving alcohol depending grieving mother love miss daughter desperately good long shot monologue thanks tucker enjoyed fullest moved saw first time broadcast moved dvd brava br br joanna hole madge tour guide find highly amusing edge acting role funny organized guide want good everyone bus find hilarious reaction boarded every one bus great always perform comedy one take seriously m hole br br hope two lady good career live holland know theater production googled performance screen deserve br br pieter,1
may sentimentalist found movie truly moving first movie reduced tear recommend anyone gay str religious supporting co star jackie bisset stole show especially one liner nude scene superbly crafted well good taste shocking portrayal orientation reversal deprogramming instituted mormon church lead character shocked still go world nevertheless enjoyed movie tremendously definitely best gay film since torch song trilogy much better gay movie offering year fluffer,1
like film several reason soft spot film intricately plotted criminal plot like topkapi also enjoy film like topkapi big deal madonna street spoof genre one best one disorganized crime br br corbin bernsen met four con year decides useful bank robbery planning small montana town given detail crime fellow really know shortly sends bernsen arrested two new jersey policeman ed neill daniel roebuck escaped warrant bring back custody four con fred gwynne lou diamond philip ruben blade rus show without clue except bernsen planning something br br first twenty minute film deal four con slowly getting used gwynne philip managing push away suspicion figure trust time see bernsen patiently waiting right moment escape neill roebuck difficult brightest bulb ever existed result two set plot keep juxtaposing throughout film four con trying figure bernsen scheme put operation bernsen trying maintain freedom pursuer regain cabin hopefully find gang take command also third smaller plot involving growing annoyance anger local sheriff hoyt axton idiot new jersey keep getting hair br br many delightful moment film axton egged neil roebuck surrounding house town bernsen supposed hiding inside yelling megaphone come surrounded scene switch huge montana plain bernsen struggling stumbling mile police think moment moment misadventure four con fortunately put oldest gwynne leadership position always guarantee anything one point car start thumb ride truck unfortunately truck carrying manure br br conclusion gang successfully carrying robbery including disabling police car critical time philip specialty car also gem timing suspense comic result film entertaining certainly worth watching,1
highly flawed watchable comedy run like farrelly brother reject criminal thing though casting one minute believe jerry connell jake busey role superstuds could pull woman drop hat could believe beautiful shannon elizabeth streetwise tough cop story predictable manage raise titter occasion although gross meant shock comic scene one involving amputated testicle another set sperm bank plain awful film tv probably worth watching extremely bored please waste money renting,0
would reccomend film everyone fan rocker luciano ligabue film buff sincere moving funny true ligabue born storyteller film lover every frame film made love care character loved ask loved italian debut film lousy one done outsider real joy watch listen stefano accorsi gorgeous reminds andrea pazienza like freccia beautiful talented good lost life heroin ligabue show unglamorous ugly without indulging easy moralism film speaks heart ear soul lived experience fm radio exactly like thanks luciano,1
miscast badly directed atrociously written watchable hour two kill suffering insomnia robert carlyle fully realises potential actor supreme mediocrity one expression repertoire chronically constipated football hooligan nursing crippling inferiority complex manages time alter slightly flaring nostril baring row skewed yellow teeth indicate anger tenderness grief surprise horror hilarity compassion etc role best marine engineer uk son university professor convincing neighbour cat tom courtenay equally miscast slurring mistiming every line appears permanently soused eyeball would seem able tell flood puddle urine standing another silly attempt part british imitate hollywood pulp rubbishy dialogue series badly delivered clichés action disjointed plot pointless amputated character call even make basic two dimensional sphere american counterpart,0
friend give huge box laserdiscs flash gordon serial say gonna giant coaster say serial rock whine moan almost everyone knew find laserdisc player em br br really little everything serial lion men hawk men shark men earthman guess call em mongo men set costume combine greek roman oriental egyptian even armour like english knight awesome costume riot horrible tights short em worn zarkov beyond description guy furnace scene seem wearing boxer br br also funny way renamed octopus octosack orangutan orangapoid tiger tigron even dragon godzilla like creature threatens flash couple occasion killed br br like invisible man got covered like sword fight wrestling animal men fist fight plenty taste underwater city sky city city top mountain tonne secret passage cave br br hokey effect massive amount sky city supported radium furnace stoked like old time steamship rocketships powered firework constant backfire humming noise lot wire visible holding thing like food flash invisible course rocketships cloud space none around earth viewed mongo giant lizard show briefly fighting sea creature supposedly threaten flash co way shark men underwater city gadget dr zarkov lab crack seem one matter lab worked ming lab vultan br br yeah romance everyone want dale ming vultan flash least one person wanted princess aura prince baron person would preferred fact seems lot sub plot concern intrigue part princess aura try win flash br br man think character awesome fat horse laughing king vultan hilarious managed wing pure artistry ming say ming perfect emperor starwars ming got favourite character serial princess aura quite little character pulled nicely think better actress dale arden long shot even sneaky high priest distinctive role zarkov good strongest character always stood background fight scene holding dale get flash flash course strong point leader hero well crabbe good actor role fit perfectly br br watching think know george lucas got main idea starwars watch see mean br br ever considered watching old serial serial matter first choice reason give one story hole could fixed easily way giant lizard seemed tacked couple weak character king shark men king lion men,1
bbc production jane eyre starring zelah clarke timothy dalton love always always favorite jane eyre watch version jane eyre without reading book like watching regular movie forget next day watching one almost equal reading book used watch miniseries lot little inspired read book time pay attention close television production book recently watched version jane eyre disappointed hour long many important scene book favorite gypsy scene fell love jane eyre even includes important scene book tell whole story version read book br br cast jane eyre excellent true timothy dalton handsome actor handsome enough play butler scarlet julius caesar great rochester imagine anybody else playing role zelah clarke without doubt jane follows description book thing make film great clothes makeup actor jane look modest naive bronte describes although look actually pay attention br br people say jane eyre long would rather spend whole day watching spend hour watching version say movie dull boring jane passionate enough enough kissing scene hate make jane eyre hollywood movie inappropriate kissing scene include crazy madly love scene show love jane rochester zelah timothy express love perfectly scene needed year old many girl age refer film boring old fashioned feel sorry appreciate purity beauty novel set th century old fashioned look make attractive like book br br think ever version jane ayre popularity love one matter play jane rochester movie real jane rochester least always zelah clarke timothy dalton,1
movie truly show farce hypocrisy indian society try show one side story side story hidden emotional mental abuse indian child movie show br br indian parent culpable following destroying individuality child making completely dependent parent early age child grow adult physical look remain child mind since everything provided great indian parent child automatically feel need work hard something learn basic human communication human being apart parent br br b show many indian parent try prevent kid making friend going prevent anything start making grow adult br br reason selfishness indian parent expect child take care grow old saving reach age cry loud grown old dependent child since done great service bringing world taking care making intellectually weak br br indian parent age dilapidated body health financially completely insecure feel absolutely need take care since expect kid take care br br west opposite happens people start planning age retirement retire financially secure br br indian parent nothing sort since like said brought kid world better investment br br victim indian parent sure countless indian kid like grown physically still struggling life continue pestering year old cry loud help time br br movie show one side story utter piece junk,0
doug mcclure starred british produced genre adventure one got worst lot know land time forgot critic please least movie featured location filming relatively good production value problem movie production value go way beyond bad good affectionate territory become bad think go see channel br br one case point first scene featuring intrepid cushing mcclure encountering monster painfully obvious monster average sized man dressed rubber monster made look twenty foot tall via overblown back projection becomes even painfully obvious hero trying escape monster running spot mentioned one convincing set piece really look like filmed somebody living room spare change left year doctor budget even former doctor peter cushing bland amusing line mesmerise british delivered flat way similar line spoken cushing horror express script devoid characterisation plotting memorable dialogue fact dialogue unmemorable also infrequent rare since monster speak better chief bad guy humanoid like warlord atlantis could explain plot anyone know plot actually br br tedious british movie even twin talent caroline munro save whole mood movie summed final sequence featuring two keystone cop,0
nice see bruce willis come action throne let u see really talented actor shine film near year old image consultant totally lost touch inner child meet face face one rare film talk audience truly offer something whole family caring keeping child inside realizing grow exactly way thought would willis seems building impressive track record working kid witness sixth sense haley joel osment great chemistry spencer breslin nice photography music ending wonderful uplifting great film see every member family,1
add much said already except going line minimum policy br br actually got vhs dvd copy quality quite poor desperately need officially released br br imagine extra would like see tim healy character swearing way one football blooper type programme would great imagine course look like people carry dreaming dvd release br br surely god must someone dvd release department itv also know something british culture web savvy enough look imdb oh well,1
know original hey else said feel unutterably silly paying attention hell came movie make important political social issue fallout atmospheric atomic test seem matter joking dismissal concern alarm raised scientist world time,0
attic start well somewhat dreary story helped greatly two main actor semblance character study going film go downhill fast carrie snodgress character buy monkey one cute little monkey buy real big chimpanzee br br sudden plot device basically kill movie conceivable woman like one snodgress play hard time anything domineering father blue buy chimpanzee mean come forget,0
seemed much appropriate title suicidal underling decided watch masterpiece modern bullshit br br erotic scary suspenseful well thought thing film fails br br however incredibly funny slow sound effect bad dubbing add make one greatest comedy seen recent year yet film even try funny one movie grand achievement becomes comedy without even attempting amuse br br throughout film old guy look amazingly like santa claus go around ploughing zombie smashing vampire ground made fail believe film title vampire v zombie vampire zombie fighting oh well whatever besides flaw rental title one virus sweeping america creating zombie like being go around acting lot like average tourist yet four zombie entire film another problem besides one shop everywhere deserted surely see zombie roaming wood background bit fact believe drove around circle forest since high enough budget film wider location director want waste precious time filming different area wood busy sitting trailer jerking bothered trivial matter br br fact director much fun enough time hire big enough cast even editor told eight member cast dress different people try act inconspicuous whilst assume changed name began randomly snipping film reel editing hard job anyway right reason movie found way bag somehow got confused freddy v jason strange thing happen way made though night strapping gas mask bolting skull avoid stink nauseating mess br br oh yes laugh end sure one lot lost sanity,0
say closely film follows novel never read book since clock six half hour good bet base covered least say certainty reader digest condensed version br br production value high well standard bbc classic series like inspector morse sherlock holmes believe dickens london looked sounded thought lot like occasional minor lapse sportsman firing pistol percussion cap whenever took place br br acting applauded suzanne burden polite honest heroine quietly go good cute mature way beauty compassionate nature flirtatiousness denholm elliott guardian turn burden elliott two character good unalloyed way another former sergeant forced evil evil people another poor helpless young boy br br think anyone else could written got earmark dickens poverty tragic death capitalism raw generous rich guy gated home hidden parentage shadowy motif impotence outright maliciousness justice system well justice system whole chancery evidently court decided matter distribution property gather wikipedia became notoriously rigid dilatory thoroughly revamped england twice elliott character describes curse impressive scene involves money scrounging creditor hounding retired soldier latter gymnasium fencing lesson sergeant masculine traditional sense male character remember dickens apoplectic money lender renter screaming threat seat sergeant turn towards one delicate exercise saber another advancement bringing closer tormentor scarlet faced old creditor shrink back seat br br couple thing missing often dickens stick least one two amusing line dialog humbug law as bleak house right title second practically weberian ideal type mr micawber artful dodger scrooge third atmosphere whole ethos relentlessly dismal one tribulation follows another usually money shameful peccadillo past br br god depressing author venting spleen everything hated world knew poverty okay knew poverty one wonder chancery dickens deserve kind treatment br br maybe add watched first episode series better two way zip direction pace little faster business jarndyce v jarndyce explained satisfactorily right front instead lurking shadow mysterious curse plot easier follow,1
low budget project film success story interesting actor convincing eva longoria star tv show dragnet sexier ever location ideal ganster plot director show talent taking many role project course low budget film could use better editing transition special effect gun scene music keep script moving although film share problem continuity must say would rent director next movie film student could learn thing director commentary,1
ok chuck norris shown many entertaining movie year one even bother trying get plot bible shipment gone wrong acting main character wood like pinocchio would done better job synthesizer based soundtrack even worse one deathstalker whereas traditionally low budget spooky movie often trying catch audience adding plenty graphic violence one trying catch audience throwing religious mambo jumbo spectator plot boil different version bible,0
read book based adaptation bother hated every character show miranda slutty selfish mumbled miserably appalling dialogue sister total wimp worst depiction manic depression ever seen degree psychology accurate fact mentioned realise troy supposed bipolar thought normal slightly grumpy teenager br br saving grace stupid show david tennant whose brilliantly psychotic performance thing got watch second half br br clearly writer producer show done research troy mental problem remotely accurate forensics involved twist ending spot mile big ole dummy br br utter garbage,0
well hated knocked despised year old virgin little gem worthless piece trash movie favor skip admit like actor movie year old son showed cover dvd like like movie insistence decided give try unfortunately br br two minute movie turned offended disgusting decent person would offended filth movie call old fashioned shoving pussy juice covered hand friend face know got line decency opinion yeah putrid little film start imagine get much worse another real winner mr rudd bet proud punch imagine could get worthless role like get would stay movie despite pay br br known better next time,0
usually like hongkong martial art fantasy movie hated one upon time china shogun assassin chinese ghost story even big trouble little china favorite film sucked much fancy trick stupid story br br,0
okay fan nightmare series everyone say worst seen freddy revenge wtf worst movie pretty decent stick freddy story cool daughter etc etc br br found excited remember saw dvd box set instantly skipped sequence quite lot though like lisa zanes hand dream demon freddy claw lezlie dean holding knife lisa zane baseball bat doc hand freddy head exploding br br truly loved movie wish whole movie last minute br br way minute ten,1
david bryce comment nearby exceptionally well written informative almost say everything feel darling lili massive musical peculiar blown produced must caused rupture paramount cost million dollar simply irresponsible darling lili must greenlit board meeting said hey got pink panther guy sound music gal let get handed blank cheque result hybrid gigi zeppelin half sixpence mgm song dance number style daisy boater hopelessly old fashioned like musical porridge mata hari dramatics production colossal lush breathtaking view rest ridiculous romance julie looking befuddled hudson already dead mistimed comedy astoundingly boring song deaden spectacular film irritating lili like twee mega musical vulgar bit spice star released year sadly crashed finally appreciated excellent film genuinely andrew look sublime mature especially last half hour lili poppins dolly frilly believe really killed mega musical binge made andrew look like poppins believe edward intention paramount must collectively fainted saw another million festering catch million clear day million paint wagon financial abyss cleopatra proportion million tied film uncertain future maybe asked seer daisy gamble clear day lili popular immediate first release australia ran mm cinema month failed sub stick ever surfaced one night stand clear day sunday night double thank god paramount simple million yes one million dollar film love story million dollar gangster pic godfather also ready recover million next two year incredible,0
saw one stage performance denver never less impressed word vagina say body part nothing shocking could say doctor left arm hurting bit tennis vagina hurt cycling equal social commentary could tricep monologue entertainment radical comment heard monologue dull delivered drama topic outdated alternately bored annoyed think laughed apparently supposed surely really hit oh spoiler lesbian oh wait maybe come think inappropriate fondling crack mama cover,0
man navy comment indicated rare well filmed look navy lighter air lta activity lta crew justly proud convoy shadowed never lost ship submarine attack filming various na location give valuable glimpse type aviation long gone however first half movie beery relationship service pal meeting tom drake character mother getting drake leg fixed second film start second film mostly ltas action taking surfaced sub guy get killed much damage caused look fairly gritty realistic imagine shift southeast asia navy ltas never mind part really wild blimp used extract downed aircrew jungle jap shooting like mad shade vietnam except getaway oh leisurely blimp talking end feel good wwii drama unusual part war,1
script scary movie ready go problem film blatantly evident actor audience alike director keenan ivory wayans many actor funny people movie completely humorless credit film several funny moment whole scary movie even close clever amusing original br br first scary movie laugh minute film turned smallest subtlety slasher film genre comedic gold humor scary movie heavy handed un original even miss obvious opportunity parody two movie star former cast member beverly hill show begging parodied final analysis scary movie like fine bottle wine opened far soon script needed lot time age star,0
avid jane austen fan many year never seen adaptation heard came read excellent review basis eagerly ordered netflix cruel disappointment taken one subtle bright comic novel made dull character seems dealt single facial expression single tone upon base flat character although adaptation seems used every word jane austen wrote appear passed around character random fashion even though done miniseries adaptation manages confuse feel rushed done movie week br br mr bennett harsh mr bennet chattering chipmunk mr darcy lifeless nutcracker bennett girl almost indistinguishable mr wickham man one would look twice hardly appealing cad quite put,0
want complete waste time pulling lint belly button cleaning wax ear grouting tile idea carnival thrill ride want miss one br br one thing forget vhs cover body movie look attractive ie indian girl someone else commented whoever posed cover girl agree cover exciting thing movie br br put perspective bought vhs cent k mart three minute second movie knew ripped br br finished watching pay cent might possibly conceivably hair chance scene turkey worth pinched loaf br br br br good grief fonda know hard role beneath,0
love comic although problem fully understanding story  visual style unique dirt dust decay thought knew surprisingly understood main plot  extremely poorly decision made visual style br br mean really bad looking cg human actor close ups work horus egyption god successfully made cg close comic version br br think real actor movie could cult movie br br shame,0
grease like crack classless shameful euphoric powerfully addictive experience sister would watch rewind watch passed became confused hostile stand one another year old girl reviewed film brilliant fun better original grease fledgling adolescent hormone blame rest assured unyielding fixation utter rubbish pas br br however little girl absolutely excuse suggest grease anything inane artless slipshod embarrassment participated production distribution consumption br br sake criticism dignify film explaining blow br br well executed musical song advance narrative develop character grease debatable exception music obscenely pointless song appear relate gimped innuendo sex excessive general way score tonight reproduction country prowlin without making one concrete statement film character theme plus music uncomfortably stupid one cast demonstrates even crudest semblance ability sing dance br br bird badass least somewhat likable instead annoying wussy dufus loser end johnny nogerelli offer michael sacred bird jacket initiate gang michael kick ground spit duck away fervently scrub part body touched course accepts gold despite fact bunch bumbling meatheads greater honor one bird br br since michael beautiful smart kind resourceful average everyway musical impotence notwithstanding feasible stephanie would ultimately embrace reveals man behind mask stephanie hand slovenly slack jawed bubble gum smacking dirty sweatshirt wearing gracelessly rude trashy dingbat aside pretty guess harbor likable characteristic thus audience given justification whatsoever depth michael attraction br br could go want mention gross inferiority predecessor since apparently many crank seem feel comparison unfair say though think want revisit mess old time sake grease experience akin living first kiss kissing snot nosed year old kid acne slobby brace magic gone left feeling dirty disturbed trust,0
way lamberto bava substandard facsimilie father mario extremely overrated director anyway michele soavi substandard director dario argento mold church least one thing recommend incredibly detailed art direction absolutely nothing else film long winded filled one dimensional character almost put sleep several time fine line art pretentious crap church completely worthless better watching something else br br,0
hulk hit theater long dvd old incredible hulk tv show popped attempt cash craze saw similar occurrence year prior spider man cartoon appeared dvd coincide hero big screen debut company leap opportunity ride financial coattail hot brand br br fact picture never surfaced shelf wal mart featured hero clobbered box office summer say lot guess everyone involved would rather forget fair fantastic four bad everyone say let rephrase unentertaining negative review might suggest br br veteran television actor alex hyde white remember role lead way reed richards brilliant scientist along crew gain bizarre power outer space mishap left ability stretch contort body outrageous length future wife sue storm rebecca staab suddenly turn invisible brother johnny jay underwood may ignite poor ben grimm michael bailey smith lovable lug whose body morphs mass craggy orange rock br br friend becoming accustomed called upon rescue world certain chaos seems reed old colleague victor von doom joseph culp living name villainous jeweler ian trigger exactly helping old lady cross street either hero save day course like superhero movie question br br striking fantastic four amateurish virtually every aspect dialog lame tired sound like written junior high drama class acting unpolished make third rate afternoon soap opera look like shakespeare special effect surprisingly good considering minuscule budget still positively embarrassing moment human torch fully ignites body instance entire movie briefly turn cartoon hear production meeting oh one notice intrigued action mean really cartoon least give mannequin fire held string prior scene foursome come earth spaceship crash pure teen backyard fare crew simply found field lit vaguely spaceship like object fire remnant major disaster br br course whole lot work script fairly coherent story simplified reed ben decide go outer space simply drop storm house ask care join really easy sort thing require oh know year training expertise world writer seemed inspired underrated genius display full house rerun bad may nothing compare painfully clichéd dr doom pulled right awful superhero cartoon right evil laugh slamming clenched fist table punctuate remark comic book least fantastic four ever featured villain obscenely one dimensional br br ultimately fantastic four saved complete turkey damn innocent tell people involved little talent experience really tried know final result would embarrassing impression big break people would flock theater bear repeating virtually money work sure half eaten cool thing costume thing considered well many flaw finished product fair amount fun comic book fan,0
see movie believe raf others giving really awful bio believe authorized shirley temple based book child star give feeling awfully easy please br br first ashley rose orr whatever modest talent way shape form even resembles shirley temple enough cast sort straightforward biography world famous child star give indication child revered except trying hardest shirley impersonation never click level none whatsoever br br major handicap whole piece bad enough drama inherent shirley story climb almost overnight stardom completely white washed insipid writing peppered occasional song dance moment even approximate shirley example codfish ball buddy ebsen probably high point shirley choreographed dance routine br br simply putting girl polka dot dress make shirley temple none shirley brand charm warmth appeal even remotely suggested see display pale imitation original proving one shirley temple br br worthless write anything mess none others ordinary lifeless role advice shirley fan read book better still watch movie br br pit,0
first time window opportunity see forgotten classic back early one art house revival watched fever dream exercise sexuality thought yowza got away murder europe back day unfortunately film heavily cut original u release blue nosed hayes office staunch government censorship board started holier thou bible thumper hayes former post office official believe due overall theme human sexuality heaven forbid human actually sex plot ecstasy concern young woman played hedy lamarr marries much older man later regret lamarr meet handsome younger man affair resulting divorce previous husband another hollywood movie back divorce despite fact film produced probably director first time working sound format e film seems possess technique used mostly silent film e expressionism still worth searching window early european talking picture along luis bunuel l age dor karl gustav dryer vampyre rated contains infamous nude swimming scene thinly veiled sexual reference would fare little pg today standard would easily landed dreaded x back existed,1
legend gala hollywood premiere screening space odyssey minute film rock hudson yelled would somebody please tell hell movie well rock beaten minute second movie made absolutely sense people people rule game called quintet rule quintet robert altman cohort making movie went along paul newman thinking signed maybe ol fast eddie saw zardoz thought well connery get involved futuristic film make sense maybe good stuff cutting room floor get see incoherent stuff also cast get keep individual funny hat never saw bizarre looking hat one place life quintet confirms always thought altman good superb bad make stuff like quintet,0
monkees surprisingly big favorite mine yes might original manufactured rock band gimmick certainly reached overkill st century however music hold best offer last train clarksville daydream believer believer stepping stone valleri pleasant valley sunday great song written good songwriter boyce hart neil diamond goffen king john stewart great musician songwriter likable screen presence plenty appeal stuff actually decent v show dated stuff still watch show occasion time capsule life magical dangerous time u history br br however know portent thing come like kelly clarkson monkees want considered manufactured puppet recording company despite average talent wanted write song produce album call shot came tour sadly turned disaster especially peter tork choice jimi hendrix opening act nixed due stealing show heavy sexual suggestion music compared monkees g rated content br br however final nail coffin monkees infamous motion picture head head written bob rafelson jack nicholson allegedly high mary jane film received poor review made box office today film cult classic ahead time delivers message mind youth summer anger br br head really plot basically one four monkees lurch scene scene without rhyme reason go eating diner seeing davy jones getting bashed sonny liston western sucked vacuum performing concert forth film basically offer oblique opinion wrong american society monkees bash commercialism war vietnam american policy censorship establishment greed read line see target derision br br monkees spend lot time boxed certain junction film symbolizing felt record company saw nothing toy play time record another hit album scene outnumbered western scene could symbol session musician songwriter record producer whatnot controlled career cannon fire way saying begone br br film truly psychedelic trip behold flashy tie dye color hypnotic concert belly dancing scene druggy imagery everywhere acting actually good biased like monkees v show small soundtrack feature porpoise song three song written monkees br br film actually hilarious scene occasion although maybe supposed mickey dolenz beating coke machine give soda violent punch ups boxing scene mean wiry guy probably weighed laughing br br movie absolute must see monkees fan think lot people feel movie indeed head obsessed society time find great time capsule,1
secret service agent jay killion charles bronson assigned protect president elect wife new first lady jill ireland difficult woman killion hand full victim numerous assassination attempt directed president chief staff want first lady dead movie insult intelligence story line also lack realistic location example scene depicting inaugural parade first lady roll royce convertible agent killion without president also know washington dc like weather wise january everybody top coat less even see palm tree degree sunny weather obviously filmed hollywood washington dc movie joke worth time,0
episode really hoping mention canceled everything connected show including actor dumped along toxic waste middle ocean somewhere never seen series really dire br br program listed genre comedy best misleading hard believe ben elton could write something bad maybe point lot input writer everything connected episode even laughed br br oh believe ardal hanlon actually stopped hero started instead decision making skill obviously impaired day perhaps simply read realise poor script blessed get wrong hero masterpiece million time better piece junk br br annoy even bet get dvd release well many great tv series getting released,0
sir played lear time tonight remember opening line sitting mirror eye reflect king madness dresser prompt gently mouthing word air desperation men great actor knowing power slipping away valet cum major domo cum conscience cum surrogate wife aware bos decline madness knowing powerless ease passing dresser really love story two year become mutually dependent one another extent neither conceive future without set second world war concern fortune frankly second rate touring shakespearean company comprising equal number beens wannabe led sir theatrical knight might kindly called old school whatever part playing grab centre stage bellow footlights bullying audience applause somewhere inside buried time deep beneath ham regularly dish still remains occasional glitter earlier greatness catch glimpse audience fervently hope mr finney cleverly concentrate ham often point caricature ready dismiss performance mere hyperbole bluster produce moment exquisite subtlety vulnerability make realise great actor playing great actor go mr courtenay easy write portrayal br br norman exercise stereotyping middle aged effeminate rather camp theatrical dresser sashaying way life enjoying company girl loving wicked insider gossip rife theatre strongly suspect still many men like norman profession infinitely kind patient knowing play many actor run backstage wisdom affection believe vast majority would hoot approving laughter mr courtenay portrait saw dresser london stage perceived wisdom mr courtenay norman rather subdued movie sir played great mr freddie jones huge acclaim audience memorable performance overshadowed mr courtenay reducing rather also ran opposed actor level billing idea sir norman might almost incomplete without went right window norman reduced puppet sure ronald harwood intended made breathtaking theatre messrs finney courtenay redress balance movie restoring equality relationship men come long way since early appearance british new wave picture became darling vaguely leftish middle class ashamed movement british cinema virtually committed hari kiri quietly concentrated theatre apart role keep wolf door renaissance substantial movie appeared blinking unaccustomed bright light br br dresser marked return still fizzing energy talent shouting world large still big movie assuredly great one,1
movie really hoping idea make hashed together ineptitude first avp yet horror requiem far worse could imagined br br hope opening moment film inside predator ship almost breathed sigh relief finally saw predator home world throwaway digital matte painting still nice finally see course human poorly written character referred introduced br br one must wonder seems impossible fox make good film alien predator least supposed filmmaker could done homework br br character set manner would expect worst friday th sequel pizza delivery scene cringe inducing every scene character interaction followed bimbo teen non actor make real film make cheap flick alien predator movie good produced concept remember st alien b movie done movie strause brother really missed opportunity could rectified simply knowing alien predator root alien predator film introduced character part larger group alien refinery worker alien marine alien convict predator film generally follow main hero part unit predator arnold special force predator danny glover police easy see filmmaker franchise started go wrong alien ressurrection pirate something avp explorer gun course avp r teen slasher clichés identify concept idea convict returning small town war vet returning seemed set first blood type action hero like many thing never paid br br film making equally devoid rhyme reason sense forward momentum action small sequence build minuscule level tension interest cut away getting interesting taking audience movie every turn action scene though much ballyhooed trailer darkly lit literally impossible tell going fight scene finally occur basically movie hindered many level bad actor combined poor direction atrocious screenplay screenwriter noticed seemed hit every wrong note cliché untalented writer devoid idea could hashed together writing called even direct video quality demonstrate shred respect established lore previous entry series predalien sudden ability shoot alien embryo pregnant woman throat use incubator chestbursters likely brain dead screenwriter needed way alien predator fight given accelerated growth time even first avp quickly possible must meaningless small talk cardboard cutout stick meaning supposed character substitute real character development remember character defined say sheriff leading civilian cache gun officer law bimbo people know predalien wait predator slowly remove mask attack alien still falling nasty series post alien habit hissing time let prey know run earth series devolve character saying people dying need gun writer even work beyond reflects badly fox already destroyed artistic reputation like everyone involved making film suffered mental impairment really inept every level film making process br br effect pretty lousy time around alien look like men suit adi getting lazy creature design alien look like modified leftover alien resurrection bulky musculature around arm learn movie good design good one recycle everything shrouded state darkness create mystery atmosphere simply hide bad creature look like avp stan winston sorely missed fake looking predator face revealed br br many fault list say waste money movie fox beyond caring fan cheap trashy film clearly evidence felt bad taken girlfriend see though free apologized profusely one die hard fan done franchise br br note fox really wanted mindless slasher flick film adaptation original darkhorse comicbook better anything produced franchise post br br signing,0
almost made fool going start review saying movie reminded billy elliot looked resume screenwriter lee hall find guy wrote billy elliot mr hall making fool br br bit cruel lee something aspiring screenwriter britain foot door previously written successful british movie award made money box office next give audience br br young jimmy spud life kitchen sink estate bullied school one love thing keeping going aspiration ballet dancer actually aspiration angel considering household may well ballet dancer macho waster father think ballet dancer bunch poof granddad say ballet dancer tough man could meet remember seeing bolshoi ballet yup ballet main talking point run british council estate day come think neither left wing politics seems sole preserve middle class gooders live nice big house right away everything set feel ridiculously false br br another major criticism film clue trying appeal often criticised channel broadcasting movie totally inappropriate time land time forgot example showed got spot considering story involves politics ballet dancing gawd hate lung cancer poverty way deemed suitable family audience since main protagonist year old child feature angel ballet dancer blame seem obsessed subject need refer much intelligent adult audience either br br course lee hall told script development stage producer write story featuring schoolboy angel flatly refused saying wanted write theme story apologise throughout movie get feeling film completed going marketed exact audience enjoyed billy elliot,0
normally spike lee fan take time really get mojo see clear message ability tell story close heart lee genius unlike th hour bamboozled two favorite film clear story film able understand struggle washington choice play well influenced others odd reason lee never able get true feeling washington decent job handed could tell lee favorite film lee direct film also wrote could tell camera work horrid writing contributed decay film film coming full circle going pretty lee behind film right thing film seen lee direct brightest modest film almost created hollywood movie instead one know saw money right thing ran film demonstrate true talent br br anyone seen film perhaps stopped watching anything directed spike lee afterwards due film suggest give second chance get wrong see exactly coming film would want put behind lee grow work becomes see transformation desire make money wanting make good film took awhile watch th hour sheer brilliance perhaps actor perhaps story lee crafted amazing film one man journey unknown guess hoping mo better blue would turn really dark journey life man really never grew instead got denzel denzel really one versatile actor generation consider sydney poitier cinema film showcase talent br br another issue film use spike sister playing one love interest know family think could filmed sex scene sister care actor much money getting paid would never something never wish see apparently different spike went ahead showed full nude image sister without remorse sad even made blush also need somebody answer flavor flav introducing film sitting couch ready start film suddenly voice past spelling studio made film acknowledges build strong remaining story felt lee going money film instead actual talent perhaps could afford denzel wesley movie without explosion br br two great scene film made worth watching end get wrong bad movie always diamond every alleyway scene bleek accidentally forgets woman mesmerizing continually went back forth weaving truth confusion way proved lee actually behind camera visionary scene probably lost shuffle due remaining poor scene scene worth watching way lee introduced ended film keeping pacing direction able bring tragic character around full circle give chance change life two moment rest film pure rubbish worth viewing unless go blind br br grade,0
long way laura otto preminger directs dana andrew star police detective named mark gene tierney beautiful woman haunt nothing else sidewalk end resembles everyone favorite sophisticated murder mystery instead deliciously quotable dialogue get gritty harrowing realism earlier film took place ritzy upper echelon new york society low rent district dark street hoodlum cheap restaurant crummy flat tierney gorgeous ever work department store mannequin life washington height neighborhood doll got fox fur laura mark mcpherson time andrew mark dixon older sadder troubled version cool cop trench coat br br sidewalk end belongs sub genre noir movie police brutality focusing cop control violent impulse like kirk douglas character detective story dixon owes seething contempt crook father criminal past douglas self righteous blind fault andrew burdened repressed guilt self loathing accidentally kill suspect cover action attempt throw suspicion slimy gangster gary merrill vainly pursuing year instead kindly cab driver suspected father dead man estranged mistreated wife morgan gene tierney dixon falling love wife man killed try desperately save father without giving away br br among noir protagonist dana andrew distinction incapable appearing unintelligent even playing average joe usually always come across unusually sensitive perceptive air thoughtful comfort give haunted haunting quality essence actor played ordinary guy cop soldier always tragic undercurrent seeing knowing much conscientious hero marked exhaustion guilt inability ever lighten actor could expressed well bottled anger slow burning pain agonized intelligence mark dixon also muted tenderness muffled warmth even wry humor make heartbreaking come take morgan restaurant regular first time see cold brutal man trading mock insult waitress whose sarcasm hide affection concern dixon asks partner money get lawyer morgan father supply even though recently argued dixon threw punch word loyalty knowing good guy deep see man anguished silence wife resignation hand jewelry pawn dixon goodness come across people reaction much andrew deeply moving performance br br though dana andrew minor star may quintessential forty man go movie hardly ever taking overcoat boxy mid century silhouette fortified fedora glass bourbon cigarette take mouth talk look imprisoned masculine ideal toughness impassivity many noirs romanticize two fisted tough guy sidewalk end offer unflinching portrait reality behind façade gripping melancholy exploration root consequence violence br br andrew sadly underrated time one three protagonist best year life nominated academy award though low key performance far compelling frederic march hammy oscar winning drunk fortunately andrew appeared film ensured immortality last little known film contains best performance seen part marvelous fox film noir set series including number never released title nightmare alley thief highway suggests twentieth century fox may finest record major studio came film noir,1
time movie myopic desire present particular ending viewpoint simply bother actual story annoying type movie ending viewpoint conceived first story simply tacked reason often talk story jumping hoop twist trying vain progress preordained ending logical fashion br br story comet broadway jump hoop three ring circus ludicrous ill conceived disingenuous prone speaking aloud screen carrying quite rant br br central theme screenplay cesspool woman choosing family profession since horribly muddled end offensive people either opinion end point story theme becomes irrelevant often case poor screenplay acting save thing,0
one considers carson mccullers one foremost literary figure th century seems need great lack talent able ruin one story movie show done actor ingratiate way becoming director wooden unatmospheric unsympathetic totally sync poetic compassion mccullers writing jaw dropped horror disbelief mish mash movie could ever found finance backer redeeming feature moderately good acting although said vanessa redgrave seems permanently render much performance whatever character play good cinematography place otherwise bitter bitter disappointment could indeed contemporary masterpiece simon callow hang head shame stick acting,0
definitely good idea screenplay ok could better positive bore adventure lover new idea lost world atlantis negative personally feel idea much potential ended better adventure bad would much better runtime enjoyed lot though cant say boring good good one people like adventure animation like sindbad like road el dorado movie also recommended people looking nice little adventure nice happy ending,1
watched love life holiday filmed film festival florida lovely surprise find british film derivative exploitive beautiful romantic comedy change charm pant audience prepared sit back enjoy gentle pace film transition scene found bit distracting whole think love life winner ruby dust one family pleasant change see british film teen audience littered four letter word try see,1
sex ever farm animal tag line movie probably still misleading br br far one boring movie pleasure try watch lately found dvd lying around friend house made sad mistake burning br br unable tell detail without spoiling movie detail movie try imagine someone making movie thing c span fictional movie time less interesting boring debate c span br br think conspiracy somewhere movie unable tell exactly gouched eyeball threw richard gere,0
film fun little private eye detective story like made tom conway suave detective called falcon goldie locke name wisecracking bumbling sidekick louisa braganza damsel distress course damsel maid professor secret formula bad guy want formula police inspector falcon murder falcon get implicated scenery night club expensive hotel room luxury train suburb beautiful car go watch little gem see pas afternoon tv,1
watching half movie noticed something peculiar found constantly switching tv channel see else exactly good movie trait br br movie listed number genre must say mostly failed misserably every one movie switched watch old rerun instead bottom line whole movie felt one making exactly know make ended concoction discernable taste,0
saw movie low expectation know lot sure going worth br br story ok job getting curious ruin travel suspense continues mayan show force stay ruin br br movie turn somewhat suspenseful pointless amount gore found movie balance compared whether truly necessary used shock value br br fact make attempt fight vine hell fire try burn try cut knife see could destroy quickly jumped victim role helpless attitude real reminded old horror movie people scream yell half brain try fight back,0
exactly new story line romantic comedy make concept work young man john cusack drop dead gorgeous woman kate beckinsale keep meeting chance wonder meant although promised others oddly enough still feel soul mate somewhere little sappy place viva la love romantic almost obligated riveted favorite scene cusack ground snow start falling finale almost sweet deserving one cusack deeper role hell could smitten beckinsale notable support provided jeremy piven molly shannon john corbett play worst role ever seen hand eugene levy quirky funny watch soul mate,0
star rating saturday night friday night friday morning sunday night monday morning br br alice defeated freddy end last film trying adjust life unborn child carrying demonous presence freddy trying come world br br interesting note director got big break directing freddy film charles russell eraser mask renny harlin long kiss goodnight cutthroat island cliffhanger die hard stephen hopkins lost space predator russell harlin made good job hopkins imo made something podge entry quickly forgotten br br story clearly stretched far go freddy ludicrously father ridiculous looking demon baby even hour half get rather tiresome course scary br br bon appetit bitch catch phrase memorable point wise forgettable entry,0
see c thomas howell appeared many movie since heyday accomplished young actor br br bought dvd cheap part internet related plot see much older c thomas howell recall seeing movie since br br word big disappointment give low budget movie chance one started lame within first minute movie elusive woman chatting asian guy chatroom basically stimulate chat insists meeting participant person meet sex tie murder cold blood plot deteriorates br br plot thin flimsy acting stiff bother renting much less purchasing even dvd bin plan take copy dvd goodwill truly amazed prior reviewer gave movie bad rating,0
one worst thing film studio exploit tragedy others commercializing shock gore factor order sell ticket able buy birch new diamond necklace another worst thing totally misrepresent true fact incredible saga fabricating event dialog image director liking lastly one worst thing film studio use bottom barrel actor shoot sound stage rented fifty cent day three travesty maker film guilty hand worst movie ever seen seen thousand score good waste celluloid filmmaker ashamed making ashamed negatively exploiting hero story people experienced tragedy firsthand living dead,0
enjoyed previous ittenbach movie seen burning moon movie rather grim nasty premutos seems mostly play laugh admirable ittenbach made movie money spare time dvd documentary worthwhile see found constantly battling fast forward next gore scene sure gore want go ahead enjoy warned inordinate amount lame comedy tedious story exposition many comparing peter jackson movie especially braindead looking jackson similar budget bad taste clear ittenbach lacking one thing jackson talent pretty good plentiful gore effect getting limited resource worth money paid,0
karen sarah michelle gellar exchange student japan beginning social work sent aid elderly semi catatonic woman emma grace zabriskie previous caretaker yoko yoko maki disappears karen soon learns something right emma home attempt see deep rabbit hole go br br maybe delayed influence success night shyamalan film slower paced understated horror film recent trend case hide seek approach work remarkably well others white noise pacing tends kill film like grudge quite much hide seek still good film earns br br grudge couple significant difference recent example trend however one well known remake based japanese film series began ju particular extremely close first half ju grudge aka ju two many japanese horror film slower pacing much realm realist drama surrealism also case large percentage european horror grudge looked filmed nightmare br br director takashi shimizu also director five japanese entry ju series date fifth currently production writer stephen susco largely dispensed linearity overly concerned logic plot hole come horror behind story idea instead present dreamlike sequence scene dream logic focus atmosphere creepiness uncanny many viewer scare well film work largely depend well adapt used different approach film making although admittedly seeming gap filled previous entry ju series traditionally american audience consider flaw leaving plot thread hanging abandoning rule monster poetic metaphorical surreal approach film yet accepted mainstream u br br however even used worth trying suspend normal preconception film give grudge shot well written well directed well acted film filled unusual property story interweaving large number main character done better episodic ju good cinematography subtle production design touch check gellar clothes match color texture exterior emma house gellar first approach beautifully effective horror material br br even though slowly paced average horror film past pacing usually enhances eeriness shortage bizarre event keep horror fan entertained supernatural premise film absorbing based interview dvd shimizu prodded pay attention japanese belief folklore although interesting subtexts would probably arise intimate knowledge japanese culture interesting ponder many japanese horror film feature scary child adult look like scary child br br subtracted one point film slightly veering clichéd mystery thriller territory really happened flashback even fairly well done otherwise would br br said let finish mini rant anti remake ridiculous u distributor studio feel need remake foreign film make appropriate consumption original version film playing u theater wide release need present almost identical film substituting white american actor non white foreign actor yes grudge fine film ultimately rather see something original using talent treated latest foreign horror film japanese also indian spanish chinese etc multiplex hope someone pull studio read also cost effective completely avoid production cost simply make domestic distribution deal receive profit make money fan like otherwise pick foreign film dvd foreign manufactured even bootleg version,1
actually finished film may say case right review especially negatively stopped account watch anymore got halfway got promising something good around corner film tiresome lackluster actually insulted read many review sure homosexual teen suffered homosexual go similar revelation day dream issue etc etc maybe two moment actually felt film could go somewhere felt may inkling meaning relativity hope dashed moment next set cliché ridden narration came mean look quote imdb page unfortunately able hear scratchy play back echo ey fade read quote painful ridiculous stupid miss give film three star three star go film cinematographer fantastic job attempting transform archer tired concept something watchable mind pray one decided include long shot tv closeup another unnecessary cliché already done film korine gummo think extremely fitting film premiered sundance archer connection festival via volunteer work way sundance seems one festival cliché heavy drivel like still accepted arthouse art house afraid plain house watch,0
never seen first road house guess movie might get one star even make star movie matter really surprised relatively high rating currently br br reality able finish movie painful went wrong least obvious way pretty much parallel original exactly even though original plot still referenced really make sense work also acting weak never felt like movie yet felt like watching people act even good actor like busey work probably due screenplay maybe awkward editing strangest thing movie feel like mid b movie yet made sure often seems happen sequel reason music look whole overall feel reminds movie saw year ago cinemax late night strangest thing also expecting ja rule come point often reminds current movie rapper actor br br irritating thing love interest girl character seems like total rip lois lane character smallville also quite annoying let forget fakest sounding southern accent heard since walk line realize common place movie accent would work better attempting sound like universal hick place tv anyone southern state ky wv sound exactly sure people desert town az sound like people southeastern state mile away wearing thin year ago b movie technique came writer director make decision br br bottom line would truly recommend fan road house like good movie also seen yet spoil seeing version first original road house one accidental classic people love watch unexpected success like american graffiti dazed confused recently office space fast furious first one napolean dynamite spoil br br never made sequel road house high budget version right actor director sure never top original ex bad news bear longest yard etc least right presentable case example mentioned make low budget network self production road house criminal,0
talk ending film talk plot dude named gerald break engagement kitty run craven castle scotland several month kitty aunt venture scottland arriving craven castle kitty find gerald aged grown meaner gerald certain rule castle rule year gerald want stay kitty insist staying making excuse one night aunt catch glimpse monster running across hall scare much faint another excuse must stay longer kitty becomes worried gerald try go maze gerald catch even meaner kitty sends reinforcement call doctor actually friend wide make thing look suspicious invite couple friend really anything blah blah blah kitty aunt end maze suspense story somehow get separated try find aunt stumble upon creature moment waiting creature lurking shadow giant frog omg better seeing aunt frog literally go crazy run oops mean hop stair top castle frog leap open window go shot ground see frog gall towards u oh yeah movie want know funny frog fall window actually toy size frog take leap revealed evolution fault blah blah kitty gerald get married last shot masterpiece grave frog maze place ever really happy,1
second time stopped video dvd part way br br willing give film benefit doubt first even though managed shallow clichéd stupid joyless plodding pretentious br br like school special directed weird grade nine kid think nobody understands creepy sad voice narration deluded adolescent would consider poetry singing really poor child suffering br br enough already especially morphed brazen clumsy insulting clockwork orange ripoff mention singing br br worst film ever seen certainly one felt least compelled sit recommend anyone,0
anyone argue fact urban cowboy still best document texas life time period consider following men beat wife get drunk bar nightly get married settle fight commit adultery compete mechanical bull try name movie depicts real life vividly dont make anymore seems current film always people lot money live huge home drive expensive car work movie celebration scene getting trailer pete sake br br anyway watch least week kidding dissected movie end end feel free email learn reason calling documentary consider following scene bud see sissy split amicably honk wave flip bird return half peace sign honking horn add impact tear br br bud mom call approx hour get town sunday see job yet accomplished getting drunk laid x help uncle aunt cover br br live like pig think scene needed think necessary could figure without showing filthy sink god love br br sissy allows wes help ride bull day possibly next day wes kicked crap husband steve asks hey sissy remember wes oh yeah didnt beat husband night let get lesson goin make mention fact seek solace later one bud sissy many fight way take place public gilley br br wedding reception picture taking session oh humanity could least arrange move chair way leg sweatin momma br br conclusion put scene like movie try show insight human psychology documentary real life br br wish director cut,1
saw boring sunday morning morning well drawn fact outdoor movie hoping find nice scenery view limited go back forth spot hate using called hi tech stuff like motorola blue tooth headset using eliminate use walkie talkie funny look like amateur like advertising badly designed alien ware laptop could link satellite find people say tv movie ending bad look like cut short eliminating use rescue helicopter etc,0
winning championship fight boxer john garfield johnnie bradfield celebrates drinking binge lead manslaughter pushy reporter although manager killed man mr garfield blamed manager dy car crash wearing garfield stolen watch authority think boxer dead still wanted man garfield change identity jack dorney move arizona ranch garfield meet dead end kid billy halop tommy bobby jordan angel leo gorcey spit huntz hall dippy gabriel dell b bernard punsly milt br br garfield bond young dead end lad sent stay sweet grandma rafferty may robson alternative reform school courtesy brother deceased priest father rafferty garfield fall love halop sister pretty peggy gloria dickson keep eye kid course garfield past come back haunt br br john garfield dead end kid make beautiful max steiner music together thanks effective direction photography busby berkeley james wong howe story predictably comfortable warner brother support team fine form garfield dead end kid winning combination although garfield made movie east side gang studio team billy halop bobby jordan almost immediately dust destiny br br boxing scene nicely staged exciting sequence garfield four new york kid halop jordan hall punsly climbing giant water tank swim unexpectedly put life danger brief highlight include floozy ann sheridan goldie boozy barbara pepper budgie young ronald sinclair douglas losing strip poker br br made criminal busby berkeley john garfield billy halop bobby jordan,1
well much really say really good good job softley directing movie good cast acting movie plot also believable hehe good good main word case hope would kind scifi movie thats one pointed crowd give,1
surprisingly complex well crafted study first serial killer ussr set day perestroika intense piece brought full life performance stephen reah donald sutherland br br examination cicatillo killer well rounded hinting behavior right showing others subtlety compelling without overtly graphic weak heart however subject matter often disturbing necessary full development main participant fact based story br br hbo furnished u excellent film unusual manner congrats director editor great piece top must see list,1
rare come across film awful annoying irritating without doubt one worst film ever seen br br plot blur confusing pointlessly flashy editing ludicrous domino become bad as tough bitch gold fish died kid traumatic event left emotionally stunted hating everyone dialogue clichéd banal littered laughable line three kind people world rich poor everyone else one point bounty hunter guy tied back bus combination number tattooed arm confusing mobile phone call instead rolling sleeve reading number blow arm shotgun another point bounty hunter take bomb meeting arranged mafia threaten set bomb unless mafia let go clearly going meeting would easy br br keira knightley unconvincing dreadfully miscast mickey rourke manage salvage credibility mess br br enjoyed tony scott previous film true romance one could think suffering drivel must made complete idiot,0
wow amazing lost piece australiana lost glam rock film rolled one film warrant viewing simply see done next budget lot enthusiasm retelling oz story film border becoming obvious saved eccentricity chance glimpse glam rock manifested australia delight fan genre film used double featured rocky horror picture show indicator type film oz frivolous well constructed rhps hard fun oz br br surprisingly oz aged well perhaps product determinedly set real australia passage history show many idea explored would eventually enter mainstream willingness film give prominence gay character notable especially date revolution period australian gay right push br br performance range flinchingly amateur finely nuanced brilliance direction lacking subtlety much dialogue may benefited extra draft two somehow flaw add appeal film mercifully unpretentious much like australia film certain naive charm br br several connection original australian staging rocky horror show keep obsessive toe br br oz certainly minor classic potential cult favourite worthy review laugh atrocious fashion swing along ausrock soundtrack leave expectation door oz likely delight,1
two reason watching swashbuckler aired danish television yesterday first wanted see gina lollobrigida disappointed looked gorgeous second reading film gotten impression featured absurd humor unlike found philippe de broca film account however sadly disappointed found joke predictable apart witty remark topic war character completely one dimensional also action scene done strangely mechanical uninspired fashion sense drama kept watching end got bored quickly sat waiting scene lollobrigida,0
average surprisingly tame fulci giallo mean still quite bad normal standard redeemed solid build nice touch neat time twist issue vision clairvoyance br br genre well known weakness full gear banal dialogue wooden acting illogical plot point finale go much long denouement prof rather lame shall say limp affair br br fulci ironic handling giallo norm amusing though yellow clue wherever look br br limping killer,0
superb star quality gerard philipe died way young leap screen witty funny sly swashbuckling comedy plenty sword fencing knockabout antic charmingly loopy storytelling impossible resist sweet romantic comedy young gina lollobrigida love interest movie one remember great affection,1
someone like chase scene really intrigued fascinating true life tale optimistic heading film many obstacle got way good story br br bad fan robert duvall many character played role dull one insurance investigator br br dialog insipid pretty kathryn harrold real garbage mouth read several director replacing film bad tell thing right story get involved treat williams portrayal cooper either fascinating movie also kind sad comment guy committing crime sort folk hero admit wound rooting guy br br everything disappointing complain scenery lush green forest oregon desert arizona br br like see movie made done better one kind story,0
watched film shire joy br br possibly one best film time timeless value get much amazing part moving funny great br br aspect spot portrayal story perfect every detail genuine even small irish subtlety covered br br use low high shot give two great view cristy look br br daniel day lewis performance incredible never seen actor ever really amazing br br great watch flow well probably closest thing yo get real life experience love br br seen see doubt something,1
suppose like pure action find suppose find gorgeous blonde designed screwed find suppose want find couple extra baddie headed extra extra baddy boss meat nasty end find br br overall routine stuff good guy come top big time extra ordinary circumstance br br marvel good guy armed pistol kill dozen bad guy machine gun shooting point blank range missing goody even get time reload pistol amid hail machine gun bullet br br ho hum,0
think would usa get lot joke liked princess bride forest gump would like movie compare quality filming course cameraman trip obviously done purpose killer tomato hundred time better nepolean dynamite opinion sure people france would appreciate caricature french film world audience trained film critic know like stop laughing whole movie side jaw hurting end movie,1
rank way top list worst movie seen far starz demand seem pick every straight dvd crap fest find put br br know apparently anyone digital camera shoestring budget come horror movie get put tv honest looked terrible moment saw trailer give real chance br br always try open mind low budget movie best movie ever seen film worked around low budget case required low budget great br br one movie br br know plot sure reading either heard starz demand whatever reason ended page boredom pathetic whiny girl get know minute incredibly bad heavy metal music video whoever put together must thought looked really interesting really really anyway kill possesses someone killing start really unmemorable completely average boring possible first gunshot go apartment quite seriously sound like piece popcorn popping best sound effect could come could find better sound effect use free copyright internet right br br let review claiming star movie fool obviously either distributor film maybe even director trying con thinking piece junk worth buying br br laughable,0
saying movie extremely hard follow frustrating sit putting mildly also saying current available print dark dreary scratchy abysmally edited painfully dubbed seemingly censored almost unwatchable shape also correct film dire need good remastering full uncut original negative seeing reasonably atmospheric director award catalonia film festival might actually worth trouble maybe impossible tell current condition kind movie actually start fairly interesting discount completely senseless pre credit opening sequence involves deranged cat killing snake loving little girl named gerda girl mom carla mónica randall laid eyeliner little bit splash gasoline around garage torch brat seemingly crazy young gerda go visit estranged photographer ex boyfriend mario john cihangir caffari vacation work desperate get away carla begs employer set assignment assignment scowl sorry head door well mario assigned photograph witch mountain somewhere pyrenees believe get destination get sight hottie beach named delia patty shepard snap picture taking bikini top slightly peeved claim single writer two flirt decide would swell idea went trip mountain together stop place pack bag mario suddenly hears loud sinister music delia claim hearing thing br br two begin trip mountain taking stop local inn spend night encounter weird partially deaf crazy eyed innkeeper victor israel delia claim someone spying window next day trance wanders mountain eventually located mario hop jeep run finding someone steal wheel forced walk piece eventually finding jeep undamaged foot small ancient seeming abandoned village almost like someone trying intentionally lure well see exactly happened village encounter friendly old woman named zanta ana farra claim person still living let stay home mario take picture abandoned city develops eerily full people slightly creeped delia begin leave get stuck treacherous fog pull camp night rest movie voodoo doll black cat transforming sexy woman satanic ritual performed lady bra deadly fall cliff yeah coincidentally carla estranged wife turn one witch take place semi darkness quite honest know hell going time inconclusive open ending additional slap face anyone suffer rest senseless mess br br honestly thing stand really good first actress shepard great barbara steele kind dark mysterious beauty also excellent music score credited fernando garcia morcillo chanting song aided immensely making film atmospheric location work fairly decent said print ugly make lick sense proceed caution one,0
one horror movie based tv show get right friday th series connection movie poltergeist legacy sure may loosely connected movie feel like throw famous title show fan watch br br show freddy burned elm street parent st episode believe amount parent disappointing kid targeted st movie expect parent oh well br br freddy basically narrator show watch action people real world sometimes getting involved somehow like anthology show like tale crypt supernatural surprise ending twist involved br br acting lack believe violence sometimes surpasses movie show lasted couple season made around time th movie heard canceled due protesting parent watched lot r rated stuff kid shame parent ruin everyone movie came series total loss,1
understand movie released looked like something show mate borrowed mum handycam bought australian work video store uk thought aussie film made store bad boy wrong br br anyone writes good comment movie either lying maker film br br picture bad sound horrible acting oh acting worst acting history film br br make embarrassed offended used word aussie title proud australian movie seen country may give people wrong idea br br please anyone read seen movie take time find aussie movie watch could choose one would better one br br could made better film took camera filmed hour ate film waited pas body threw came television offence br br watch film,0
sat watching episode kept glancing clock waiting something happen hour wound thought really going give u big pop end nothing whole family huddled around christmas tree like something hallmark channel fade black br br perhaps one poorest season finale ever seen nothing drum excitement next season thing thrown sort incentive watch next season ambiguous nugget offered agent harris pawing sub sandwich guy new york looking get one guy new jersey wow really would never expect something like mobster edge seat br br almost seems like trying get everyone lose interest start plot line end disappearing show ever seen tease hint rarely deliver br br arab hang bing keep throwing front u magically nothing happens br br paulie knee cap kid tony promised mother nothing would happen son poof gone wind br br many meandering drug montage christopher going endure please get arrested overdose something interesting br br one show used looked forward watching forgetta bout,0
animation buff must even general audience enjoy cameraman revenge early example pixilation hard working pioneer wladyslaw starewicz starewicz helper painstakingly manipulated cast flexible insect figure tell story paving way like willis brien george pal ray harryhausen legion modern digital effect creator br br cameraman revenge minute long pack lot amusing detail story follows amorous adventure two beetle home nightclub hotel cinema eventually prison cell two brief dance number nightclub performed frog dragonfly scuffle beetle grasshopper large scale donnybrook cinema end projector bursting flame pretty elaborate going even john bray winsor maccay getting started walt disney still grade school br br interesting note impact alteration silent movie title card story told seen two version film offered two video company watched back back although image content almost identical two different set intertitles tell two different story plot outline someone provided tell yet third story suggests another version somewhere british film institute print rhyming intertitles tell story two sibling beetle secretly married hide information one another order inherit late father fortune russian print tell simpler story married beetle guilty infidelity russian version mr beetle visit girlfriend gay dragonfly nightclub english version brother bill beetle visit wife music hall personally prefer straightforward spicier russian story bfi version try cram much plot simple tale rhyme bit awkward br br still rendition cameraman revenge delightful film would make ideal lead great animated work feature beetle yellow submarine,1
hired dvd yesterday first started bad aspect ratio film keep getting worse acting bad movie way predictable like watching movie said going happen next guess happened right br br want see good action boxing movie watch one end disappointed low budget movie like go see ali way better,0
doll master example lousy horror film fallen somewhere space two well established genre horror film emotional drama film seems like doll master try hard scary horror film fails noise doll moving like taken croak kayako ju crawl like sadako esquire killing doll remember cute version chucky compared child play film superb story seems nothing brilliant camera shot brilliance acting taken away cause plot br br watch expecting great shock,0
start saying fan bad movie really bad movie state front passenger snake think accurate say passenger snake br br snake anything particularly interesting whole movie fact blunder little happening although occasionally great gore shot pulsating arm green goo puke bad movie green goo br br ending come along quite literally smack seat hysteria movie get boost rating br br certain movie world want show friend watch reaction certain event happens br br example arrival big man r kelly trapped closet line shark attack know hear arrival mama shark shark attack almost every scene troll ending dracula utter disbelief confusion end movie proudly sits category worth sitting get drunk stoned whatever poison watch movie mate br br quite simply like bad movie get get confused snake plane relation br br pay fiver either,0
movie part every around minute long based true story life joe bonanno telling see event notice heard different movie make tied chair till end think possible watch row notice watched row next day row acting movie ok scene awesome general could bather movie acting special effect glamor one show real thing story key movie one look spectacular rambo matrix titanic movie skip one good thing movie follow main story long boring love scene different interrupt something important crime business bonanno,1
intended light entertainment film indeed successful first half succumbs rapidly foundering script drop harry judd nelson reformed burglar daphne gina gershon aspiring actress employed live window mannequin department store one evening late leaving locked within whereupon witness less protective glass observation point apparent homicide occurring street ostensible murderer mile raymond nick mancuso local sculptor return following day observe mannequin since realizes possible witness prior night violent event one posing pair flinch fun begin daphne harry report observation local police station detective taking crime report remembers harry criminal background becomes cynical great many way film become hackneyed one manages utilize including obligatory slow motion bedroom scene passion low budget affair shot vancouver even police procedural aspect displayed rote always capable gershon try make something role mancuso incredibly histrionic bizarrely attack line obvious loose rein although film sag nonsense cinematographer glen macpherson prefers follow suit set camera lighting splendidly realised composition viewer may focus upon ignoring plot hole witless dialogue well crafted score appropriately based upon action contributed hal beckett mentioned dialogue initially somewhat fresh delivered well bantering manner nelson gershon subsequent context flawed continuity logic predictability take direction reflects lack original idea point view post production flaw set work back farther expected basic thriller,0
believe actually sat thru entire film friend rented jacket made sound good defense jacket correct supposed haunted room someone slept overnight jacket sounded like par freddy jason maybe shining farther truth br br fan minimalist surrealist film may enjoy looking good fright movie couple thrill go rent jason v freddy iv much better night,0
stealing crime guy kenny yakkel corbin bernsen look like going get away even seen film know suck fact steal story another film film matter bull crap imdb would allow profanity much bull crap become filled rage feel though throw window end k little much stealing worse br br ever seen pontypool awesome little zombie film made radio host go work zombie attack happens see going inside radio station guess happening outside occasional call eye sky ken loney easily funniest moment film mind bbc calling update situation review read conversation friend seen film pontypool film exactly like story minor tweak throw originality creativity window zombie infected whatever want call exact thing got infected change fact walk around mindlessly never ending quench flesh zombie zombie br br zombie okay one many back crappy movie zombie heard lot like one day later another better movie insane rage even insane quench flesh zombie movie define story matter zombie movie long taking idea another film sure zombie movie enhanced story case pontypool zombie way original day later started insane raging zombie pontypool even begin explain guy without ruining film evil dead think type name come evil dead romero master went different type zombie painted face zombie dawn dead raging zombie diary dead one unique style br br talking great zombie movie think time explain hate movie without even seeing movie right steal original story outline pontypool think called plagiarism illegal country many people get kicked school thing yet hollywood allowed apparently approved film take outline another movie try tell differently like worst period movie ever sure gem decade movie exact favorite crime movie twist big never guess till end force feed one suspect make seem impossible anybody else bam time guy look scene would mysteriously show blue say hey guy miss oh see coming ya well leave cliché closing statement one film surely want miss,0
swedish splatter movie world gone insane br br probably still common sight day swedish gore flick b movie business sweden seems trouble day long gone golden day rymdinvasion lappland movie seems trouble much talk still manages somewhat amusing mainly good fx great b movie script acting still pretty bad though actually matter much supposed gore flick nothing go bit wrong reason simply enough blood fill void br br every person know gert fylking good laugh role sgt though nearly laughed as really hilariously bad br br besides good part listed really nothing else recommend unless starved swedish b movie br br,0
would wrong reprehensible advise watch killjoy must better thing washing car throwing stone stream time nowhere near awful probably think almost proper film lot straight dvd sludge manage killjoy helped great deal trent haaga manic turn eponymous clown throw role fevered abandonment almost tip scale movie favour course take one man big shoe tammi sutton give entertaining director cameo since roger corman creature haunted sea whole thing nearly destroyed rushed sugary ending place almost good fun,0
cat brain series extremely violent sequence knitted together plot feel like overview describing director lucio fulci notorious year film making movie could also seen dark comedy sort effectively spoofing various claim violent cinema cause violence real life fulci go cast star central figure film thus showing audience man behind cinematic gore cat brain presenting clear story following instead poke fun clichés surrounding horror genre year br br lucio fulci play horror director struggling keep humanity intact year violent film making finally began reach start slowly steak meat general begin disgust colleague assure fulci need rest help soon grotesque idea movie begin overwhelm daily thought attempt find cure dangerously maddening mental state lucio start going local psychiatrist unfortunately wrong good fulci thrown even bigger mess psychiatrist turn psychopath mimic murder fulci film real life br br film retains trademark italian splatter cinema good bad comment acting technical aspect budget constrains quite irrelevant quality film visual experience doubt fulci throw incredible amount violence easily surpassing pretty much everything made amputated chainsaw limb cannibalism child murder decapitation many grotesque act witnessed cat brain obviously recycled director less profile movie stand context actually feel quite home noted movie exists much better satire genre rather serious piece way violence presented help establish idea sequence shortly climax rejected reality film revealed actually scene inside movie fulci character directing sort film film presentation lessens somewhat impact gore way make easy watch film oh far beyond level gore found mainstream horror gorehounds doubt satisfied fact br br lucio fulci polarized figure people either hate work love cat brain convince fulci detractor opposite nevertheless interesting part filmography one fan really check,1
started watching fay grim idea sequel henry fool latter movie envisioned sequel one arrived quite good assume seen original explain one start fay parker posey living son deadbeat henry thomas jay ryan simon james urbaniak still jail one day son get expelled bringing pornographic toy school ordinary toy hold secret explains much happened first movie secret delf deeper geopolitics syriana br br must say quite impressed hal hartley accomplished maybe one quite reach original quality certainly take good look going world end leaf open possibility another sequel br br also starring jeff goldblum,1
wish would read review opinion movie rented waste money waste time little dialog dialog hard understand every way storyline plot weak thing nice cinematography br br character interesting time spend much time trying figure thing lack dialog rewinding movie lot br br watch movie mess leave feeling like mess br br say heck movie end,0
read lot people disappointed film compared part initially could understand bit thought think wrong soderbergh continues fact based telling che life started part part told story revolution moving unpromising beginning ultimately successful conclusion part tell story revolution move unpromising beginning completely unsuccessful conclusion soderbergh fault part che life completely different outcome bravely chooses tell fairly straightforward way viewer may feel lot better coming cinema part part reality che life opinion fault director film far perfect probably long least part saw different aspect war guerrilla success part catch break see number constantly reduced death capture che capture death dealt well film greatly enhanced dialogue spanish benicio del toro excellent charismatic argentinian seen part see similar telling different story part,1
two year ago sundance loved josh kornbluth directing debut haiku tunnel looking forward brother frequent collaborator jacob best thief world drama seemingly good kid growing lower class area new york movie without poignant moment time kornbluth working way hard state obvious life difficult people life fair br br subtle important understanding despite somewhat abhorrent cultural underpinnings anti social behavior may spawn character shortage goodness humanity recoil language living condition cannot discount intent fact struggle maintain family adversity certain nobility u barely appreciate kornbluth grew neighborhood compassion people evident throughout br br said best thief world suffers many painful flaw including title character believable writing uneven plot line barely discernible many disturbing kornbluth us two young black boy mimicking gangsta rap scene question potential realism phenomenon pain see year old child mf ing talking sex line woman unnecessary shock value forced bit borrowed interest,0
movie waste time money throughout entire hour half continued wait get better never slow moving plot jumped around scary interesting really never amounted anything credit introduction long drawn basically like rest movie long drawn numerous part plot made sense several time movie thought maybe zoned incongruity plot however companion issue assured zone boredom indeed movie actually never posted movie actively looking movie imdb numerous year fact actually taking time write something speak volume bad movie waste time money,0
believe slanted jingoistic material getting passed american art house material early telling line like want make sure playing right team manipulative framing lighting love divided show true face crass manner irish catholic shown hegemonic protestant peaceful downtrodden poor representation history early u western depict struggle cowboy american indian truth story distorted stereotype outright vilification irish catholic story corruption admitted filmmaker sad people today still think win moral sway making film easily recognized obvious intent far attempting art film business anywhere legitimate cinema library,0
fame think best movie ever seen way funny dramatic make movie true loose end actually lot still think terrific movie funny thing happen audition beginning movie think hilarious girl try act j simpson towering inferno raul ralph go around every art department saying father great every one say dad danced rocket left ralph tap shoe rocket far know made woman tap shoe regular shoe bottle cap bottom also guy read line juliet romeo juliet play funny one thing movie turn music never heard anything like favorite song sing body electric second theme song fame irene cara great voice great actress like way movie focused many ethnic group showed kind people actually called la guardia school performing art movie showed triumph trial many young performer including angelo doris bruno coco montgomery ralph leroy hilary liza hard time made way movie could added another minute graduation still favorite movie matter,1
movie received great write blockbuster coming attraction looking forward release date plot sound reasonable cast alone guaranteed side splitter whoa apart wall betting event quite bore br br never become comedy classic afraid done help fine comedy reputation john cleese rowan atkinson quite funny rowan atkinson sort way,0
bonnie clyde thelma louise fine road movie set two main character gently easily viewer learn underlying tension quickly tribute director young french english speaking son want well france french girlfriend drink alcohol party young men moroccan arabic french speaking father devoutly follows muslim faith generosity wisdom elder reject new culture surrounding like mobile phone film could explore powerful politics odd couple drive thru former yugoslavia thru turkey thru middle east get mecca area muslim population involved war repression ethnic cleansing dictator pursued torture summary execution hold power religious community constant deadly battle yet film move thru place possibility hint agenda relationship two key film faith politics backdrop seems saying human need understand care order manage well world certainly natural born killer better,1
solid comedy entertainment musical interlude generates fast pace carry proceeding along zestful tempo maze humorous chiller complication boris karloff bela lugosi peter lorre form strong setup sinister villainy script contains standard mystery film prop sliding panel secret passageway thunder lightning poisoned blow dart karloff lugosi lorre go heavy leer obvious melodramatics gaslit era kay kyser band offered great entertainment people living trying forget horror world war ii,0
movie bad saw rated unrated version terrible know suppose low budget porn spoof spiderman spiderbabe good bad good funny funny wanted laugh tried laugh movie let least unrated version lot nudity look forward mundae great looking woman waist okay way leaf much desired look good school girl outfit please must watch spiderbabe rent first rated unrated really make difference bad,0
like big mechanical toy say character early commenting jaw well blood surf would wish beast convincing shark jaw series word digital special effect movie terrible acting directing much better either seem suited deodorant bubble gum commercial horror movie attitude people worked film show contempt genre audience saying liked film encourages filmmaker offer u crap destroying poor horror genre,0
remember worst film watched total waste actor audience time prefer sitting tv think film right film maybe film recorded make people believe moscow mystique past must say expect anything else rade serbedzija expected vincent gallo film lack plot character development denouement entire movie underground tunnel mystique must fair camera effect even poor picture total waste time,0
must admit one lou costello film actually saw theater seen v must admit lou really enjoyable get girl first time seeing dorothy provine perform course fell love like many others day seen work done enjoyed one performance great race one reason bought disc first place br br every comment movie tell one movie lou costello bud abbott true lou lived would made many really good job rely old routine get laugh one sorry little man patterson n j get chance br br hope come dvd time add comedy sci fi collection,1
say without shadow doubt going overboard single worst film ever seen yes seen cujo adam sandler abomination schecky moskowitz wannabe comedian working cruise liner plot br br nothing else film make sense place like mad man breakfast wacky naked gun kind way frustrating throw shoe v kind way even general noriega make appearance reason comprehend certainly humour add mix miss australia worst australian accent ever heared something call worst film ever made going overboard even fit basic definition film highly recomend seeing film elevate standing every bad film ever see guarantee first thing say seeing bad film least bad going overboard,0
treading water beautiful movie would put straight wonderful short movie cosa bella fiona mackenzie coming also tolerance acceptance general looking forward seeing laurel himmel work future actor angie redman nina landey quite good main character relationship could strenghtened bit understand strong bond maybe could explained bit surprised angie redman appear much movie great first step director laurel himmel sure see skill,1
ok brought cheese love run became phenomenon anorexic twin became popular bob saget started making paycheck instead really funny stand people knew dave coulier life good simple one great american classic humorous always brought home good lesson differ norm liked last season like home improvement child get older lot script dare say could gone much later anyway gave wholesome funny story line bob saget,1
never impressed night gallery one episode stand br br tv network executive audition odd act young nerdy boy proceeds make prognostication exec dismisses whole thing flaky waste time prediction come true next morning br br first seemed parlor act becomes hit show kid prediction prove consistently accurate br br one day refuse show facing imminent showtime everyone wit end even threatening legal action fulfill contract make daily prediction br br young boy relents foretells seemingly utopian tomorrow br br show befuddled executive asks explanation learn complete truth terrifying reveal,1
looking rent dvd come across movie called end game star james wood cuba gooding jr synopsis taught political thriller well worth look thought br br boy wrong br br end game ridiculous plot ever displeasure enduring something whodunnit really tear would like without ruining yet experience monstrosity question done earth get resource pull abundant following film unintentionally hilarious conclusion br br acting know film almost feel actor realised made terrible mistake signing movie show performance one accompany laughable script seriously flawed irritating direction recipe cinematic poison br br course make cinema reason allow living room appalling,0
ok begin movie changed life plot seamless james cahill done initially first viewing disappointed seen silver screen however exploring dvd many feature oh god jakes cahill commentary film almost flawless acting told industry secret used film get experience br br impressed actor scene security guard talking girl hallway reminded favorite blue pornographic movie certainly gangsta express disappointment sequel br br still blown away viewing martial art skill involved matched sign indicating location library school possibly guy playing retard timeless classic best film come europe year oscar dawn,1
robert downey jr th century wig dress enough make shudder believe great actor like sam neill actually took part movie whole thing unbelievable especially like merivel cure crazy dance hey presto everyone happy better guess like character merivel much therefore watching whole movie supposed transition whoring buffoon great physician grueling br br also entirely sure think plague well famous fire london took place simultaneously,0
movie two brother supposed alike way expect smart one surgeon able write computer code genius like call sound exaggerated compare personal characteristic perceive material title br br honestly like style movie believe anxiety confusion deep blue brings purpose get much movie cheap scene tell story basically human aspect give comic book like experience however visually numbing viewer somehow brings inside blue brief dialog monotonic scene dynamic cut music abrupt noise br br movie storyline simple going dramatically pictured long minute mostly confusing delirium simulating effect drug use dynamic cut br br say openly movie meet expetations tiny bit,0
bill rebane capture bigfoot one awful horror movie ever made greedy sawmill owner harvey olsen richard kennedy decides want bigfoot captured cost however local game ranger dave garrett stafford morgan learns bigfoot used live peace upset geological expedition set protect creature nothing even remotely interesting piece crap film extremely dull filled horrible song cheap special effect gore suspense gigantic boredom avoid horrible junk like plague,0
series random seemingly insignificant theft sister boarding house miss lemon quite agitated ring light bulb rucksack lighter stethoscope shoe  seems rhyme reason miss lemon asks employer great belgian detective hercule poirot look matter poirot see something far sinister miss lemon could imagined poirot fear confirmed one student living boarding house found murdered poirot bring killer justice br br hickory dickory dock solid spectacular entry long running poirot series appreciate faithful script agatha christie original story realize certain liberty taken appreciate effort nonetheless major point mystery  petty theft boarding house student ripped rucksack course poirot ability see something sinister going actually happens exception cast student almost pictured damian lewis jessica lloyd standout among group mush always enjoy david suchet poirot get real kick episode phillip jackson inspector japp pauline moran miss lemon episode real treat miss lemon get screen time usual finally enjoyed use ever present mouse observer activity hostel fun little play hickory dickory dock title br br realized watching hickory dickory dock tremendous influence agatha christie work highly stylized italian mystery film gialli take murder mr nicoletis example bump graphic nature scene would something straight early giallo fact entire plot hickory dickory dock could used giallo convoluted interesting enough worked,1
seeing movie first time turner classic list dangerous female multiply appreciation bogart astor version ricardo cortez must getting paid smirk hope remembered dentist brylcreem salesman made actor woman good better well una merkel little better interesting original joel cairo mr gutman competently deliver many individual tic almost nothing set changing atmospherics successor role peter lorre sydney greenstreet humphrey bogart mary astor somehow transcended essential seediness character remake sam spade ruth wonderley br br movie exactly stink lie like big slice ham chief value today reminder great movie like falcon happen scale rate mainly camera work supporting player,0
south african living south africa year stay uk sorry say movie huge disappointment three main problem movie swank ejiofor american nigerian play lead country bursting talent need import b gillian slovo trading struggle credential year mediocre writer even novel stand flaccid direction mr hooper c hilary swank great actor proved million dollar baby eastwood dressed contemporary new york style whilst roaming freely around poverty karoo consideration sensitivity needed costumer director yes film ultimately moving could overall mood conclusion one tremendous letdown heart right place need pace maker,0
movie funny mindless funny enjoy movie completely perception film like go enjoy side joke pun involved film still find bit start funny say want beer cock funny stuff make film decent fact try hard create serious spin film many comedy try serious aspect believe different focus funny must say though yasmin bleeth terrible film add nothing main guy coop remer squeak funny watch make film great watch,1
larry mcmurty masterpiece stand good western lonesome dove ever take role woodrow call great portrayal style also easy see looking use stepping stone v series version writer knew keep flavor alive william peterson awesome geeky c guy character play guy seems br br deserve enjoyed enjoy western br br star,1
watching quintet unlike watching group people playing word game portuguese language understand get idea playing game watch closely enough may begin understand rule bother since clear join want chance br br director robert altman one beg audience like film let alone understand sometimes let slip picture part crowd like h nashville wedding film full hubbub orchestrated chaos one two body scene make much difference time seems resent fact someone might even watching film image three woman story almost personal monologue made audience one altman quintet altman seems purposely dare anyone become involved narrative br br depend altman logical expected sometimes thing make film remarkably iconoclastic sometimes unexpected daring dumb instance quintet introduced young woman apparently last person earth capable getting pregnant indeed child last ray hope decaying society almost immediately extinguished altman even wait end play last depressing card elaborate nihilistic pessimistic tale let u know empty meaningless life right bat brave maybe stupid definitely devoid purpose try build story rapidly melting iceberg reminding u pointless effort br br record quintet least claim prophetic story centered treacherous game played various bored character form tag assassination game handful people target elimination would assassin would victim two form alliance kill third die new target assigned whoever life win happens exotic inhospitable wasteland great extent extreme sci fi version survivor minus commercial plug faked reality br br bad concept sci fi epic post apocalyptic setting microcosm world cast pointedly multinational game trusted least long one really win literally cold war steely eyed director taste dark humor violent invention could field day mystery quintet game played exists game quintet metaphor life altman seems see nothing material chance show life empty meaningless game conclusion obvious untrue given lively albeit cynical nature rest diverse film believe altman belief quintet either altman faith material,0
italian horror lover seem hate movie since connection first two demon film demon iii title one would assume would problem film never intended part demon series distributor demon iii original title ogre cash film popularity new american dvd release picture title demon iii ogre box art film say ogre know past release title demon iii actual film new release seems little white lie get past demon iii title might enjoyment ogre start creep intro stay pretty creep throughout gore film movie slowly still dug expect like demon film give ogre italian fan try,1
greeting darkness director alejandro amenabar creates life odds based true story version one man struggle control destiny great javier bardem fascinating watch role ramon eye head movement leave little doubt going mind dream fantasy sequence overused prove effective explaining want want rather force u answer euthanasia question real question posed love every turn see people love looking love dying loved script tight keep film moving despite filmed mostly one room supporting cast wonderful truly feel pain family member deal ramon decision gem deserves seen,1
voting option compelled use next available figure br br sad day bollywood type movie star cast actor nothing bunch juvenile acting awful script br br movie nowhere near called clone hitch salman khan usual take shirt theme govinda humorous laugh somebody told decade ago would writing comment salman success maine pyar kiya would written,0
generally good movie ideal ending acting spectacular character stray person especially liked plot although knew going happen still gave element surprise entire movie however find coming ending could little longer extended maybe seemed like rushed bit writer trying take linen line rain fell instance happened tristan brother hayden know died hospital maybe one setup entire thing know maybe sequel maybe cant wait see,1
enjoyed asterix book film love film yes admit mix book film character brilliant people showing cgi left right centre already seen several time laughed sock br br course contains main hero asterix astérix obelix obélix dogmatix idéfix time someone new deal br br sense humour like gaul go bless em,1
year old virgin made laugh lot care considered sexual comedy enjoyed many joke scene present movie steve carell perfect virgin nerd andy stitzer think scene andy chest hair removed wax one coolest specially real many actor actress present movie well known already famous way br br andy stitzer peaceful life little bit strange collect lot toy seems harmless one day playing poker friend work discover andy fact virgin already year old surprising revelation friend trying make andy sleep woman problem confusion andy get specially really starting like trish woman met buying dvd player store work,1
cannot get past message movie laid much clearly ignore obscene lost sense read novel pollack film open scene cia front organization new york broken two professional assassin headed max von sydow proceed brutally slaughter half dozen quirky staff member come know understand staff include elderly female receptionist fussy elderly professorial guy toupee fall machine gunned joke last beautiful tina chen look copier realizes murdered say pitifully brave scream von sydow reply sympathetically know murder completely unexpected savage unmotivated anything aware graphic brutal scene br br absolutely way von sydow henchman redeemed yet exactly pollack try towards end br br killed innocent good guy von sydow switch side side willing pay assassinates evil mastermind behind complicated intramural cia plot script turn perfectly reasonable sensitive human better live europe thing rushed whatever swear making pollack want u believe better honest mass murderer crooked bureaucrat message write case forget exactly kind psychiatric shamble order turn ordinary value mention common sense upside like understand thoughtful adult dislike government united state even hate see conspiracy everywhere providing knee jerk explanation otherwise unexplainable event know people think way exist number among closer friend nevertheless point dislike hatred increase intensity must pas beyond politics ethic realm psychiatric moment believe man murder people money better sinister government official care suave cultured murderer whether know reach louvre metro whoever purveying message need either medication meditation br br like able argue production thoroughly rotten message quite well done way worse make film less dismissable even new york city look photogenic screen long time since thought new york photogenic robert redford admirable job projecting character initial shock confusion turn telecommunicational semi genius man look fine wardrobe right even rimless glass becoming peacoat everyone make navy pea jacket look glamorous seems extremely handsome swine want look like want wear denim shirt tie panache faye dunaway alright role believable role would anybody eagerly sleep guy kidnapped holding gunpoint even look like redford would anyone emotionally wounded ambivalent relationship end redford asked tell anybody happened cliff robertson surprisingly good one two extremely good double take mailman superb fight redford crowded apartment exquisitely choreographed really know sure turn redford book reader seems mismatched brute cunning hired assassin one john housemann final role shame magnet screen end life friend find lost wandering street new york neighborhood familiar life br br yes movie well executed ignore vicious paranoid message problem leni riefenstahl triumph olympic documentary announcer watching foot race jesse owen pulling lead say ominously negro dangerous,0
largely dense road movie comic relief provided excellent john cleese although really sending performance fawlty tower seems flip top slapstick slushy sentimentality drop hat worst part film martin hawn find etc see peril,0
switched cable whim treated quite surprise although predictable film turned quite enjoyable big star well directed plain fun hyped crap nice get unexpected surprise little film fit bill nicely,1
earth become dear ramu man made sarkar satya comapny refuse believe aag ramu ambitious project clearly jumped high cliff ascended giving industry greatest work time movie made fall like brick cringing leave theater forced sit able take car parking lot others also left else nothing would made sit beyond interval br br movie nowhere close sholay even come near within mile believe ramu surely love godfather sholay since sarkar classic piece work read ramu interview couple day back interviewer said ramu sleep hour day stretch completely agree lack sleep probably taken toll movie br br power performance amitabh bachchan even look scary looked terrifying poster wallpaper saw earlier ramu favorite nisha kothari fantastic job sarkar many dialog fact none remember clearly opened mouth movie found place history new guy playing jai role seems brash look manage jai role cant go im sorry pain big manage right br br promised throughout movie watch original sholay see still br br bottom line horrible movie medium critic going cook ramu goose remind reader one biggest ramu fan even cant spare act,0
well made documentary focusing two sudanese refugee get resettled united state basic fish water story non fiction twist found fascinating see peter santino lived prior coming america adapted arrived houston texas expected sort heaven found lot harder look cope well state go hopeful idealist somewhat realistic skeptic everywhere go meet bureaucrat paper trail citizen may take granted fret blacker african american feel accepted one lost boy manages leave houston go olathe kansa find condition slightly better still less ideal people try help well try hurt film shown talked put gun head robbed leading one lost boy comment negatively black people america good found interesting arrived houston august month world trade center attacked terrorist hoped see reaction tragedy mentioned still really well done documentary narration none needed really lost boy fine job expounding event going around without help thank much,1
falcon snowman superb example anti film many film decade general lacked substance film pure substance nothing stylish fake superfluous boast two superb performance timothy hutton sean penn lifelong friend christopher boyce daulton lee respectively hutton penn tom cruise triumvirate early actor looked headed much bigger better thing starred tap penn cruise popularity soared hutton largely forgotten shame actually hutton first win oscar supporting role ordinary people think performance movie even outstanding br br hutton really capture post vietnam war rebelliousness character chris boyce failed seminary school student chris love hate relationship father well played great character actor pat hingle scene chris quote poem father thought long forgotten particularly powerful one br br chris get job dept defense us hatred u gov foreign policy sell seemingly useless plan old project soviet get buddy daulton hyper drug dealing self server courier project plan microfilm chris based belief daulton strictly money soviet liaison excellently played david suchet penn suchet real quirky chemistry kind funny set exchange make mistake film anything serious character study pessimism malaise paranoia mistrust br br lead make film hutton delivers brilliantly understated performance chris rather smart young man much potential penn usual tremendous characterization daulton pathetic loser act think time think ending fact based film saddening several level truly powerful character study,1
spoiler alert throughout australia summer turned deluge rain hail stone size baseball causing havoc coastal city like sydney hectic condition tax lawyer david burton richard chamberlain got involved case defense attorney involving death local aborigine found dead outside sydney bar br br five fellow aborigine arrested billy cormans athol compton death determined police coroner billy died drowning violence even though bruise neck shoulder yet court decided prosecute five death charging manslaughter instead murder br br david defending five get help defense accused assailant opting remain quite keep happened billy take coming court one defendant chris david gulpili begin somehow invades david dream want tell really behind billy death br br david first taking dream chris seriously begin sense real meet courthouse chris confirms david dream showing strange looking black rock david saw chris dream later meeting chris turn aborigine shaman charlie nandjiwarna amagula came house evening david told like charlie spiritual power inherited mother grandfather power reveal future strange weather condition flooding australian continent earth chris tell david going gigantic cleansing cycle old world washed away new world ready take place br br david confused chris charlie telling rain continue increase ocean wave start rise feel something terrible going happen david want know aborigine folklore scientific fact logic behind end world like revelation br br obvious chris charlie member aborigine tribe right heart modern sydney alone get chris well four friend murder billy since australian government prosecute tribal aborigine leaving justice done tribe still chris refuse admit member native tribe four friend convicted manslaughter billy death sentence handed judge within day br br david determined find reason chris silence billy die taken chris scene crime david find billy betrayed chris tribe member going billy member chris aborigine tribe also revealed david kind spiritual connection austrailan aborigine charlie step father rev burton david parslow told br br stage set great final cleansing cycle david seeing night time dream day time vision come form massive tidal wave rolling pacific ocean australian coast city sydney submerges entire continent,1
film begin little girl rita seeing father killed apparently criminal squealed fellow crook later part make little sense girl grown adulthood still father past haunt bit later rita meet good nothing date one date bit intoxicated driving like total fool cop give chase speed away killing pedestrian meantime come really stupid part convinces confess crime assures lawyer get scot free oh would agree yet spends next couple year prison soon conviction boyfriend disappears showing total heel chump later release friend jack la rue informs truth boyfriend explains boyfriend family loaded shake lot cash trouble put taking rap frankly make sense certainly owe especially since knew go prison every intention using casting aside br br idea bleeding money rich chump good plot idea however way would occurred first place hard believe anyone could stupid take rap hit run interesting twist dumb lady decides life crime donning wig picking rich guy taking desert robbing gunpoint wow changed apparently love idea stealing phony e rich hypocrite however made sense soon stopped began shaking father old boyfriend bothered petty robbery meantime made little sense also bit hard believe instead wanting money old jerk interested getting put influence behind mob controlled man mayor odd odd br br meantime another plot develops involving young alan ladd undercover agent infiltrated mob chosen happens dead ringer real crook cliché make sense real crook jail committing crime fake one infiltrating mob another town br br eventually evidence ladd able uncover enough issue warrant mob kingpin including rita case bad timing interim made decision become decent legitimate woman met really nice guy want marry wow odds overall goofy rather dumb movie suffers kitchen sink syndrome word way many plot element weird twist make movie least bit believable plus since movie little hour long seems forced contrived relatively bad b movie crap studio prc note performance alan ladd gained great fame following year paramount br br way dvd released alpha video company sometimes release wonderfully obscure title mostly public domain never clean print add closed caption word dvd production value strictly rd rate best,0
based one book gabriel marquez might brilliant literature cinema adaption really suck like fighting sleep rather enjoying cinematographic delices story old couple whose son died living life heavily dominated poverty wherein main character cock hopefully one day brings money forthcoming cockfight mood spill word useless pretentious piece perhaps see salma hayek sitting minute front screen gracias,0
planning watching wasted saw mtv preview since nothing better watch sunday night watched br br wasted requiem dream good movie considering made mtv one thing drew watching summer pheonix sister late wonderful river pheonix stared suppose talent run pheonix family good jaquien though niether river nick stahl also give great preformance junky jock much else say wasted dark depressing insightful look life three small town junky recomend like subject,1
bad good bad violates geneva convention prohibition cruel unusual punishment reading synopsis even figure plot straight video disaster hodge podge grainy stock footage spliced together time worst acting ever misfortune see comparing incompetent turgid humorless mess dead men wear plaid like saying gigli like citizen kane talentless cast costumed cheap j c penney goin church clothes slightest attempt period hairstyle make really want see sort homage work check lost skeleton cadavra clever well written best performed actual actor agony watch matter seek work phoenix artist paul wilson whose sci fi short attack foot courtesy lady leaf film dust people terror tropic look sound like pulled street given script read one take insult bela lugosi boris karloff lon chaney anyone else involved film cannibalized make schlock fest money problem lot accomplished little expense good script decent actor z grade costume production design given called director created stinky pile cinematic offal let hope promise sequel come true far scariest thing shown whole movie,0
know describe movie definitely one weirdest movie seen long time unsettling time also boring place scene dental torture elaborate may attract anyone gore splatter found holding teeth aforementioned scene clever thing movie play fear dentist therefore quite unsettling br br humor film somehow hidden may recognized everyone fan weird strange entertainment teeth getting drilled dust film looking br br read comment feel somehow attracted kind entertainment give try br br rating maybe little weird taste,0
un funny un entertaining possibly worst movie ever misfortune watch think ernest go humour done even worse girlfriend sat see could consistently dire seems opening sequence yes avoid cost,0
need say much good documentary truly amazing piece true narrative story simple enough white senior citizen tourist murdered young black man florida boy arrested mistreated put trial public defender family side enthralling public defender joy watch human way help pull triumph justice ending fulfills could expected true story br br shame people seen documentary hopefully find way watch interested race relation united state actual working law enforcement legal process well worth time effort find documentary give,1
say think write spoiler alert reveal used f word lot movie like every two sentence like movie much hint sexual perversion sidestep cheating swearing totally window gave movie two point mira sorvino sexy movement dance floor,0
hard imagine anyone making tom cruise film look good hard indeed one make look good good actually make look like sir john gielgud celebrating good acting day bravura performance br br acting entire ensemble struggled rise risible failed fault part let u fair plot bore much resemblance hg well original butchered carcass human victim film living predecessor bloodied violated remnant attractive predecessor describe plot bit holy say colander kitchen utensil remarkable lot hole unless hole bag case film commend br br fault part demotivated jobbing dvd actor knew full well one assumes exhibition would wind dvd shelf overpriced br br watch yes course miserable sinner deserve punishment,0
steve irwin admire man willing throw river clearly filled crocs snake lizard ton poop aforementioned reptile mud daily enthusiasm never able make want managed make wife come close br br movie fall parallel universe film category film people teeth drilled migraine film experience therefore like quiet mediocrity currently well populated disney film noisy well steve noisy happy time would cut right blasé teenager hear movie stupid tylenol codeine say enthusiasm catching would room full snake happened yet agreed beauty still going pet br br plot indeed predictable bad guy bad minute thought shopping consumer electronic superstore movie filled animal steve terri watched plot could call really reason throw yet another croc truck expectation low stayed way br br hoping though would bit sequel steve terri worked acting skill movie real plot animal fur still believe see steve anymore hope terri child continue involved australia zoo discovery channel least imagine seeing crocodile without member irwin family telling forcefully wonderful croc crikey,0
darr great movie shahrukh play obsessed lover almost anything win lady case juhi chawla little juhi know film shahrukh major crush constantly stalking admit thing movie pretty creepy like threatening phone call never life forget line love k k k kiran br br bad shahrukh juhi exactly together film juhi sunny make fairly good couple movie though shahrukh role pretty psychotic still think great job playing possibly imagine anyone else role wonder got award darr br br juhi say look especially amazing film always look amazing film darr give public wonderful image br br music excellent especially jaadu teri nazar one time favorite song also thought tu mere samne quite nice also br br must see everyone overall darr deserves,1
annie rooney life officer father brother tim slum new york constantly getting involved many fight neighborhood kid annie secretly crush joe kelly whose little brother mickey head gang annie constantly battle gang headed trouble say officer rooney kelly sponsor dance tony plan shoot kelly order get even making look like fool front girl officer kelly get fatally wounded instead tim part kelly gang told tony friend spider kelly shot father go vengeance annie learns go stop brother time good mix humor heart film even though plot start minute mark film pickford enjoyable even though playing girl really get character haines play kelly tough able make audience feel emotional level scene officer tell annie father death ending really put lump throat mix sort kid throughout film fun watch rating,1
pretty simplistic romance girl find boy girl love boy girl loses boy girl find boy colleen moore outstanding ingredient recipe delivering wonderfully varied dramatic romantic performance well deserving oscar nom equally fine aerial combat special effect br br moore play french girl whose mother turned field british aerial squadron wwi daughter regiment loved little sister mix come fill downed flyer gary cooper first hate love entire squadron sent suicide mission cooper return crash village red cross unit remove moore search told hospital dead wanders street call hospital window reunited br br nice little romance hardly recommended fan m moore mr cooper,0
usually walk movie halfway thru movie promised something different kept thinking seen spoiler alert back spaceship crash land earth well year later super adult board less thing still manages burn crash advanced civilization seem develop landing gear industry liberal get see another woody allen movie black please superman run around saving people making sure stick europe u go darkie area please maybe could stomach year ago,0
fan paranormal love ghost hunter show first came decided give try could barely sit one episode show obviously staged mean come every single episode involves someone possessed involves demonic force trying kill family another huge flaw guy never debunk anything watch ghost hunter find evidence try disprove evidence show find voice piece video evidence quick call ghost completely ruin credibility unlike tap ghost hunter actually know honestly interested paranormal want watch show watch ghost hunter,0
gotta say usually like horror movie never seen however one pathetic gory taste used gory gut wrenching type particular movie lame acting horrible yet corny pun intended one liner cute sequel scarecrow slayer even worse yes probably first came huge rave people liked movie like ring exorcist emily rose come movie like make movie like scarecrow seem childish want movie pas time pick one special effect cheesy heck seeing low budget movie kind see would come kind remind movie child corn independent movie rock time want see scarecrow killing people corncob sequel scarecrow going movie would,0
know mouthwash commercial guy mouth full listerine whatever trying really hard keep spitting sink great metaphor movie kept watching even though really difficult keeping mouthwash mouth leave minty fresh feeling movie left bad taste mouth spit chance br br premise corny enough fun first time like thousand year gargoyle returned romania priest knew fight kill thing long dead michael pare secret agent get bottom thing gargoyle run amok unfortunately premise completely lost bad dialog less enthusiastic acting part human lead best acting done cg gargoyle br br end movie feel like poor man van helsing check brain door might get dreary monday night gave star,0
mild spoiler contained herein spoiling film save trouble watch br br jet li movie fall one two category shaolin period movie movie set modern day hong kong revolving around triad triad like organization genre best worst film twin warrior jet li best shaolin era flick evil cult worst fist legend recent past best modern era jet li movie black mask without doubt worst br br jet li play self exiled mercenary received injection give superhuman ability shortens life span new life exile play pacifist librarian old mercenary squad go rampage jet li becomes vigilante determined stop don silly corrugated cardboard mask conceal identity police public librarian well conceal true identity ex comrade arm br br version saw dubbed horribly jet li capture hold hostage library co worker pacifist love story police chief care learns black mask true identity plot plain bad bad way superhero cheesiness bad sense character never properly developed bad character interaction topped half explained story quickly lost interest br br action martial art sequence way top lot blood gore severed body part aplenty explosion matrix style superhuman martial art fiasco present film unfortunately film best selling point want see jet li playing vigilante superhero mission impossible style movie black mask delivers rest u jet li fan true disappointment one movie jet li never get jet li get neither chance charm u charisma chance impress u impressive yet realistic martial art ability br br normally chinese knockoff ozzy osbourne would enough engross film sadly black mask proved exception rule indeed antagonist movie way dress long straight hair trademark round sunglass look like modern aged ozzy osbourne however villain screen long enough make gimmick worthwhile assuming likeness ozzy intentional addition villain look also ran satanic looking hideout much could made ozzy osbourne villain gimmick writer director anyone bothered give background develop character film arch villain br br black mask first jet li film released video usa lethal weapon glad stayed away may well ruined whole perception jet li martial artist actor want see jet li worst rent black mask evil cult make double feature horror intentional unintentional otherwise stick move utilize talent jet li plot semi well thought plausible star,0
think brilliant australian comedy think skit show although quite partial bit full frontal even sitcom think satire something australian really know well eg front line micallef program know take pi chaser war everything classic example really well br br huge fan chris taylor craig reucassel long time remember listening triple j afternoon show remain two funniest comedian around br br although sad left triple j excited find investing much time made leave cnnnn triple j time figured something much bigger amazingly hilarious show chaser biting political social satire best br br also pleased say recently received much better time slot friday night moved wednesday night right spick speck thank abc finally tape,1
stuff going moment mj started listening music watching odd documentary watched wiz watched moonwalker maybe want get certain insight guy thought really cool eighty maybe make mind whether guilty innocent moonwalker part biography part feature film remember going see cinema originally released subtle message mj feeling towards press also obvious message drug bad kay br br visually impressive course michael jackson unless remotely like mj anyway going hate find boring may call mj egotist consenting making movie mj fan would say made fan true really nice br br actual feature film bit finally start minute excluding smooth criminal sequence joe pesci convincing psychopathic powerful drug lord want mj dead bad beyond mj overheard plan nah joe pesci character ranted wanted people know supplying drug etc dunno maybe hate mj music br br lot cool thing like mj turning car robot whole speed demon sequence also director must patience saint came filming kiddy bad sequence usually director hate working one kid let alone whole bunch performing complex dance scene br br bottom line movie people like mj one level another think people stay away try give wholesome message ironically mj bestest buddy movie girl michael jackson truly one talented people ever grace planet guilty well attention gave subject hmmm well know people different behind closed door know fact either extremely nice stupid guy one sickest liar hope latter,1
br br film summary visconti obssessions decadence nobility death aesthetic search homosexuality mingled melancholic mastery slow paced make abler contemplate beauty music image well story type film allowed enjoy anymore brave deeply personal intelligent genuine fruit genius like visconti,1
disney bill paxton fine job conveying story based fact like game golf appreciate story one man struggle overcome odds could based sport simply situation involves competition though one happens related golf problem story would liked see bit deeper main character esp mr ouimet mr francis ouimet typical young man time turn century america class line well delineated woe anyone deigns try rise class standing bit historical research biggest question indeed answered satisfaction although circumstance bit different portrayed film came away feeling content thoroughly enjoyed movie believe,1
shockingly bad movie literally gasped first time seeing blue screen puppet imagine worst blue screen special effect ever saw make somehow far worse combine poorly made rubber play doh puppet look like something semi retarded pre school art class add screeching yngwie malmstein esquire melodic metal guitar solo stuff way loud last way long overall film absolutely awful make feeder look like rashomon one worst movie ever seen every quantifiable metric spiraling dismally downward much like waterlogged turd perpetual slow whirlpool broken rest stop toilet still though film like actium maximus missed bad movie conesseuirs even looking clip youtube someplace movie bit eye opener stomach ride think director may mentally ill though bit debasing watching discus project get sense truly belief created something wonderful guess star war kid gonzo filmmaker mess,0
honest yall junior high school sitcom first aired abc think would like john ritter felt little potential plus something else liked acting great lot horrible nd rated comedy line john ritter always brings game come comedy great show watch tell great show father never watch sitcom watch movie sport law order actually sat brother sister mother watched show think john ritter honestly think show would still running john ritter god rest soul wish passed away,1
one funniest movie ever seen know real world people show movie top notch never seen real world still think extremely funny movie get inside joke actor tv show,1
co directed starring rutger hauer film short based short story dutch writer harry murlisch br br minute film length get see life time harry unravels long time fascination room pass constantly youth returning city many year later find rented room br br using black white film texture accentuated delicate telling tale voice harry drawing world br br subtle tight performance rutger hauer non speaking character wonderful soundtrack dutch musician dyzack br br moment difficult see movie available dvd region l infidele liv ullman bonus track due released dvd hitcher another tight different performance hauer br br see film,1
fascinating downer would male hustler new york city forced live condemned building crippled con man extremely bleak examination modern day moral social decline extremely well directed john schlesinger never topped work superbly acted jon voight dustin hoffman pack quite punch overall yet fantasy scene played chuckle mildly intrusive mod drug party relationship develops two men sentimental yet filmmaker careful get mushy give picture edge might lesser director schlesinger originally x rated winner best picture oscar screenwriter waldo salt adapted james leo herilhy book schlesinger also statue,1
director movie must mentally ill even high accepted direct movie rather stare ceiling hour straight instead punished watch stupid movie parent make watch punishment watch director movie must mentally ill even high accepted direct movie rather stare ceiling hour straight instead punished watch stupid movie parent make watch punishment watch director movie must mentally ill even high accepted direct movie rather stare ceiling hour straight instead punished watch stupid movie parent make watch punishment watch,0
epitome bad film making unless pre pubescent girl riding big name like madonna story line physically assault one intelligence humour suited nursery school ever doubt think turd movie clearly display madonna absolute lack acting talent made feel highly embarrassed behalf thing believe ever let director near another movie madonna spends movie prancing around like infantile rag doll talking like baby painfully obvious reason movie ever made due fact madonna big name pop music time duped seeing awful attempt cash pop stardom stay away cost,0
sure legitimate submariner would happily ship usos seaview yes so could play full court basketball torpedo room large bout bay window bow better see giant squid minefield appear nowhere mention colorful mess cook parrot shoulder admiral stateroom appears loft big bleeping sub br br ok ok never gonna win prize authenticity sub laughable plot even worse somehow van allen belt radiation hundred mile space caught fire going make global warming look like weenie roast pompous admiral nelson walter pidgeon along sidekick lucius peter lorre looking suitably uncomfortable hatch scheme put fire firing missile midst br br plenty intrigue sic along way born survivor little dog two dame never leave well enough alone passel red shirt expendable plot hole big enough godzilla walk thrill seaview chased look like mile per hour another sub need advanced sonar follow foot astern br br movie careen one cliff hanger another payoff anticlimactic pointless certainly worth hour minute wait br br technical adviser shipwreck must year old boy stack popular mechanic magazine worth watching riff upon,0
voted excellent film took two snapshot americana one one every year afterward br br nothing really changed br br joe actually jerk big stupid slob mad everybody else world idiocy really spoiler key film big corporate never wrong guy making friend semi troglodyte joe get kind validation bigotry stupidity sense wronged br br yet would argue dealer boyfriend deserve die kid ripped joe compton joe compton actually getting hash young skin got ripped simple film many way except new york city par battle zone thanks nixon care money going war vietnam write long wait netflix film make happy think people want learn pretty good snapshot exact bit caricaturist actually pretty close back scary thing thing changed much sure welfare mean wage slavery br br amazing millionaire complain making enough money complain hour much pay people,1
broadcast news open series brief vignette clever way starting story tv anchor clue reporting br br speech group would reporter bored presentation leave last one exit co host event say quietly holly hunter think q subtle line brilliantly written low key comedy farce show biz aspect tv anchoring br br william hurt inept news anchor find working holly hunter network anchorman hurt badly need help remedial reporting holly refuse take bait first know capable looking good reporter prof quick study long earpiece working getting straight info executive producer hunter br br holly anchor friend albert brook help feeding information pass hurt course becomes conflicted feeling ace reporter brook equally strong attraction pretty boy anchorman hurt dalliance pretty staff member br br wait twenty minute film end find man end brook tell hurt wrong one represents everything unpredictable comedy telling hunter neurotic heroine end br br fittingly holly hunter william hurt albert brook nominated oscar brook supporting role film director writer james l brook seven well deserved oscar nomination br br script opt conventional happy ending case flaw brilliant screenplay felt cheated somewhat let wistful conclusion,1
susan slept turned dick powell swan song performer big screen course directed film appeared frequently television died pity go performance bad beautiful br br frank tashlin done many better film still sure whatever possessed one premise absolutely laughable br br dick powell screenwriter looking serious stuff fluff writing idea film juvenile delinquency two friendly cop herb vigran horace mcmahon deposit year old debbie reynolds doorstep really bad kid want put system give dick powell christmas time br br mean anyone see problem term jailbait come immediately mind additionally powell girlfriend young sexy anne francis debbie reynolds competition beyond br br susan slept got one oscar nomination song hold hand sung cornell background nominated best song lost secret love br br powell reynolds funny moment together alvy moore powell factotum le tremayne lawyer also get laugh br br enough,0
movie written directed produced intention creating bad movie cult classic might say might hit ever sat watched movie absolutely awful becomes fascinating term fault well every one acting cast nominated worst acting performance award would hard find another film kind production budget contains little value whatsoever whole thing opening scene defies logic dialogue completely unbelievable illogical ditto behaviour general storyline film really mind boggling buffoon boardroom actually made decision spend money piece trash wow,0
columbo episode one better perhaps one personal favorite cast includes rosemary baby john cassavetes maestro wife played blythe danner gwyneth paltrow mom mother law played myrna loy one america greatest leading actress film time anyway disagree anybody criticizes film episode one favorite excellent cast superb job performing love watching columbo beloved dog never name series time episode focus classical music hollywood bowl one l attraction course columbo becomes interested classical music anything else involving crime,1
shot vancouver mountain low country south carolina visible background heaven sake reset location coastal mountain south carolina period br br lame visuals beautiful story limped along br br really understand hit book although admit one read yet usually read book give film miss nothing movie made want buy book even borrow library br br verdict mermaid chair seemed pretty shallow moi,0
completely forgotten midnight madness found surfing imdb coming back br br one naughton first movie well fox sharp eyed connoisseur also pick kaplan henry tv alice fiedler voice piglet winnie pooh cartoon blocker son dan hoss blocker tv bonanza br br two stand mind furst animal house superdude eddie deezen furst play baddie time one best scene asks dad accept dad look obese slovenly frame give simple one word response yuck br br deezen well show latter day jerry lewis stumble around wade mini golf pond put melon half ear end maggie roswell fall hero br br film typical early stupidity college kid staying curfew going city wide scavenger hunt prove division student best campus jock nerd rich kid feminist group made little br br win care lot fun watching disney picture first foray pg territory creating touchstone picture br br seven star catch midnight madness way br br long live leon,1
soldier great movie everyone hated plenty good reason liked soldier alot partly expectation low saw surprised br br first art direction tight well executed far science fiction backdrop go soldier thing design genre set costume prop consistent competently executed love future military style impressed effort made movie worth time took watch br br second kurt russell fan grew watching guy memorable movie youth barefoot executive john carpenter film soldier essentially action movie role sergeant todd essential action hero award winning role kurt muster convincing emotion little dialog br br third fight scene battle well choreographed iron monkey even matrix far exceeds average level quality genre br br seen like sci fi action film pick pas rental depot choice expect next bladerunner,1
one folk bemoans everytime film based old tv show come rather usually run see watched show try get nostalgic anyone feel like running film based old show exhibit actually say something mchale navy mod squad dreary tiring lethargic least original series angst riddled long anyone knew teen could glum making groundbreaking tedious claire dane nice look nothing else mood swing sneak around spying baddie giovanni ribisi acting extent flick droopy dog look hour forty five minute omar epps look like want flee set script chlostraphobia trapped sure production nice seemingly obligitory rave nightclub opening action sequence shootout galore oh kid yell get mad superior lot kind like deciding use scooby doo mystery machine go family vacation hollywood teenage kid spouse know need heavy therapy prescription drug really wanted like movie promising moment next scene would suck life knock another spelling remake charlie angel want least film knew wanted fun mod squad make wonder inspiration original series went,0
early creature feature concern long abandoned gold mine intrepid miner determined check naturally find gold one hungry monster slithers along search prey br br honest admit found dull first personally prefer thematically similar boogens actually grew went along character interesting actor either closest interesting character morgan played keith hurt event female lead terri berland quite good looking rolf theison make domineering jerk easy person hate writer played effect man mark sawicki wear thin quickly br br begin comfortably predictable enough way nighttime set piece two victim claimed get thing acceptable start monster intriguing design imagine get revealed bit time late game product stop motion animation process longer used much director melanie anne phillips directing pseudonym david michael hillman crew deserve credit creation atmosphere manage make film look quite claustrophobic gloomy use lighting work well film build intensity towards pretty good ending suffice say best low budget br br obscure little item worth looking die hard horror buff br br,1
really much say movie crude fun br br plot outline imdb br br br br two loser milwaukee coop remer parker stone invent new game playing basketball using baseball rule game becomes huge success along billionaire help form professional baseketball league everyone get pay team change city coop remer team milwaukee beer team standing way major rule change owner dallas felon vaughn want institute br br br br acting pretty good since arn many big star movie although big fan southpark parker stone pretty good job first real movie br br many funny moment movie come close naming never really let try put cruddy drama make serious br br favorite aspect movie soundtrack great especially like take beer reel big fish underrated br br overall crude extremely funny movie br br james black wolf johnston,1
really sure even begin describe bad movie like bad film often entertaining love bad special effect bad acting bad music inept direction exception music better expected movie quality br br special effect amazingly bad worst seen since nintendo scene watch include thunderchild woman crushed mechanical foot big ben scene train wreck wow many bad effect plus side though scene alien walker well done br br acting bad could possibly based directly h g well book good source material almost though actor trying top make funny mustache single distracting piece facial hair seen long time course half movie contains acting rest character walking around aimlessly poorly rendered effect shot br br say timothy hines inept director would injustice inept director use different colored filter shot particular reason use poorly rendered background even inside scene bad green screening amazing man ever got approval direct movie imagine would possible turn brilliant book bad movie bravo mr hines bravo br br advice anyone plan see movie friend enjoy bad movie drink play poker watching keep drinking maybe make way make excellent bad movie fun laugh silly disaster,0
went looking movie read tom clancy red storm rising novel timeless masterpiece th century russian invaded german movie made order joseph stalin warn soviet hitler germany battle scene wonderfully done showing need computer animation make great fight scene probably sergei eisenstein greatest work also see battleship potemkin history buff poli sci major watch movie,1
tired looking burt reynolds play mercenary battling former employer gizmo non hero plan sell iranian low rent video nonsense producer silk stalking offer decent action footage lot ineptly staged drama lack logic truly dreadful dialogue defining aspect although final twist allegiance shift could nifty end better movie burt still presence although also mean notice mouth insultingly half baked one liner,0
believe anyone would green light let alone voluntarily star never able get min life back br br one worst film ever seen film bad good gone far round somehow bad terrible exactly expecting much low budget bandwagon jumping rehash b movie still came way expectation level even tv movie higher production value br br poor special effect shocking dialogue terrible acting completely unexplained plot cursed inch snake turn foot snake anyone ever heard highly venomous garter snake python passenger snake many promise none delivered br br comment would believe film worth watching last five minute even worth rental stay watch low budget tv movie enjoy lot br br made oh yes shamelessly cash internet phenomenon soap shame mallachi brother shame,0
supposed simple generic mystery plot involving dead philanthropist fact head ache inducing tale bunch character big actor ginger rogers early role trying find murderer among small cast resident posh apartment building character range utterly stupid downright mean cheap low budget production action revolves around rogers lead man guy care cause really sucked talking various possibility solving crime constantly cut absurd detective head butt honestly never worse time watching old b rate movie type seen real head slapper br br oh butler butler pay attention guy closest butler ya go br br polarisdib,0
hilarious insightful perspective dating world portrayed beat comedy first time writer director peter cohen story unfolds four male protagonist meet weekly local diner confer dating woe meet brad good looking wall street playboy quick wit sharp tongue zeek cynical sensitive writer jonathan sexually perplexed nice guy affinity hand cream masturbation eric married guy cherishes weekly encounter single friend hope enlightenment boring banal married existence trial tribulation men single life new york amusingly expressed mirroring sex city hbo new comedy mind married man bring astute light scamming story take twist three singleton meet mia wittily played amanda peet fall seduces uncanny ability conform personality exhibit come realize met fallen love woman chose friendship whipped realistic portrayal dating world one critic failed recognize plain language missed point protagonist caricature real people exaggeration hysterical mixing satire humility taken seriously critic disparagement suggests see movie laugh start finish,1
slasher around time cheesy rip offs older movie brain well done script reminded videodrome cheesy way said acting go effect make laugh called brain really turkey blood never shown opening sequence make movie worth watching hallucination really nicely done reminded nightmare elm street remember telephone coming alive keep watching flick waiting happening next viewable freak cause gore said blood neither nudity pervert seen worser movie one wished made bloodier,0
one movie watched wondered watch find interesting truck driver find realistic never used lot lizard ever seen heard one traveling around country brand new seventy thousand dollar rv either br br thing pimp never sampled lady question end movie well still really getting buck cut prostitute get well cut yeah br br still laugh lot lizard comment ivey made lot lizard screw anything buck men dressed woman something equally weird meaning better may still prostitute get paid better br br story young woman wanted something life dead end job living home remember embarrassed mother basically thing dead end job least roof head job turned five trick road wonder made worth guess,0
teen agers go old deserted farm house left one dead grandfather unaware several murder decade earlier grandfather made pact devil good harvest guy thought something better sell soul man grandson friend set next sacrifice reason never explained stereotypical teenage son girlfriend black guy white girlfriend two lesbian battle three killer scarecrow tricked like nearly fun sound mostly lot chit chat ball kicking dope smoking lead actor complaining never knowing parent camera work atrocious shaky maybe done hand held camcorder scene maybe good thing since scarecrow look like came kid birthday party apparently could hire two people play three scarecrow best movie seen low budget independent horror movie one pathetic cast crew seems made bunch people knew never acted intention acting thousand dollar believe movie cost make weekend free time hand even lesbian skinny dipping scene lame br br think amusing also writing sequel film one even bothered adding imdb br br rate highly skinny dipping scene matter lame may,0
like end day movie like b movie hoping would like movie br br could ignore poor effect often atrocious music cringe inducing line could ignore unexplained event fact movie constantly relies deus ex machina excusable given subject matter could ignore fact people fight hunger try reach world peace bad guy none thing kill movie kill movie plain simple boring nothing actually happens almost scene movie designed push movie creator moral viewer cost actually coherent story kind suspense br br looking entertaining b movie look elsewhere movie boring,0
best picture baseball since redford whacked natural way dennis quaid rachel griffith light screen great story cast seemed real enough pull life br br laced dream dripping reality american dream reignites true story devil ray mid life rookie jimmy morris australian born actress rachel griffith play native west texan better lot texan know dennis quaid perfection cast wannabe gonnabe humble winner much psychological baggage average viewer audience real screen chemistry work like baseball heart warmer going love film ingredient americana apple pie popcorn became a la mode br br hey buy cd music rock carry story magnificently syncing word music push story forward exactly way area disappoints often br br criticism given baseball somebody else quaid something teach u character heart st rita nun nice decoration never really found place story open close around little long worth every minute last analysis br br,1
dallas fort worth area lived arlington year movie way far making look like arlington saw mountain background one scene texas mountain guess happens movie supposed texas filmed canada accent also really bad gotten actor texas play part lot aspiring actor texas hollywood movie really sad though true story pray killer found convicted one good thing bc death amber alert help find missing child quickly abducted,0
master piece take cold war conflict transport future film satire highest order humble opinion outranks dr strangelove br br clever naming two superpower confederation market con commie market west outstanding clever use gen joxs ahead time really seeing danger genetic engineering robot joxs tackled issue head br br message film comradeship humble man overcome wish government movie scream fool kill u br br excellent,1
massive fan book orwell certainly favourite writer ever since studying animal farm gcse bought dvd sheer curiosity burton actor hold high regard heard played role brien swung br br watched trailer dvd first fear started set mostly regarding frankly terrible theme song hearing eurythmics mechanically shouting electronic beat bad sound br br acting whole pretty good burton hurt play role well tension exists ministry truth towards end felt especially harrowing room scene however also movie let movie spends much time focusing love affair winston julia frankly orwell writing writing harrowing future ingsoc build man belief shatter name made love big brother movie skip essentially important part book winstons coming term position life world education via brien br br comment imdb moment state movie stick book completely incorrect julia present winston visit brien commit goldstien brotherhood confess crime obvious mention initial instance winston find article unperson get mentioned near end read book completely confusing br br terrible screenplay excellent acting cannot rescue michael radford seems completely missed point orwell trying make electronica sound track frankly terrible,0
movie could lot potential certainly today technology one would expect real special effect movie made special effect alone course acting needed film lacked br br first let say upset following bible movie take artistic license want know story moses read bible seen movie follow true story fact fact look movie artistic quailities br br viewing movie inevitably compare version fails miserably heston brenner presence became role see br br even compare standing movie rushed part scene developed becomes boring br br advice skip watch campy far away better movie,0
terry gilliam david people teamed create one intelligent creative science fiction movie people proved screenplay bizarre twist fantastic idea nature time  especially love idea one change past nice counterpoint many time travelling movie say otherwise  biological holocaust thin line sanity madness gilliam visualized idea unique quirkiness perfection originality br br story engaging one man james cole played bruce willis heart warming performance travel several decade past retrieve information virus wiped mankind left survivor alive living underground information collect scientist hope find cure everyone future return surface time travelling technology perfect end sent towards different past complicating thing brilliant science fiction thriller shade film noir ensues multiple piece huge jigsaw start fitting together form bizarre narrative involving animal right activist end millennium paranoia biological weapon perception reality definition sanity complex movie easy gilliam people create mess instead twelve monkey thought provoking narrative please like challenged patience appreciate crazy idea br br watched movie around year ago marked lot remember still thinking many day ward young mind seemed quite mind blowing one first movie make appreciate cinema something serious important watched movie day ago dvd better remembered brad pitt still steal scene playing jeffrey goines  almost prelude tyler durden character fight club  rich kid anarchist non conformist idea also crazy according cole perhaps responsible virus scene jeffrey cole madhouse best movie pitt eye voice quirky mannerism convince really crazy guy locked warped logic understands pitt oscar nomination well deserved surprising also bruce willis performance remember well beautiful full sensibility play man spent almost life underground come past share childish fascination something simple breathing fresh air morning watching sun go cole rather ambiguous character people tried imbue darkness disturbing thing people scene remove teeth reveals far dementia gone unchecked ironically cole start crazy character start warning everyone end world considered mad convinced mind arrives point distinguish past future reality fiction willis spends lot time looking confused insecure work perfectly one fun twist narrative cole shrink dr kathryn railly find undeniable proof really future convince mission save world screenplay full weird twist like keep movie fast pace relationship also well handed although perhaps bit compressed time sake enjoyed watching cole railly falling love trying escape authority future live peaceful life past thing end tragic bittersweet climax airport wrapping piece together blow many mind away br br two great ending movie twist sense seen fight club intimate ending railly crouching next cole shot looking around younger james cole witnessing future self die two share brief look smile twist brilliant prefer ending emotional impact madeleine stowe good playing dr railly drew many different emotion performance movie filled sense fatalism idea past changed movie show terrifying way reminds chinatown sense way jake gittes mess everything try help railly character share fatalism try help cole  first dealing madness helping mission  sucked tragedy br br twist end hopeful note though feeling cole mission vain twelve monkey great movie watch one want entertained supposed art although artist many artistic movie unpretentious movie element music editing costume design etc came together beautifully produce modern cinema masterpiece,1
unexpected pleasure heard nothing film br br shameful since warrant wider audience br br wonderfully humane story social message gently told although admittedly predictable resolution solidly acted principal beautifully photographed muted color floating grey capture nostalgic tone film br br recent foray chinese film shower road home one less exciting one hope continue exploring china people amazing canvas film maker king mask highly recommended starting point anyone similarly interested recent chinese film br br,1
boston legal turned tail headed barn door th pig slop created show first aired almost four season back humorous slap legal system actor seem take pride portraying funny diversified extent factual character portrayed acceptable extent real portrayal sexual comment activity limited humorous julie bowen beautiful series participated dragged lower depth medium programming sex violence julie excellent actress need stable platform production rene adjurdubois excellent actor day benson production held field entertainment always showing humor respectful acting production captain kirk funny humorous candace bergan admired continuing production good actress james spader doubt acting ability however go back xxx origin crash appears much talent inclination direction ask series trashed already really starting smell,0
labor love frame picture perfect grab sheer emotion story telling take dream stay long movie director get heart lead minute visual poetry part emotional ride character seen movie festival got standing ovation every showing remarkable story telling transcends nationality language felt part drama unfolding casting perfect one get vijay raaz camille benoit hold br br strongly recommend film everyone appreciates good cinema wait commercial release movie,1
first really great movie br br ryan reynolds great acting actor really like one amazing skill impersonate character br br soundtrack good music played right time br br idea nine lost world incapable leaving br br still give certain flaw br br horrible second part seems director eager make something new despite effort really boring br br annoying character melissa stand scene e constantly annoying represents everything wrong american woman br br terrible explanation number director busy character development completely missed point good story excuse koala brr terrible br br movie great potential filming nicely done music really good nothing br br see fan ryan reynolds lot time spare,0
would like known often rate movie originally excited see movie numerous trailer bump tv several month made reaally want see movie night saw available fearnet demand got popcorn sat watch film br br storyline seemed intriguing enough dude butchering unsuspecting people subway photographer obsessed missing people going happening one day photographer see connection photo taken becomes obsessed butcher following around yada yada film way sucking even though plot highly predictable oh dark look behind say quite bored cheap thrill br br plot even though predictable intriguing end good end got silly say jack skellington freke message board fully agree come spoiler br br see hoping mad killer psychotic person obsessed cannibalism secret society keeping creature alive century woo original unrealistic dull br br come lionsgate amazing film one sunk,0
five star final one best film early starred edward g robinson gritty story sleazy newspaper willingness anything anything sell newspaper particular old story innocent woman plastered across page help destroy happy life many year inadvertently involved scandal reason loved film much unflinching pulled punch showing low publisher sell paper br br two world remake five star final change instead robinson film star humphrey bogart head programming radio station newspaper otherwise story essentially except bit less edgy lack grit sensationalism original say film bad pack quite good punch first film word must see one film see first though film quite powerful enjoyable well loved story much saw film enjoyed br br two world begin ubc radio owner complaining programming head bogart high brow show put getting low rating owner demand muck lot muck order get listener one way discus multi part dramatization famous killing occurred two decade ago even though killer acquitted killed self defense however decide play story guilty even go far send writer lady home pretending minister well broadcasting current name whereabouts needless say ruin woman lead horrible tragedy bogart feel real remorse producing garbage leading dandy finale journalistic integrity decency br br well acted great story idea message important today back one story see particular notice wonderful emotional confrontation scene daughter attack owner bogart one heck great example acting writing,1
uninspired direction leaf decent cast stranded handsome bland adaptation dialogue seems recited rather heartfelt cash strapped appearance ghost fail round sense awe magic edward woodward ghost christmas present wobble around stilt seems impression bernard cribbins scrooge george c scott wry never seems truly believe robs performance effect scene shown past much impact half heartedly flicking family album one else seems putting effort except frank finlay chronically overacts,0
poor film must give lead actress one francine forbes appeared acting least personally thought kind cute bad appears one film database besides film filled laughable gore fakey death scene people get stabbed gush like gallon blood like watch poor horror film recommend one highly,0
movie start bunch dead men walking peep sitting individual cell waiting inevitable meeting death represented electrical chair br br hero called tenshu taken chair zapped still alive aha given choice creepy military guy look really cool either zap made sure actually dead walk door take whatever destiny might lie ahead hero say yes option actual story commences br br wake different sort cell high tech big find another cell mate also managed survive electric boogie ride voice speaker tell free whatever wish long happens within room sound little suspicious two men accept else br br two men know set together awaken inner urge kill within basically unknown scientist background p decide kill sound weird indeed greater purpose part revealed shall remain unrevealed br br fear unknown lure viewer watch pseudo action movie fore entirely different approach question long time stand man b would kill obtain freedom br br first hour basically trying awaken interest sneak without actually knowing becomes roller coaster ride wild matrix like action fight scene touch individuality honor comic book movie based upon br br movie indeed special special normal cinema view normal circumstance however story fascinating music fantastic actor bit others make movie truly unique br br fortunate cinema video store watch enjoy fact everyone trying make mainstream movie earn huge bunch cash br br,1
first saw movie little born around age cartoon big mother taped one day thinking might like never even heard rainbow bright tv show introduced movie saw one old beta tape loved became addicted people say badly written kid movie thing like matter much child loved story especially liked song female character course pretended scene rainbow first met krys repulsed work opposite sex could totally relate story basic good v evil child enjoy enough happy moment balance scary one world fantastic place would stimulate imagination young child glad opportunity see movie little made big impact watching brings back happy memory childhood would recommend parent young child rent movie trigger imagination provide plenty entertainment child let miss one,1
show exhausting watch two number drowned world substitute love paradise sit contemplate opening show go history visually thrilling madonna enters stage via gigantic swarovski crystal ball come ceiling huge screen behind show image horse galloping horse play role show due madonna falling one infamous scene madonna crucifix show huge screen count million number many african child orphaned due aid end website address come anyone interested donating go theme environment image politics religion shown interlude show start music love new york ray light part show one favorite dancer funny hand movement towards end music number song disco inferno mixed song dancer make presence known ending full energy show wrap tune lucky star hung hundred golden balloon fall ceiling end message confessed come dvd worth buying came soundtrack show added bonus jonas akerlund great job footage show keeping consistent style tour,1
u appear run uk police run around armed teeth know cid officer change uniform stop work go pub got one unrealistic film worst portrayal real uk police ever foisted unsuspecting public see mr snipe might needed money pay back tax bill heck good actor like charles dance mystery br br worse worse low budget b film hour half suicide time never get back br br avoid like veritable plague,0
saw movie thursday night really boring day expectation rather negative movie ever watched jimmy american version taxi queen latifah ask seriously movie cute drew barrymore always sweet almost fell love fallon character meet cute nerd like movie like excellent simple sweet necessary sunday thursday even sport fan something american movie baseball fascinates probably fact sport norway br br first comment ever haha,1
rourke usual bit part sinister rancorous neanderthalian ferocious evil jerk mold picture claire fifty get carter double team rest garbage happens br br line br br course junk undervaluing rourke abasing matter characterization actor still seeing prayer johnny handsome barfly week year dragon etc etc many year considered rourke outstanding smart intelligent man think changed since br br look callous calcined br br went gloomy look despair inhabited breast made man perfect pest belloc example br br absolutely reason watch dull movie except rourke,0
movie deceiving ever using suspenseful looking actor like walken play piece junk made look like nothing better play boring role like one fact movie supposed witch really see almost end movie meanwhile sit watch boring film get try get meaning point go whole trail boring actor actress thinking whole time passed another movie decided one waisted money make whole point time useless sitting rather watch cartoon goodness sake leave one alone please,0
really disappointed movie great actor potentially great plot seemed limp along br br charlize theron masterful role beautiful seemed like screen work car chase done austin mini product placement gone wrong wrong br br direction seemed edward norton bad guy obvious right start every time camera would pas would linger long norton would grimace something c mon hollywood give u little credit okay surprise u plot twist without telegraph br br sorry movie average always one appreciate work talent go movie one,0
want state first christian work film tv industry understand like work feature length film prop filmmaker regard positive uplifting message true nature life fallen world thing always work even follower christ glad others overwhelmingly positive reaction overt christian message execution film fell face movie life dy story one dimensional stereotype exposition aplenty spontaneous change character behavior inexplicably say least believe film club head message get point across sure kendrick bros improve time storytelling method well maybe could direct someone else screenplay next project br br sport film exactly first love good one hoosier field dream etc inspire multitude way would interested pg rated film inspires give steven soderbergh king hill look truth god truth,0
dragged movie four year ago french actress friend mine br br first half hour sitting uncomfortable seat new beverly theater hollywood hating film hating even hating french actress br br know happened pulled film way year despite fact one projector broke changeover hand theater close four hour worth br br believe great movie pull inside world make part drop talk friend coffee drink film one best filmgoing experience ever br br br br,1
jean seduces young gardener sole purpose annoying husband little realise explosive drama follow br br short scenario waste word frame brief interlude day dysfunctional family life father mother son linked way gardener fact make script intriguing br br short film production every bit professional major work casting ideal br br wonderful little film guarantee laugh beginning end,1
original le visiteurs original hilarious interesting balanced near perfect lv must candidate worst first sequel really good film lv everyone keep shouting gag work first repeated another time vague hope eventually become funny lv horrible parody lv except course parody inventive loved lv see film see lv,0
getting lost space frozen year unlikely falling star improbable falling day go supernova explodes ludicrous getting rescued ship priceless br br zaphod beeblebrox heart gold rescue also parent year awardees sentencing daughter two year solitary confinement abandoned spaceship mother encourages get drunk wander alone strange man picked foreshadows prowess hand hand combat make film action combat highlight include example psycho talking close face face one woman blindly pointing gun behind six inch away obligingly simper line fire br br end family three abandon metropolis sized ship planning use observe supernova last instant slow escape blast wave instead using psycho fighter ship refueled one minute pound gas propellant kiloton missile love hard sci fi statistic br br long hollywood treat writing irrelevant frill continue making movie fit run sci fi channel,0
sleepless night switching channel found embarrassment movie thinking br br life remote control kari wuhrer salin wonder gone nowhere br br david keith take role pathetic br br anyway turned movie near end get much plot must best part nerdy college kid brings home dominatrix ish girl scene straight comic book cheap porn movie call mother anal retentive kiss father oh expect tongue great line br br see ended br br well course bitch hell helluva past swat team upstairs yes surround yes yes kid blow brain ahahhahahaha br br must see tv br br,0
would highly recommend movie certainly shall personally recommending friend family abroad excited anticipation pre ordered online enjoyed much february march well worth wait first go see cinema nothing quite like cinema experience cinema made movie insist local cinema put went see seachd inaccessible pinacle tonight london really impressed marvel truly beautiful film set scottish highland laugh cry moved may different way intrigued story within story revealed amazed revelation br br movie scottish gaelic english subtitle let detract speaker gaelic starting son many people tonight spoil u manner mean superlative suffice photography superb cgi movie better true photography script skilfully subtly written many layered plot weave magic art ancient storyteller music time rousing time haunting always adding atmospheric ambiance acting behold actor true weaver delightful yet profound film particularly two main actor padruig young padruig elder true bard ever carried heavy load direction well watch richard producer responsible raising funding hiring key personnel arranging distributor task well done hope make sure distribution go community abroad gaelic community uill without could happened told movie made low budget would know think might well might lacked money made richness heart warmth co operation local scottish gaelic community br br heartfelt thanks concerned making sponsoring seachd mòran taing many thanks gael world world gael,1
oh dear disappointed movie rip japan ringu well guess u made version well least outright remake sad much enjoy watching filipino movie know great thing come little country believe happen claudine kris big name surprised would affiliated plagiarism aspiring movie maker philippine stoop low make money many movie buff watching movie filipino put enjoying,0
movie entertainment imagine friend love spending time one know inside becoming bit silly perhaps taking character two film inventive script brilliantly performed pleasing mass one fun bunch brilliantly talented people sure thought signed br br review sound completely unfair think person wrote wrong frame mind watched film lighthearted moment great dignity care look br br job well done thought great film watch north american norm day br br nutshell best film ever going see hell lot moment laughed long age,1
fortunate enough see last stop live moving picture film festival know moving picture film festival tour canadian made film canada told movie started world premiere verge getting american distribution deal added excitement br br big horror movie fan yes love scream trilogy well found rose mcgowan ten little indian type movie knew treat rose mcgowan biggest name actor actress entire festival br br best way describe without giving away much plot quite like scream certainly worth seeing set middle snowstorm filmed vancouver b c canada mountaintop motel add suspense rose mcgowan put great performance girl next door along rest cast happens end well thing say never guess ending br br sadly probably make mainstream north american theatre decent money maker rose mcgowan get chance see would recommend worse come worst always video br br gave,1
example genius filmaking epic story three major stage life young boy told eloquence raw fearlessness rarely film come along cause loud say viewing really good film exactly happened watched film really understand anyone could like found moment cry laughing moment unable control felt scene acting outstanding eric mabius movie screen really extraordinary seemingly effortless attempt screen impacted deep visceral way thank opinion eric schaeffer one best filmakers around hope continues rise challenge face trying give u art face ferocious commercial filmaking br br,1
columbo got directed steven spielberg early point career nothing sensational small hint great thing come spielberg seen movie movie basically style spierlberg movie tv work mean character tend show quirkiness talking columbo character alone kind character quirkiness perhaps best seen spielberg movie jaw small hint typical early spielberg element call movie work fine example rising director star bad course said earlier also anything sensational br br movie began really well promising fine opening always murder occurred movie became sort slow also dull watch dull mostly columbo movie book real memorable moment dull boring movie watch br br murder quite ingenious concept crime story writer murdering writing partner showed great interesting potential story however really explored possibility least feeling movie left br br movie still good one watch nevertheless thanks character jack cassidy think smarter columbo due mystery crime writing experience try give kind possible hint leading away course columbo know better number one suspect first moment usual play game along br br movie good overall style us fine camera position editing funny see also mostly consistent spielberg later work especially camera angle br br fine perfectly watchable columbo movie let name spielberg attached rise expectation highly br br,1
even remotely funny mouldy waxwork film would still soberingly disrespectful stopping short digging boy corps enacting weekend bernie   producer larry harmon director frickin ernest film use holding copyright excuse crap stan ollie legacy gailard sartain fair ollie impersonation bronson pinchot reach tenth place stan lookalike contest even spot film would less detestable less said surrounding catastrophe better make utopia look like dignified swan song,0
saw dvd apartment paris exchange program laughed hard cuz much going movie happened u mean yeah sure pretty clichéd still true know saying br br think related quiet guy italian xavier observer group anyway wish hot roommate like cecile de france seems like cool chick movie real saw hosting cannes festival last month br br thinking wanna go barcelona next summer seeing movie gotta check sequel came france,1
never understand studio like universal buy musical butcher bringing screen first thought seeing ava gardner robert walker starring would seeing something mgm musical best time boy wrong disappointed br br one touch venus starred mary martin kenny baker john bole broadway ran performance season gardner walker tom conway play role martin baker bole stage kurt weill ogden nash musical book nash j perelman comeback vehicle mary martin reestablished queen broadway disappointing venture hollywood br br look name went show given responsible book expected see sparkling wit production instead got rather pedestrian screenplay like wit drained best make eve arden playing usual girl friday role tom conway even much eve br br story concern department store window dresser robert walker kiss valuable statue venus spring life person ava gardner course statue go missing conway yell law suspicious walker last person statue br br rest film walker dealing gardner happen reason understand ava course dubbed eileen wilson walker sings couple line singing carried dick haymes olga san juan playing walker friend coworkers course broadway song done singer mary martin kenny baker would kind think haymes would playing walker role least awkward say least br br three song survived score look heart showing incomparable speak low haymes silken baritone shown best advantage speak low sung duet martin baker broadway reason lyric one greatest men verse last century ogden nash done ann ronnell suspect infamous code work br br lee server biography ava gardner make mention brief fling ava robert walker spat current man howard duff duff gardner reunited walker took badly speak gardner camera sure fact best work help matter either br br hopefully repertoire company one touch venus get see way weill nash perelman wrote,0
future society military component recruit rather candidate chosen birth culled nursery designated spend entire life service government given war machine body soul reason protect serve personal identity name rank autonomy whatsoever fate whose destiny predetermined soldier directed paul anderson starring kurt russell scenario hard bleak movie begin depicting training soldier advancing period time preadolescence adulthood russell sergeant todd best best glimpse career discharge duty exemplary manner campaign campaign born soldier even best cannot go forever day arrives todd peer longer elite new generation soldier created product advanced genetics technology todd generation suddenly obsolete follows story man must fight life struggling discover sense humanity individuality trait new soldier known two thing entire life fear discipline russell give commanding performance todd soldier else must obey order without question suppressing emotion individual thought line movie russell speaks volume eye role demonstrates fact one appreciated actor time disappear entirely character todd credit ability part created someone quite different done given todd depth credibility someone lesser talent could easily rendered nothing pretentious superficial stereotype notable performance also turned connie nielsen sandra jason isaac colonel mekum rounding supporting cast jason scott lee memorable caine one new generation soldier sean pertwee mace gary busey captain church michael chiklis jimmy pig mark bringleson rubrick anderson delivered action film message cautionary tale transcends genre science fiction soldier reminds u importance keeping humanity life intact entertaining way making u consider alternative like bleak future world good movie make whole lot difference much like mad max movie ultimately uplifting going make take pause think kind universe must live together share rate one,1
majored western history student college seeing view world war ii quite discomforting whole completely wrong world war ii graphic bloody affair ever occur world history axis power conducted many crime humanity still view today correct many people forget every german soldier exterminate jewish population every japanese soldier swung samurai sword around flew kamikaze mission every italian soldier fascist soldier axis power normal people like caught terrible conflict happened fighting country loved br br battle stalingrad arguably lethal battle world history casualty sustained course battle film stalingrad follows german platoon leader lieutenant von witzland reassigned eastern front battle soviet stalingrad von witzland act sort main character two men rollo fritzi normal men seem completely unaware happening back germany poland br br film follows course battle film overall bleak come portrayal combat soldier life battle shown numerous gruesome battle intense violence outside battle including firing squad sequence overall battle earliest example know portray loss limb overall face death sequence violence much inspiration saving private ryan battle sequence seem come film br br film aim make german completely innocent everything film several higher ranking officer army portrayed usual view people use evil soldier normal people often speak home film make clear quite quickly german responsible happened holocaust country army entirely oblivious fact genocide taking place film make clear soldier germany army simply fighting cause really understand wished return home rather freezing negative degree temperature russia br br film really show hellish war especially world war ii battle scene shock gritty realism story quite easy follow simply following platoon battle war film expect much happiness seeing leave bit depressed mood seeing life soldier eastern front faced recommended child br br star,1
people think expressionist cinema look b w german film silent early sound era film emphasized canted angle extreme contrast light dark exaggerated performance occasional us surrealism create dreamlike atmosphere order diverge traditional naturalistic mode cinematic representation willing accept german filmmaker create expressionist cinema mentioned characteristic prerequisite expressionist film would argue dodes ka den dkd prime example type film br br like dream dkd little unhinged kurosawa film dabbling unreal however dkd also unlike dream great film probably favorite kurosawa picture mostly think color believe kurosawa first color film man saturates movie vibrant primary color creating completely unreal contemporary japan used neon light gleaming tokyo skyscraper used city appears colored crayon br br dkd said peculiar film inasmuch many character live junkyard appearing live alternate universe think point tokyo outsider people left behind great move forward following world war ii film also represents one kurosawa heartfelt movie genuine sentiment genuine pathos boy father describes dream home amazingly moving film man better known stunning john ford like vista samurai everyone known kurosawa movie touching thought provoking ikiru foreshadows emotional resonance film many way br br also argue last kurosawa greatest achievement samurai film though capable picture pale comparison work kobayashi hara kiri greatest intelligent samurai film committed celluloid rashomon hidden fortress seven samurai yojimbo sanjuro kagemusha ran fine film merely good frankly think word generous hidden fortress kagemusha dkd great movie ikiru crown jewel show akira one trick samurai pony reveal artistry mastery cinema,1
liked solino much heart rending story italian family moving germany story brotherly love hope disappointment film never boring go see solino,1
really hoping much went see mstking heck jasonx friend though hoping similar experience br br unfortunately movie took way seriously care jason problem sorry legion ftth movie cover anyway end day undead serial killer going get sympathetic br br freddy far interesting aspect movie hallucination unfortunately far end movie degenerated bad episode celebrity deathmatch funny br br,0
wealthy widower anthony steffen alan cunningham sadomasochistic lover british lord brings sexy red haired woman castle whip murder black booted stripper erika blanc susie get away temporarily mr steffen haunted wife evelyn died childbirth therapy decides marry meeting pretty blonde marina malfatti gladys end movie dig graf night evelyn came grave great title least br br la notte che evelyn uscì dalla tomba emilio miraglia anthony steffen marina malfatti erika blanc,0
kind movie u make people rent foreign film great story one person even retarded make person find reason empty life everybody learn george also show people mentally challenged suffer life show realistic way think classic foreign film movie bittersweet ending make better movie,1
tricky thing play queen one hand actress majestic imperious show vulnerability tough situation well gathering courage resolution overcome odds since almost movie queen basic plot line br br emily blunt quite radiant victoria full performance like blame help feel like mill boon novel adaptation compared darker dramatic movie another young queen elizabeth hence blunt get run gamut queenly emotion least full extent since know young victoria see old victoria check mr brown br br jean marc vallee interesting choice director movie last c r z excellent propelled fame quite different movie remember looking gorgeous probably main similarity two movie vallee wrote c r z one julian fellowes though really enjoyed gosford park story movie much less interesting soon got lost governmental politics maybe less engaging potential beheading monarchy saying,1
clearly rating suggest compare classy horror like argento low budget drive fare department truly classic lack money show anyone care much acting adequate rather professional make realistic unlike many movie low budget one drag moment crap may non stop crap face crap although inevitably bit campy time must see anyone idea talking time quite delirious crazy little film filled crazy character clearly made fun fun indeed watch,1
north south book ii ultimate tv series spotting cameo appearance highly entertaining gene kelly james stewart elisabeth taylor olivia de havilland robert mitchum even johny cash¡ series come close achievement ever seen anyone looking like lincoln dick smith prosthetics made hal holbrock powerful performance even crafted costume jaw dropping location everything clear nowadays excellent bright tv series desperate housewife lost north south still one kind miss david carradine portrayal ultimate villain may call violent husband worth viewing maybe character situation stereotyped admit positive side clearly cast shadow glad finally available dvd spain,1
wow believe first one post comment great movie br br although movie seemed interesting enough real thing attracted one matt lillard granted people probably either think caffeine happy plain suck age generation watched guy many time one favorite one movie big shot main star kind like slc punk another great lillard film br br baiscally storywise usual heist movie twist anything start amount craziness also notable movie another great actor named vincent onofrio appreciated person film industry woman movie newcomer bad although know hired mainly accent nude scene br br game jack v jill v bob want reap reward share one try get eachother kill timebomb waiting explode matt show true prowess scheming jack initially start whole scheme vincent woman play couple art thief need money due lack business vince character bit deranged skitz throughout movie add intensity film br br surprise left right well welcomed ending non cliche make feel happy well maybe depends type ending like movie kept interested besides fact matt great movie highly recommend anyone like movie critic probably like movie watch movie cause like movie anyway,1
nothing unique either tv series movie prequel tv show found everywhere else life entertainment david lynches disgusting style story telling br br moment body poor misguided girl washed beach introduced mind numbing shady immoral character twin peak br br mind numbing almost pedophilia disgusting way movie seems romantically tell destruction human life random psychedelic phenomenon movie twin peak fire come walk br br watched make sure missing anything simply one man obvious sexual fetish extended long series fallowed ridiculous overly pornographic movie save self agony suspense watch anything else least ability tell story rather seduce kind mental porn movie br br heard lot review rant raf great david lynch ability define misery tragedy making kind wonderful thing life imitating art much sick twisted version art best inspire complete mindless life br br favor avoid garbage,0
movie one worst ever seen including anything pauly shore believe film could actually bad br br coolio single worst actor including pauly shore ever star movie temptation hit stop button movie huge fact throw trash button vcr would inclined press br br favor something interesting watch movie like watching grass grow watching golf tv,0
love movie air anymore get air miss movie movie air love movie much anyone know long since last disney long time sick waiting want see susie q swear take good movie air play new stupid gay one fake retarded miss movie wish upon star kazaam shaquille neil bunch good movie go want back miss good movie anymore anybody find susie q good old disney movie come please let know email girlygirl aol com girlygirl blank space thank hope want movie back great day,1
glad read many negative comment tritter plot everyone talk say thing like house gruff nature intelligence really dislike vindictiveness continuing plot cut real nature hospital story make everyone angry police authority need caring nature instead vindictiveness everyone hospital also seems many questionable legal aspect tritter actually alone cannot freeze account authority stop doctor writing prescription patient lot vindictiveness showing also hurting sick patient hospital good storyline portray voted episode awful story insert trittor piece turn rest plot get hurt people say hate watch story line anymore please change get tritter,0
one episode one indisputable error storytelling handling ralphie situation christopher state heard pie death fire accident important detail context quite obvious christopher know beginning tony one must killed ralphie however way chris could heard accident told time torn delirium tony call nobody else informed tony know make even worse hearing christopher talk pie death could therefore lead tony conclusion chris set fire given impressively elaborate writing process told writer dvd really wonder none realized problem story work way unnecessary add huge fan soprano otherwise certainly care,0
lovely love movie want see movie rupert grint fantastic actor expression great spectacular movie excellent julie walter perfect think rupert boy red hair love rupert beautiful smile beautiful voice wonderful accent think movie great great see rupert another thing harry potter good actor deserves golden globe probably deserves oscar academy award actor act well oscar anyway matter perfect brilliant beautiful,1
really problem rating movie directed brilliantly obviously lot money gere dane intense although screen personality could use bit defining spicing editing cinematography excellent hand one really really sick movie one cannot help wonder whether director like stage specific scene yes one cannot help wonder many copycat movie inspire br br purely artistic term really ask people giving money produce movie,0
loved movie fair movie start slowly none character terribly sympathetic continues way good half film br br patient greatly rewarded first half movie lack character development sympathy adequately compensated second half bit like riding roller coaster slow uphill climb strat speed twist turn surprise br br usual meryl streep wonderful finest actress time william hurt good bit wooden spot renee zellweger good job showing performance jerry mcguire fluke,1
really expect much night listener actually never heard saw cover videostore however movie effective come building suspension tension occasion drag little actually help keep wondering going happen importantly movie progress character played robin williams get dragged kind cat mouse spiel point becomes obsessed finding truth existence year old abused kid one seemed ever seen person night listener interesting story great building suspense throughout movie pretty much kept dark lying real however end kind disappoints live potential could really give detailed plausible explanation main character would helpful interesting,0
believe entire book written odyssey remake classic film film loosely based hollywood first started talking enterprise reaction always negative many aspect could gone wrong starting solid ensemble made original unforgettable exactly thing begin souring selection actress otherwise remarkable work suited part sadly enough directed heavy hand director understand appreciate source material br br seems focus direction direction taken obliterate anything good original film called updating let drain story humor snappy dialogue interesting premise let prove woman come long way except problem really get least watching film woman truly going br br starter casting meg ryan central role prof almost fatal movie somehow seems locked sort limbo woman really change appearance even year working movie mary proved difficult role somehow grew interaction stereotype like dorothy wizard oz learning observing realizing choice matter might choice woman would celebrate nowadays fun ride part fun catty silly sometimes slapstick routine elevated movie realm sublime earth thud changing nature sylvia film lost lot spark anyway annette bening fault help admiring tried save sinking ship got sinking feeling struggled horrible line handled thankfully entertained looking terrific outfit kept reminding talented lady really sylvia wise flawed could great creation unfortunately m english paying attention work loses control one character could turned film fresh direction br br yet biggest blasphemy original joan crawford probably one best performance woman crystal legendary conniving line incendiary move duplicitous maneuver sexy pose link male female knew whole catastrophe provided tension men woman dangerous sexy ultimate femme fatale woman intelligence feared admired importantly wanted destroy save heroine eva mendes gorgeous two dimensional outing weak writing bad casting br br atrocity film addition terrible role mensing dedicated mother life baby rather annoying lesbian turn pinkett come biggest waste talent movie bette middler little unrecognizable make show spark could acidic delivery reminds u contemporary angle film could taken word revive put big much needed naughtiness film exciting see could really fly gone film six minute fade away middle muddle br br movie raised anticipation level truly disappointed u film could joined successful sex city made amazing transition big screen respected source material compromise gave u bigger better adaptation truly updated made successful woman present reincarnation need go back rework much like hulk year find suitable performer really good writer someone truly treasure good movie,0
production insult stooge especially moe inaccurate poorly acted many event depicted happen way much left skipped read book written moe daughter joan instead waste time,0
two hand highly enjoyable aussie crime caper ultimately succeeds way film easily combine tense dramatic moment funny character situation give film right balance feel comedy film occurs naturally laugh set elaborately worked really funny thanks fact character movie excellently cast actor actress recognises relate aussie humor portray well realistically course helped immensely fantastic script writer director gregor jordan reading another review film american seen heavily criticised basically passing pulp fiction clone think rubbish film trying pulp fiction feel style excellent film totally opposite without wanting sound superior arrogant think fully understand film humor sincerity character etc australian least understand culture guy obviously faintest clue american whose review certain non american film seem ignorant trouble comprehending anything american product real shame really great film love story featured main character girl also portrayed real sincere sweet way proud film collection,1
writing minute left film finish feel comfortable writing unfortunately know exactly film going end br br premise simple enough rabid dog loose small town kill people great simple plot good fun camp horror br br uhh br br main problem based book stephen king tell really adapted film least plot cuz boring first minute try build depth main character create suspense however last long half film character unlikeable never care anyway creates zero suspense easiest film according plot time compare classic jaw everything jaw right cujo wrong jaw created good character genuine feeling dread cujo neither jaw effectively creates scary creepy villain shark cujo dirty st bernard running growling jumping lot else jaw exciting unpredictable cujo tireless bore remains predictable right end br br also confusing plethora subplots act boring red herring film main plot br br film rewritten big screen better director could good waste minute life br br people saying one best king adaptation im sorry could wrong mist hundred time better thinner time better even one cat twice good opinion one worst good thing action scene dog looked real even though dull br br film ended get better avoid,0
oh blockbuster movie simply stick selling point everyone cinema young old see talking animal make joke whilst happy lost space came two killer blow plot sentiment really cared happened tiger whether eddie murphy made daughter sure,0
filmmaker made rather boring everyman story look interesting complex focusing wife back home time exposed truly original existential french loner br br film documentary hardly ever feel experienced something accidentally profound make profound br br film visually interesting interior moment absolutely loved journey filmmaker took quite lot european credit hopefully pb screen reach wider audience usa,1
skip mccoy three time loser pick pocket unable curb instinct back street pick purse candy subway train realise candy carrying top secret microfilm microfilm high interest many many organisation br br director samuel fuller crafted exceptional drama set amongst seedy underworld new york city communist spy shady government operative blend together make pickup south street riveting viewing first minute last based around dwight taylor story called blaze glory fuller enthused adaptation heavy set political agenda something many time felt done focus anti communist leaning big disservice br br digging little deeper find character intriguing fuller directed main protagonist one hero piece crook shallow human heroic born love country born sheer stubborn streak quite achievement fuller crafted one best anti hero sure grateful performance richard widmark mccoy grin icy cold heart interplay wonderful jean peter candy excellent film heart however oscar nominated thelma ritter take acting honour moe strong seedy surrounding character tired warmth ritter conveys majestically br br b movie texture film execution pickup south street real classy entertaining film best intriguing director,1
parent may enjoy show fail find humor funny dentist husband impregnating hygienist assistant oldest daughter getting impregnated captain high school football team absolutely nothing shock sometimes people think constitutes humor nowadays blame show like dating game newlywed game bringing issue sex forefront mid sure series touching moment still excuse content otherwise went series nothing like family oriented day love lucy five decade br br answer would series play lifetime cable channel channel brass think woman relate reba character absolutely dislike character reba hart daughter kyra best described ditsy bitter teenager funny wonder actress played kyra scarlett pomers like real life away acting play blockhead ex husband dentist christopher rich much better barbara jean played melissa peterman ditsy character van cheyenne also annoying br br something else baffle dingbat series creator allison gibson decided set series live mile away houston texas reba mcentire even state oklahoman one season decided make incidental music sound like pig snorting mean hear baritone saxophone played drum accompanying melody basically tuneless,0
george barry death bed bed eats root dark fairy tale told via horror movie framework opinion one best film downright criminal picture basically stolen distributed without barry knowledge responsible theft fed bed asap looking overt gore rabid action death bed bed eats flick death bed gentler weirder drive picture play like utterly strange dream half remembered recommend reading stephen thrower summation death bed thrower fab press book nightmare usa describes movie vibe perfectly whether intentional noticed shade death bed everything phantasm film michele soavi cemetery man magic realism slipstream fiction author kelly link barry original fair world sure would followed death bed number fantastically bizarre film,1
rosenstrasse intimate film one epic proportion could kept away many film goer looking pianist similar plot fortunately von trotta good screenwriter opts feminist peep era much illustrated colorful exterior little analyzed term intimacy point view ordinary aryan german rather jewish standpoint rosentrasse find strength unsung burden people trapped within historical circumstance emerge victim pace film introspective poignantly slow meditative besides character vivid transition generation passing time deftly crafted rosenstrasse masterpiece narrative flaw well discerned another fault lie trivial cinematography unable capture intensity internal drama lived character nevertheless film worth seeing finally rosenstrasse part last trend german film dealing ghost nightmarish past trend includes excellent film nowhere africa recently controversial downfall would recommend film know read beyond image,1
tighter drama better film sister rivalry little gem mainly promoted comedy upon release sweden glad find whole case funny bit small town bickering enjoy surely drama take center stage story progress family drama also raise poignant question respecting difference people lifestyle choice br br great character ensemble many superb moving dramatic scene score credibility point scattershot hold everything place make assume ingmar bergman made drama would suit international attention probably would immediate br br ozjeppe,1
excellent film traditional working class family northern england filmed location bolton star james mason father dominant force within home seems cleverly film based play portrays complexity family life supporting cast terrific well many familiar face lending support,1
course could obviously co opted several aspect excellent movie also based sensational french case self described doctor world health organization murdered family finally unmasked fraud emilio refers son monster sings radio car hang park bench specializes investment scheme defraud family friend directly lifted time came year nobody life bad movie pretty good good acting writing whereas vincent time much subtle character seems sense ethic even though time get twisted knot protagonist seems devoid character save winning look charm seriously part used x ray show mother law cancer bilk money father utilizes subtle twist scam avoid eviction fancy home failing pay lease time almost much guy shame whatsoever fact like lead stepfather poor schmuck get fired humiliated face disappointment family friend feel forced invent shiny new life vincent time thus one could feel tension mounting nobody life violent conclusion coming one thing nobody life time definitely lacked love interest apart protagonist trusting wife hard understand sexy babysitter able fascinate ensnare emile degree ignored danger natural curiosity allowed lay bare less carefully constructed con given reservation mentioned pretty good movie found entertaining long something touching similar element go might deeper intellectually spiritually satisfying strongly suggest time,1
netflix mention short feature info silk stocking superior every way produced fluff much better cole porter song lot energy silk stocking turned big disappointment fred getting old sort thing though dance cyd lovely watch garbo melvyn douglas version ninotchka peter lorre ill making silk stocking seems passive active number less line glad ran across paree paree pure accident made whole experience lot enjoyable bob hope simple song dance man pure joy,1
excellent movie stellar cast great acting never tire watching especially love scene danny glover character kevin kline character namely simon mack brunch together kevin kline natural seems mannerism effortless one would encounter often real movie br br one powerful scene movie however beginning movie simon arrives scene mack car broken movie also strong message unlike stereotypical message carrying movie one person preaching gut audience instead actor emotion situation deliver impactive message best without use word lastly mary mcdonell brilliant always,1
catchy title like butcher plainfield ed gein variation kane hodder playing doubt fly shelf couple week viewer bored silly latest take life ed gien br br movie focus ed rampage give u glimpse psycosis dwelling plainfeild scene give movie much needed jolt br br ruin constant focus character life focus less ed big mistake br br kane hodder strange choice play gein pull quite well deserves acting credit get day prascilla barnes micahel barryman also show br br,0
bottom favourite sitcom ever since saw v movie even better bottom fan say must buy plot eddie ritchie run hotel named guest house paradise go right customer leave famous actress come stay try best impress well go right upbringing british cinema buy wet laughter also starring simon peggi shaun dead also bill neigh love actually might done good box office look website listen buy swear love,1
footlight parade among best musical comedy extravaganza snappy script star cast including jimmy cagney lovely joan blondell dick powell ruby keeler make film cut rest directed choreographed creative genius busby berkeley film grinning ear ear start finish br br busby course undisputed master hollywood musical gold digger nd street credit dance director footlight parade graced hundred scantily clad chorus girl berkeley trademark elaborate dance number shot one camera busby first director film close ups dancer obsession shapely leg rear view shot amply demonstrated overall effect highly erotic mesmerizing br br boy jimmy cagney play chester kent producer prologue short musical stage production performed movie theater entertain audience talkie shown surrounded crooked partner corporate spy gold digging girlfriend although cagney solid background vaudeville first film showed dancing talent joan blondell memorable cagney wise cracking lovestruck secretary ruby keeler adorable always br br film climax three outstanding production number honeymoon hotel waterfall shanghai lil one masterpiece likely duplicated today hollywood called special effect replaced creative cinematography br br claudia bottom line clever erotic best musical production number ever put celluloid thoroughly enjoyable depression era romp,1
arnold fan holler joy fan brainless action holler astonishment catholic holler br br illogically written andrew w marlowe ham handedly directed peter hyams end day get terminator open backed hospital gown arnold schwarzenegger return big screen heart operation whilst blowing thing mysterious way blaspheming biblical verse give catholic something whine br br doom sayers world live trepidation computer going fritz losing downloaded porn even technological stank yk mutton new york street ex cop turned alcoholic security guard jericho cane schwarzenegger perfunctory dead wife kid back story loose cannon effect must brave theological water save year old virgin christine robin tunney conscripted  wait  bride satan dun dah daaaarrrh stupidity ensues br br every anti hero anti christ gabriel byrne devil  party like mission impregnate christine anti christ pm midnight december  ironically hour porn lost  thereby bringing end day able read mind conjure hallucination employ limitless magic occur satan expedite impregnation process appearing month advance courting christine teen model closing panty raid easily appointed time instead appears december th like keyser soze terminator wonder welcome open thigh see comment stupidity movie nothing make sense moment uttered let alone contemplating veracity mythology priest rod steiger tell jericho really upside front wait prince anti christ br br satan soze pursues jericho christine j c  get around town point anything would actually precipitate capture one scene satan recreates jericho wife child tempt revealing hid christine see deeply jericho mind recreating family enough nuance inspire nostalgia see jericho hid christine ten minute ago br br satan make assassin talk without tongue yet make assassin unjam semi automatic weapon jericho shoot satan point blank range satan courteous enough open shirt reveal wound closing jericho worry unduly satan health sanitary go open bullet wound matter fact instead simply possessing jericho get close christine rape satan expends much unnecessary energy side project crucifying tongue less guy blowing jericho partner kevin pollak saving blowing ridiculously battling jericho could snuff effort thought wonder whether efficient assassin lover put case  say antonio banderas br br find precious end day arnold valiant attempt method sad mean scrunching eye blurting anything foreign accent depressed mean raising bottle lip blurting anything foreign accent deathly scared mean widening eye blurting anything foreign accent definitely pattern could decipher br br end devil dispatched holy men catholic pray deliverance apocalypse atheist jericho timid men impotent god exhort faith quiver cell nothing satan actually walking amongst prince darkness thwarted nullifidian big gun foreign accent clearly say something catholic blindly refuse hear even devil exist indoctrinated unconditionally irrationally fear would unable conjure belief downfall let alone act towards might truly want defeated contrary polarity god existence become tenable br br written book revelation prince darkness shall descendeth upon earth without solid game plan impregnate virgin date significance gregorian calendar adopts day numbering put sync equinox anno domine syntax annoy sensible people millennium time christian forgotten christ actual birth date appropriated pagan saturnalia festival stead prince shall effect revolution tight purple pant ambiguously lesbian band member believe people drained blood crucified alcoholic built like mr universe believe giant supernatural monster kill guy armed foreign accent even believe devil need perform hokey thirteenth century celtic druid ritual foreplay cannot believe year old virgin new york city br br especially around prince,0
although many audio recording great musician like jascha heifetz survive cinematic televised record limited indeed musical offering like shall music rare gem modern eye ear one quibble plot perceptive viewer put film unique delight proper perspective plot designed appeal young old audience era remains enjoyable day important aspect experience watching classic film see eye moviegoer era br br must take issue reviewer complains film black white feel obliged report student express reservation juvenile complaint reflect limited historical perspective teacher offer educational opportunity explain unique quality black white photography place cinematic history color fact get way good storyline music example black white photography john ford stagecoach like still photograph ansel adam artistic masterpiece br br heifetz wooden could disagree want blatant emotional posturing go rock concert role classical musician like heifetz move audience heifetz emotion conveyed playing body language rare ability extract every emotional nuance music transfer listener listener moved artist br br incidentally one reviewer asked seeing heifetz youtube playing st movement tchaikovsky violin concerto frank mchugh audience film carnegie hall shall music carnegie hall even greater treasure many great classical artist prime blessed film producer least limited instance chose showcase artist still era totally overwhelmed lowest common denominator tripe get today,1
particularly moved understated courage integrity l anglaise beautifully acted intellectually visually compelling film thank much monsieur le directeur rohmer,1
warning possible spoiler br br get extremely unpleasant subject matter film offer heaping helping outrageously campy melodrama surprisingly enough movie copied ripped several time year although hard fathom filmmaker inspired trashy drama neither one hemingway woman act although mariel improved year anne bancroft offer touch class prosecuting attorney chris sarandon turn pathetic unintentionally hilarious smirking smarmy bad guy piece br br veteran director lamont johnson make silk purse sow ear script stuffed bursting howlingly bad dialogue outlandish situation example final sequence margaux grab shotgun chase sarandon latest shocking act meant exciting elicits hearty chuckle instead add notoriously shrill spacy musical score michel polnareff true guilty pleasure even though likely feel grubby needing hot shower viewing say warned,0
sometimes ignore little voice head say stay away movie pay attention little voice may worst movie ever non pleasure sitting may best reason remember dvd player fast forward button made budget somewhere vicinity cavern obviously quick cheapie made piggyback current bunch scary cave lot darkness claustrophobic spelunker unknown menace flick like cave descent year back similar rash look alike movie used sea going vessel instead cave scary boat submarine lot darkness claustrophobic adventurer unknown menace old old cavern really blair witch project time lost earth lost top throw flashlight failing battery cow skull fang glued monster one stupidest twist climax ever put film said let urge listen little voice head friend want happy life stay away movie,0
many goofy thing movie possibly name br br bogart character name  whip mccord easy leave boy make humphrey sound good long curly hair silly sideburn black bart get complete spur sure shade lipgloss got wearing none flattering br br cagney character jim kincaid lipstick favor either man swallowed hat entire film could find hat fit even little pant tight rear blow smoke gun one many time know mean think br br casual bogart cagney fan figure might change pace see western favor forget thought even horse look embarrassed look bored br br fairness admit western least favorite film genre still seen much much better br br comedy level high camp oklahoma kid work otherwise viewer beware therefore see must see every western b true cagney bogie completist c comment appeal woah,0
movie schlock despite lo fi production link troma production dark fable adult exploitation theme sugar cooky one wonder cast fallen prey said theme weird movie enticing visuals shadow contrast prominent definitely worth look especially fan warhol stylish decadence cruelty wickedness moral albeit twisted gleamed,1
creepy lascivious wolf young red wearing full make extremely short short robe got minute realized could pedophile dream come true beat music sound lot like something hear strip club actually think movie sick joke family movie gross glad watching daughter want think normal family view quasi kiddie porn together bad sad sold family film joey fatone probably embarrassed advertising special effect spectacular effect look low budget gawd awful,0
diagnosis murder shown weekday afternoon bbc since used watch ill school good year ago know really enjoy way enjoy murder wrote totally addicted even dvd box set ok know sad br br dick van dyke carry show star dr mark sloan doctor community general hospital l also police consultant l p son steve barry van dyke dick real life son police officer need father help many suspicious death br br along ride dr amanda bentley victoria bentley resident pathologist community general first couple season scott baio playing dr jack stewart upped left series hoping go bigger better thing stayed done anything note since theatrical appearance many year baby genius superbabies oh dear br br anyhow dr jack stewart replaced younger dr jesse travis played charlie schlatter stepped baio shoe pretty comfortably br br series highly implausible whodunit series murder wrote everywhere jessica go someone end dead underrated father dowling mystery murder solving priest nun sidekick br br series much lighter supporting cast included bumbling hospital manager norman briggs played michael tucci along nurse mark secretary dolores played delores hall character longer included series became grittier affair bigger looking budget episode included far action one episode entire hospital blown br br family show van dyke well dick son barry also dick daughter grandchild making appearance various episode br br series went got bit silly one episode remember dick van dike play entire family bit ordinary whole diagnosis murder really good tv show numerous good guest star br br since show finished dick barry appeared together murder series tv movie made hallmark channel pretty much following path still enjoyable dick mid seem change great deal look working till bitter end br br tv show,1
pick one well needed brainer summer heat cover looked cool br br course known better really really bad movie get embarasing maker know bad try cover adding sexy beautiful woman sex scene well folk nt cut br br would like cool movie big reptile actually good well played funny go rent lake placid order,0
love chan wook park know expect film brutal poetic tragic artistic splash grim humor thirst clearly park style loved every second cinematography every shot gorgeous creative story blend shakespearean tragedy murderous love gothic horror layered character drama character complex plenty moral ambiguity go around even sociopathic character evokes sympathy direction restrained performance nuanced like sympathy mr vengeance many subtlety take first viewing chan wook park intelligent bold consistently surprising filmmaker unpredictable scene go brutal heart wrenching laugh loud hilarious instant closer lady vengeance sympathy mr vengeance far top comical like lady vengeance incredibly rich thought provoking rewarding br br like beautifully told vampire story let right one fan chan wook park seeing thirst obvious easily one best film,1
watching movie never thought defending honest enough begininning much plot real character latch onto except killer acting better capable br br know three ten stellar review saying shot poorly completely useless etc think set supposed fairly well lighting minimal time natural audience used supposed top look like camcorder snuff film fact time quality probably still high true nobody would make tne minute camera work truly bad br br particularly scary disturbing time one two character come across believable soundtrack get tiring time overall put together cleaner lot camcorder movie,0
got chance talk co creator rebecca cammisa high fall film festival rochester ny said style completely open uninhibited filmmaking happy severely constrained tight quarter group home narrow hallway small room expertly shot realism would lost controlled deliberate camera work br br sister helen remarkable character coming tragedy life unusual combination caring tough street smart way film introduces u past excellent spending carefully selected minute sprinkled throughout br br begin correctly heap praise film really treasure cinema subject treasure humanity,1
ridiculous comedy given arm flailing direction love one comment made today well neither could philadelphia story without car chase two nonetheless mean picture worse wear old fashioned think susan slept good generation fester peacefully memory debbie reynolds buff sparkle story screenwriter latch onto much younger girl script research dick powell make farewell screen appearance must embarrassment reynolds pallid produced one harriet parson give famous mother louella number inane plug,0
easily disappointing least gratifying movie entire called blacksploitation genre way film generally enjoy great deal home rather exploitation demeaning film actually provide priceless insight era well bucktown br br story duke return bucktown operate night club left recently deceased brother quickly learns city entirely controlled corrupt police force bleeding protection money local business duke resists determines rescue city corrupt police unfortunately calling posse friend people vaguely explained former black militant worked duke job past simply murder entire police department cold blood literally presence hundred witness nothing stop ignorance justification murder would much entertaining see cracker police suffer action opposed merely getting whacked street revenge ubiquitous generally satisfying theme film genre far cry seeing pam grier track thug ed family cuss give jujitsu as kickin set fro fire art reason existing merit level respect quite undeserved simply shooting someone back course bizarre tale playing woman completely man thumb afraid cracker run town oppress people indeed advice duke run man gonna kill br br following sickening gratuitous violence expected believe town mayor wholeheartedly condones action duke friend congratulating offering throw parade honor opposed say calling district attorney press capital murder charge taken custody duke posse decline parade instead opts fill numerous vacancy police force created recent killing spree immediately prove even corrupt cracker police predecessor quote mayor ten time worse duke find must rescue citizen bucktown corrupt protection racket law enforcement official make safe decent folk operate prostitution business street unfortunately duke already lost moral high ground sympathy due hero willing participant murder original police force cared one way rescued bucktown gotten plugged point suppose entertained clever way duke outsmart new police goon reality film become opera gratuitous violence duke murder former friend ally cold blood absence compassion gunning cracker police duke pig br br finally everyone town duke aretha employee local brothel dead bleedin street hero heroine walk night though admirable quality redeeming value duke merely murderous thug aretha enabling misogynist accomplice interested genre film mean highly recommend see coffy foxy brown truck turner blacula sheba baby process run across dvd throw far away possibly drop like hot treated one would treat glowing puddle nuclear waste single film entire blacksploitation era dramatically entertaining satisfying populated sympathetic admirable character piece slime obviously written targeted hormonally imbalanced high school sophomore,0
bought movie sight unseen sci fi convention got deserved something silly simply put movie implausible boring unwatchable br br bored disgusted lack plot development turned watch repeat mythbusters understand low budget move least looked like low budget move excuse horrible acting terrible plot even worse camera work look like something group college student class getting drunk br br maybe villain laughable plot something actually could happen real life respect law enforcement might become bad funny movie funny bad,0
way put word bad shapeless paceless laughless vice academy film really experience one third time row writer director rick sloane show even ounce writing directing talent nothing person age believe laugh yet brief nudity plot element make film unsuitable kid lead believe really aimed adult mental capability year old elizabeth kaitan make welcome replacement linnea quigley winningly bubbly cute wonderful big smile thing make viewer smile well watching girl film like watching bunch flower desert covered horse manure,0
naschy outing directed leon klimovsky cursory glance publicity photo packaging might lead believe medieval romp lie somewhere inquisition sadomania sadly br br strictly pg affair tame torture sequence nudity little edge naschy fan strut stuff gilles de lancre antiguo mariscal de la nacion sadly pantomime villain anything else one get feeling film seen done strictly therefore naschy completest,0
go many heist comedy might care one actor made first saw year later almost similar happening even though obviously much less serious comedy one mafia figure take kidnapping rather turn different direction altogether course raquel welch play kind sharp character faye dunaway happening make sexist film either practically playing stock character almost version moll completely biased among first film ever saw time saw turn around without seeing poster luckily think robert wagner really right neither thoroughly likable dis likable leader group edward g robinson naturally vittoria de sica godfrey cambridge actor always managed funny,1
year watched movie many time seeing hbo copy dvd must say memorable entertaining meantime interesting educational tv fan relate time early time came replace johhny carson tv living legend tonight show gonna jay dave original film hbo late shift stay true form depicts real event well showing behind scene battle network head nbc cbs even abc fighting service jay dave acting make seem real little actual tv footage shown real life people actor portraying leno letterman make seem real read bill carter book know stayed true page highly enjoyed film year moment start showing cbs entertainment head watching leno sub johhny decide want get late night game yet carson announces unexpected retirement nbc want stay loyal leno yet conflict arrives letterman want crack slot fun watch wacky meeting michael ovitz treat williams make network want consider letterman show interesting see scene johhny telling letterman phone direct way walk nbc consider cbs way rich little terrific johhny carson portrayal matched plenty tense moment provided showing bickering firing leno talent manager helen nbc head pressured overall great film showed tv really like prof network power money hungry showing cutthroat business clearly business like show business great work hbo memorable watch anytime showed true story late night war,1
first time saw date thought awesome movie br br second time saw last night tv still suck br br love story suck julia portray street hooker repulsive librarian miniskirt heel tough shell tortured anguished enraged starving anything else hooker character flawed like comparing cubic zircon diamond two simply fit matter look like br br cast felt worth watching bitchy saleswoman excellently cast fine job hated second screen real definition minor role ok movie entirely trash two ignorant saleswoman saved film br br aside two woman sale people rest cast including big name crap either everybody as kisser absolutely reason fill dialog movie aside complimenting julia robert kissing as richard gere br br movie walk around high heel tight skirt beverly hill people leer guy work hotel gawk baseball bat struck face br br reality woman dressed nine beverly hill hooker prostitute higher degree since wearing gaudy madonna looking jewelry patent boot look others br br hotel cast sickeningly sad watch anybody real character less minute screen time br br insult romantic movie comedy drama even prostitute face wealthy customer daily basis hope life work perfect br br story julia robert pimped yes pimped multimillionaire business suit limousine br br still owned still told act move wear say go controlling street pimp folk disney buena vista butter make easier swallow br br richard gere black man gold tooth ak side instead attaché case movie would woman struggle get away harshness prostitution story different character make different outlook br br oh yeah change white man black man asian spanish land business deal changed deal weapon narcotic entire concept romantic comedy thrown away br br far concerned pretty woman still trash dressed ribbon bow br br like year ago understand led hollywood hype hate see past pretty decoration called love br br movie romantic comedy story control woman long mean income br br insult strong woman weak woman woman general well television screen br br hate yes suck yes would recommend well maybe really hated br br review get posted see br br anywayz,0
start fairly well quite disturbing quickly sink annoying mess br br dee snider twisted sister infamy apparently penned screenplay idea idea cyber stalking pierce freak potential really blow uneven pacing bad dialogue one greatest non ending ever see despite lifeless performance director manages genuinely creepy first reel really look like going good low budget effort br br luck plot go map snider character relentlessly spit tiresome psychotic fortune cookie line supposed pas meaningful dialogue worse supporting cast barely register halfway believable dialogue come young girl help detective navigate internet br br waste great idea oh new twisted sister song care,0
oh boy oh boy cover worn vhs picture sandra bullock name written top think reason chance sell movie ninety sandra bullock name bullock fan disappoint sandra thing watch movie performance call acting rest movie fun watch first fifteen minute bad going worse much worse directing awful acting awful script awful dialog awful action awful music quite good actually typical score eighty action movie movie bad go close anything andy sidaris ever produced bad proper word describe poor attempt movie still sandra bullock super cool sarcasm jake lamotta tried marlon brando br br think bring film dvd could cool write cover academy award winner sandra bullock hangman br br,0
longtime fan original movie bella martha mostly martha everything make movie great enjoyable watch missing one miss slow pace build character style small gesture dominance light mood move dialog think story enough martha kate secluded mario nick clown case thing make one scene great original working copy small alteration take away tension opinion go see original worth inconvenience subtitle,0
refreshing watch beautiful movie director maintained focus main subject without venturing side plot doctor family story hospital patient typical bollywood assembly line product kept narrative simple comprehend made sure actor true character supposed portray rustic way grandfather clinic cold unemotional behavior surgeon zeal social worker gave movie feel genuineness also glad director fall temptation adding song special effect reduce level anand safar couple scene toward end movie boy visiting blind child blind worker workplace also final scene boy clap sound splashing bird chirping sure make eye misty br br many bollywood player realize oscar committee member value simplicity subject genuineness brevity movie glitz glamor shwaas certainly better nomination lagaan dealt subject already beaten death mpaa member willingly going suffer hour jingoistic drama lot song dance br br look forward movie director sandeep sawant future,1
think time seagal go quietly night seen make direct video release last year look like early smash hit comparison br br secret bio lab making new kind drug jack human adrenaline system point become psychopathic killer something somehow seagal supposed stop infection end world something seagal also went hit squad like jellybeans every time look commanding new face kinda got hard follow character development well know steven athsma prevent yelling top lung even constantly dubbed people sound nothing like usually film plot action sequence save total waste time even close like said horror movie lot blood shank stabbing rather straight fighting problem really scary seagal looked completely place infected people supposed speed light movement yet year old lb seagal killed singlehandedly guess lone highlight movie first minute new recruit ask seagal come strip club br br,0
basically skimmed movie enough catch watch plot tell truth kind boring spot make sense reason watched movie first place see chace crawford hot movie hair kind weird still hot br br however despite hot chace really make film guess plot bad really threw fact cuss like every sentence hard express anger without saying f word every time cussing annoying whole flashy camera shaking thing gave headache br br although plot ok found film bore dramatic cut scene chace lol anyways worth renting unless die hard fan specific cast member like oh yeah cast hot girl hot chace best,0
movie called plan joseph smith think weirdness underappreciated playwright seems read paul ehrlich population bomb crafted musical response made especially mormon whole point play many child part heavenly father god plan anything stand way baby bad get br br version filmed confusing utah look feel like play actually written course theology part part battlestar galactica action take place earth pre existence aimless romper room annoying kid wait get body come try slam door missionary losing shot celestial glory br br stagey come let poor theatrics spoil appreciation demented mormon universe cool kid population control presumably counseling parent child big family time play written cultural norm lds community importantly considered part god plan church since done made family planning choice parent large family much less cultural norm making entire doctrinal premise movie modern day mormon moot br br ahhh really good music catchy tune let movie die death pre destined brother sister sing love song make wonder maybe something else going wink tough cool kid make new kid block look like metallica cheer gather family around make jell shooter enjoy show br br,0
normally take time make comment people read movie see however case feel must warn might consider wasting time finished watching five minute ago quite simply one worst movie ever seen life acting horrible plot nonexistent production value poverty level best know even low budget movie great one thing could saved movie horror fan purpose screen gore slashing grand total three time occurs screen effective reasonably disturbing happens especially end scene simply enough movie long minimal content dialogue heavy consequently almost impossible watch happens put nutshell room spare three teenage girl irresponsibly knowingly go driving isolated area girl previously abducted murdered car course break taken old boring house inhabited three crazy people one psychotic killer three eventually murdered one one screen seems like eternity boring slow paced nonsense said thing worth watching even murder please buy rent fooled like misleading box art movie description save money time,0
bad guy called judge jerk even nominally sensitive one self congratulatory tone really make sick though guy perspective behaviour think real problem though quality contestant single smooth truly charming one lot pick pathetic girl crowd one guy chance let see real player trying truly unattainable girl maybe show otherwise revolting half hour self love real sexual tension take two,0
back really lengthy vacation around fourth july something like day row two week paid vacation weekend holiday stayed town time hanging parent house lot br br tv apartment used watch parent tube finished watching segment x file program came called personal fx hooked instantly always fascinated item home come parent family home inheritance relative estate often wondered history value etc br br long vacation used go folk house lunch hour catch personal fx br br remember one episode co host claire carter announced new york apartment series filmed renovated said renovation complete personl fx would return air br br never personal fx first best collectible show vanished air almost fifteen year later still sore br br way go fx,1
get lazy director movie instead setting scene creative way relies boring old zombie clichés br br two unarmed lead get college step van surround zombie yet neither lead bitten bothered direct decent fight scene see lead shove way step br br sometimes zombie limp others run like wind really convenient director set anything like without bothering continuity behaviour zombie br br careful planning lot inspiration movie could much better,0
movie sit easily even particularly like movie type person recognizes great film even like genre first movie could stand watch cat hat worst movie ever seen seen lot movie acting okay myers good cat really annoying silly song cat sings boring monotonous even child audience plot drag viewer must suffer poor dialogue witty parental remark disgusting funny remember awful comment garden hoe compared well type person people call ho even though movie really short seemed last forever waste time know small kid hated movie child stand know adult would like fume film even feel like wasting anymore time writing review hated summary spend minute life watching see good movie br br star lowest review ever given movie,0
