review,sentiment
"There are plenty of comments already posted saying exactly how I felt about this film so Ill keep it short.<br /><br />""The Grinch"" I thought was marvellous - Jim Carrey is a truly talented, physical comedian as well as being a versatile clever actor (in my opinion). Mike Myers on the other hand gets his laughs by being annoying. I used to like him very much in his ""Waynes World"" and ""So I Married an Axe Murderer"" days - but Ive never been fond of Austin Powers and ""the Cat In The Hat"" has just finished me off. <br /><br />This film was horrible - the gags were horrible! inappropriate for children not only in adult content but in the fact that some of them were so dated they havent amused anyone for 50 years! The plot was messy, messy, messy! Its a shame really because the children were very likeable as was ""Mom"". They probably could have picked a better villain than Alec Baldwin - but he could have pulled it off if it weren't for Myers ugly, revolting over-acted portrayal of the Cat.<br /><br />I mean - did Myers even glance at a script? Was one written? The other actors seemed to have one - but the Cat just seemed to be winging it!<br /><br />On the other hand I would like to mention that the sets and props were marvellous!!! But unfortunately they cant save this film.<br /><br />Poor Dr Seuss - the man was a genius! Dont ruin his reputation by adapting his work in a such a lazy, messy way!!!<br /><br />1/10",negative
"Currently playing at the 2007 German Film Festival in Australia http://www.goethe.de/ins/au/lp/prj/ff07/enindex.htm thanks to Peanutqueen and especially AriesGemini for her rundown on the actors in this ensemble cast.<br /><br />In Australia these movies were sub-titled in English and while French movies here often get a mainstream release, German movies are still to gather that sort of commercial audience. But like BMWs and Mercedes when Germans get it right I really like their films. Like PQ the time here went so quickly, lots of laughs from the audience as each of the 9 men and 9 women moved down the speed dating line 5 minutes at a time.<br /><br />While many films are overlong this one I could have watched much more of. It had the sort of characters and character development for a series. Given time I will re-read AriesGemini100 review and reference the actors I liked and their other work with a view to keeping an eye out from them. I agree....most of these actors will go onto bigger and better things. Some very good character actors in this fine film. I did see it in the program listed as a mockumentary. Mock or otherwise it felt very real. And quite romantic in it's way.<br /><br />Viva la Deutcsh!",positive
"A family with dad Louis (Dale Midkiff), mom Rachel (Denise Crosby), 10 year old Eileen (Blaze Berdalh and about 3 year old Gage (Miko Hughes) move to this beautiful house in Maine--seemingly unaware of the semis that roar down the highway in front of their house every 90 seconds or so! The neighbor across the way (the wonderful Fred Gwynne) makes them feel at home...and shows them a pet cemetery where children bury their pets. But a little further on is a sacred ground which can bring the dead back to life...but the dead come back in a nasty mood.<br /><br />""""DEFINITE SPOILERS** The novel by Stephen King was good--it was long but it developed characters and situations that made you care what happened. This movie jettisons ALL the character development and just plays up the gore and violence. Animals are killed ON camera (I know it's faked but it's still repulsive); a little boy is hit by a semi and his casket pops open during the funeral (in a totally sick scene); he's brought back to life and attacks and kills people including his mom (I DO wonder how a 3 year old was able to hang her); a ghostly jogger (don't ask) tries to help the family for no reason...The movie just works the audience over shoving every gruesome death or violence into your face. It just goes out of its way to shock you. **END SPOILERS**<br /><br />Acting is no help. Midkiff is just dreadful as the father--he's handsome and buff but totally blank. Crosby isn't much better. The two kids are just annoying. Only Gwynne single-handedly saves this picture with his effortless good acting. <br /><br />This picture shows a total contempt for the audience taking large leaps in logic and having characters do incredibly stupid things (especially Midkiff at the end). This movie was (inexplicably) a huge box office hit in 1989 which led to the even worse sequel in 1992. I saw it in a theatre back then and was disturbed how the audience kept cheering on the violence and was just appalled by what I saw. A sick repulsive horror film. A 1 all the way.<br /><br />When you think it's all over and can't get worse the Ramones sing a title song!!!!!! (""I don't wanna be buried in a pet cemetery""). Truly beyond belief.",negative
"I love these ""Diaper Baby"" movies! You couldn't make a movie like this today and it is rich in cinematic history. It is goofy and the film was made to make you laugh, which it does. How they ever got these kids to ""act"" I'll never know. I think they are precious and the kids make me laugh but so do the others who made this movie as it shows the naiveté that existed in the early 30's. You have to remember that this is when the film industry was very young, the stock market had crashed, the world wide depression was beginning and these films were made to give a person a break from the real world. The fact that you could see movies for five cents is beyond my comprehension, but then dinner for 25 cents is too. It was a different time with a totally different mind set.",positive
"""Most of us at least inhabit two worlds , the real world where we are at the mercy of circumstances and the world within ,the unconscious ,a safe place where we can escape ..."" With those words ,Mr .Gone introduces inside the world of ""The Maxx"" a fascinating world where the fantasy and the reality are combined . Inspired in the comic books of Sam Kieth, ""The Maxx "" is very faithful to the material in what it was inspired , not only in the story but also in the graphic style ,that look like the pages of the comic ,giving this show a surreal and unique appearance . But also ,the story it's interesting and entertaining .At moments it could turn too weird ,but when you got inside it ,it's hard to get out of it . The story and the characters are wonderfully developed . The music goes perfectly with the style of the show and give it the proper atmosphere . Unfortunately , like many good animated shows ,this one was short -lived . ""The Maxx"" is a must see . It 's one of my all -time favorites .",positive
"Once I watched The Tenant and interpreted it as a horror movie. It uses many of the tropes of the genre: the sinister apartment, suspicious neighbors, apparitions, mysteries, hallucinations. The life of the hero, Trelkovsky, seemed surrounded by evil, secret forces trying to drive him mad.<br /><br />Last time I watched it I challenged this initial interpretation. If this movie is a horror movie, it's only horror in the sense that a Kafka novel is horror. In fact this movie can be understood on a literal level as a lonely man slowly becoming crazy without any external influence.<br /><br />Polanski made in his career three movies dealing with madness: Repulsion, which I don't particularly like because the development of madness in the heroine never convinced me; Rosemary's Baby, in which the heroine is driven mad by evil forces; and The Tenant, which might be the best study of paranoia ever made in cinema.<br /><br />Trelkovsky is a young man who rents an apartment in which a woman killed herself. He becomes obsessed with her and slowly starts becoming her: he wears her clothes, puts on makeup, talks like her. But is he being possessed by a spirit, or is he just letting his wild imagination get the best of him? It's this hesitation between what is real and imaginary, and which Polanski never resolves, that makes this such a fascinating movie. Many events in the movie can be attributed to the supernatural as easily as they can be to normal causes, and it's up to the viewer to decide what to believe in.<br /><br />Although this is not my favorite Polanski movie, it is nevertheless a good example of his ability to create suspense and portray madness in very convincing terms. And technically speaking, it's a marvel too. Suffice to say he collaborates with film composer Philippe Sarde and legendary director of photography Sven Nykvist (Bergman's DP) in the making of this movie. A slow pacing and sometimes uninteresting segments may make this movie difficult to enjoy, but it's an experience nevertheless.",positive
"pardon my spelling. This is probably the funniest horror movie that ever existed. Think evil dead * 1000. The acting is horrible, you can see the makeup line on a certain lady's face. there is a lesbian scene, which makes no sense at-all. And the ending, haha ohhhh the ending... be prepared to have your stomach hurting from laughter. Now if you watch this film for more then 5 minutes and are still expecting something, take a look at your self, and ask what the hell is wrong with you. This is a very bad movie, meant to laugh at and enjoy for its pure silliness.<br /><br />Don't forget to watch all the outtakes after the movie, you can see just how low budget the whole thing really was. All in all this movie is a rare gem in demonstrating the pure and udder lack of talent/care/ability/money/ and anything else you would ever need to make a successful film. But its definitely worth watching.",negative
"""Indian burial ground"": If those three words appear anywhere in a real-estate listing, look for a different neighborhood. A young couple with a young daughter and a toddler-age son move into a Maine house adjacent to a pet cemetery--and, after a l-o-o-o-ng hike, an ancient Indian burial ground. Seems the Indian ground can bring Fido or Fluffy back from the dead--if you don't mind having a raving hell beast for a pet. It can do the same for dead people--if you don't mind having a homicidal zombie around the house.<br /><br />Throw in a busy two-lane blacktop, speeding big rigs, a well-meaning (if somewhat dim) old neighbor, and one kid who really doesn't get enough supervision, and I think you can figure out what happens from there--an over-the-top, illogical mess, which, in all fairness, does offer up a few scares.<br /><br />Well, there are worse Stephen King adaptations (such as ""Maximum Overdrive,"" which King also directed). But there are far better ones, too (such as ""Salem's Lot,"" ""The Dead Zone,"" and both versions of ""The Shining"").",negative
"This film is mildly entertaining if one neglects to acknowledge its numerous incongruities of plot and sheer lack of believability. Bruce Willis as ""The Jackal"" never seems to live up to his reputation as a cunning mastermind of the underworld. Instead, he bumbles about in broad daylight, parading a mishmash of shoddy disguises. Why this man has never been captured before (or even identified) is beyond me. Not once is the audience impressed by his cleverness or daring; considering the price he demands for his services (an exorbitant $70 million), his methods are decidedly low-budget and stupid.<br /><br />As for those in pursuit of him, they are at least as ridiculous in their behavior. They show no sense of expertise, instead relying on half-baked conjecture which sends them traversing across the country at their whim. Incredibly, these far-fetched guesses (maybe he bought a boat, maybe he's in Chicago, etc etc) invariably lead them straight to the Jackal, who yet again escapes their clumsy grasp.<br /><br />Richard Gere, whose Irish accent fades in and out like a distant radio station, plays the inexplicable role of an imprisoned convict who is released from jail to work alongside the FBI. He actually makes a compatible partner, if only because his means are as amateurish and inept as his professional pals. At one point, he actually confronts the infamous Jackal, but unfortunately the FBI, although they trust him enough to leave him out of their sight, fail to equip him with a weapon or any means of communication. What kind of operation are they running here?<br /><br />The film also appears overly reliant on gruesome violence, which is entirely superfluous and provides no suspense whatsoever. The supposedly stealthy Jackal acts more like a demented and senseless serial killer, eliminating people for sport and writing on a victim's cheek with blood.<br /><br />The film's action scenes are both predictable and unrealistic, and many moments are ruined with melodrama. This movie is poorly executed on many levels, the one bright spot being the ever consistent Sidney Poitier. Avoid this movie if you are in the mood to think as you watch it.<br /><br />",negative
"That is what this movie is. Good God the special effects suck in this movie. It is difficult for anything to suck more than this movie's plot, but the special effects manage to pull it off. Let me try to explain just how bad this movie is.<br /><br />First, there is the plot. There are four punk-ass teenage dirt bikers who are riding around in a forest in Duluth, MN. One of them is a dumb-ass and tries a ridiculous jump and breaks his leg. A paramedic comes to help him, but gets stranded with them when the helicopter breaks. Then all five realize that there is a forest fire, which we see is started by some guy dumping tons of gas all over the forest. All they show us is his boots, and they show scene after scene of this guys boots walking around dumping gas and starting fires. Meanwhile, the teenagers try to escape the fire, only to find that boot man has somehow managed to get ahead of them (while they were speeding through the forest on dirt bikes!), dump gas all over the area they were riding through, and start more fires. He does this several times, and the paramedic finally catches him and starts him on fire. I won't spoil the ending, but this guy's resilience will have you shouting ""WHAT THE BLOODY HELL?!?!"" at the screen. Anyway, they are now surrounded by fire, and their only escape is through a mine which is filled with methane gas. Yes, methane gas. I'm not even going to try to describe the ending, because it is too ridiculous, and you'll enjoy it more if you don't see it coming. Which you won't, because you can't possibly expect what happens. This is because of the second major problem with this movie: consistency.<br /><br />Is some semblance of consistence too much to ask for? Apparently so. I cannot even count the number of broken limbs in this movie (they keep breaking arms and legs while crashing their bikes). I think each character breaks at least one limb, and several more than one. They then limp around until the scene ends, and then forget that they're supposed to have broken limbs. There is one scene where three of them who are supposed to have broken legs start dancing. But then their injuries suddenly return when the plot needs them to.<br /><br />Finally, the CGI. If there is a hell, it consists of watching the fire in this movie. All they did for the forest fires is line the dirt paths with CGI fire. You can clearly see that the only CGI fire is along the paths, and all of the trees more than two feet from the path are left untouched. And then they zoom out and show the whole forest being engulfed in flames. It's hard to describe in words how ridiculous it looks, but I assure you that the ridiculousness is quite impressive.<br /><br />This movie is one of those so-bad-its-good types. There are some occasions where it descends into the painful-bad category, but for the most part it stays above the line and is laughably inept. I can't wait to check out the other Nature Unleashed movies that came in the four-pack with this one.",negative
"This is a pretty simplistic romance. Girl finds boy, girl loves boy, girl loses boy, girl finds boy. Colleen Moore is the outstanding ingredient in this recipe, delivering a wonderfully varied dramatic/romantic performance, well deserving of an Oscar nom. Equally fine are the aerial combat special effects.<br /><br />Moore plays a French girl whose mother has turned over their field to a British aerial squadron during WWI. She is the ""daughter of the regiment"", loved as a little sister. Into this mix comes a fill-in for a downed flyer, Gary Cooper. At first they hate each other, then they love each other, then the entire squadron is sent out on a suicide mission. Cooper returns but crashes in the village and a red cross unit removes him. Moore searches for him, is told at a hospital he is dead, then wanders the streets until he calls from a hospital window and they are reunited.<br /><br />It's a nice little romance, but hardly more than that. Recommended for fans of Ms. Moore and Mr. Cooper",negative
"I just saw this film last night, and I have to say that I loved every minute. If taken in the spirit of a parody of Bond-esquire films, it's truly superior. The true comedy of the film is in its blatant disregard for political correctness. The misogyny, cultural insensitivity, and almost laughable macho-ism of the films of this genre are used for major comic effect. It also calls the illogic and formulaic elements to task, with Agent OSS 117 constantly learning difficult things insanely quick (such as Arabic and how to play a traditional instrument) while missing some pathetically obvious clues. Some of the lines from the film left me laughing for hours after the movie was finished...and I have to say I have learned some...interesting...French vocabulary that would probably have my Professors quite exasperated with me were I to use. All in all, I thought this film excellent. Intensely funny and the first film I've ever seen that truly parodies all aspects of the spy film.",positive
"I haven't actually finished the film. You may say that in this case I have no right to review it, especially so negatively. But I do, only because I stopped it on account of I couldn't watch anymore...I got over halfway, and I only got there by promising myself something good was just around the corner. This film is so tiresome, so lackluster that I was actually insulted. I haven't read many of the other reviews, so I'm not sure if there are other homosexual teens who have suffered through it, but I am homosexual, and I did go through ""similar"" revelations, day dreams, issues etc etc. There were maybe two moments where I actually felt this film could go somewhere, where I felt it may have some inkling of meaning, or relativity, but these hopes were dashed the moment the next set of cliché-ridden narration came on. I mean, just look at the quotes on the IMDb page. Unfortunately you're not able to hear the scratchy play back, nor the echo-ey fades if you're just read the quotes, because they are just too painful/ridiculous/stupid to miss. I did give the film three stars, and all three of those stars go to the films cinematographer who did a fantastic job attempting to transform Archer's tired ""concepts"" into something watchable. Mind you, I pray he wasn't the one who decided to include all the long shots of TV closeups...another unnecessary cliché already over done in films such as Korine's Gummo... I think it is extremely fitting that this film premiered at Sundance (only because Archer had connections in the festival via volunteer work he did, by the way...) because Sundance seems to be the one festival where cliché heavy drivel like this is still accepted as ""arthouse"". No, it's not art house, I'm afraid it's just plain s**t-house. Do not watch.",negative
"I don't need to say much about how good this documentary is--it's truly an amazing piece of true narrative. The story is simple enough: a white senior citizen tourist is murdered by a young black man in Florida, and the boy who is arrested is mistreated and put on trial with only the public defender and his family on his side. It's very enthralling, and the public defender is a joy to watch in all his human ways--you can't help but pull for the triumph of justice, and the ending fulfills more than could be expected of a true story.<br /><br />It's a shame more people haven't seen this documentary, but hopefully you will find a way to watch it. For those interested in race relations in the United States, and the actual workings of law enforcement and the legal process, it's well worth your time and effort to find this documentary. I give it a 10.",positive
"Definitely, definitely the worst film I've ever seen, no questions asked! Contradictors of this opinion might argue that this title should not be judged by the same criteria as others, since it's an independent, low-budget film, but c'mon already  the amateurism and meager innovation is horrifying.<br /><br />Agreeing with everything that has been said about this film, for example the mind numbingly weak acting (when it's this bad you take another go at shooting the scene, god damn it), the thing I found the most annoying was the total lack of common sense in the script, assuming such a thing existed during the production. There was an obvious absence of a dialogue with respect for the viewers, the girls switched personalities several times and they seemed to show absolutely no sing of any rationality or even brains - five relatively fit girls against one slight female psychopath  gang up on her, why don't you?<br /><br />The only thing that can be regarded as somewhat of a conquest for this title is the camera not leaving the van at any time thus the viewer seeing everything from inside it - which is, as the rest of the film, a good idea executed exponentially dreadfully.<br /><br />oh and by the way, this movie is NOTHING like The Blair Witch Project or Cloverfield or any other title filmed with a hand-held camera  this is an effect and not a trait! Used cleverly it can be breathtaking, but in this case it's an excuse for inadequate cinematography.",negative
"All I can really say is that I'm glad that I was knitting socks while watching the movie, or I would be very angry for having wasted 2 hours of my life. The acting was terrible, the plot was even worse. There were some scenes that were meant to be serious that had my husband and I laughing out loud. I highly recommend this movie to people who like to do their own version of MST3K.",negative
"Saw this on SBS TV here in Australia the other week, where it was titled ""Laputa: Castle in the sky"". I had enabled subtitles and I think SBS provided their own for that, which, as usual, was of very good quality.<br /><br />Just looked up ""Laputa"" on Wikipedia and it confirms what I suspected...the floating island of this tale is taken from the classic Jonathan Swift novel ""Gulliver's travels"", which was published in the early to mid 1700s.<br /><br />Anyway, this is an engaging Japanese fairytale, which features an English speaking voice-cast. It's suitable for young children, I think, but it does run at just over two hours in length, so it may be too long for some, though not for an adult like me.<br /><br />The story concerns two children who seek to find a legendary floating island which has a castle on it. The children are not the only ones looking for this island. They have pirates, the army and spies looking for the island too, and looking to capture the children (Sheeta, the girl, voiced by Anna Paquin, and Pazu, the boy, voiced by James Van Der Beek) in order to help them find it.<br /><br />The graphics are magnificent...sort of photo-realistic at times, especially the scenes of stonework lit by torch-light, or the pretty scenes of bright, sunny days, with white clouds, or mist.<br /><br />Recommended.",positive
"I would just like it to be known, that I do not often rate movies below a 5. I was originally very excited to see this movie. Its numerous trailer bumps on TV for several months made me REAALLY want to see this movie. So, the other night when I saw that it was available on FearNet on Demand, I got some popcorn and sat down to watch the film.<br /><br />The storyline seemed intriguing enough - some dude is butchering unsuspecting people on the subway. There's a photographer obsessed with the missing people. Where are they going? What's happening to them? One day, the photographer sees a connection between some photos he has taken, and becomes obsessed with the butcher, following him around, yada yada. The film had a way of sucking you in, even though the plot was highly predictable. ""Oh no, it's dark, look out behind you"" I say, quite bored with the cheap thrills.<br /><br />The plot, even though predictable, was intriguing...that is, until the end. ""This was good until the end.... Then it just got silly"", says Jack_skellington_freke on the message boards. And I fully agree. And here come the spoilers...<br /><br />See, I was hoping it was some mad killer, some psychotic person obsessed with cannibalism. No. It was some secret society keeping creatures alive for centuries. Woo. How original. How unrealistic. How dull.<br /><br />3/10. Come on Lionsgate. You've had amazing films, but this one sunk.",negative
"and shot in Vancouver with the 'mountains' of the low country of South Carolina visible in the background. For heaven's sake, they should have reset the location. There are no coastal mountains in South Carolina. Period.<br /><br />Lame visuals. They should have been beautiful. And the story limped along.<br /><br />I really don't understand why it was such a hit as a book, although I have to admit it's one I haven't read as yet. Usually I read the book and give the film a miss. There was nothing in this movie that made me want to buy the book, or even borrow it from the library.<br /><br />Verdict: The Mermaid Chair seemed pretty shallow to moi.",negative
"Calling all D-sciples! Grab your friends, hit the theater and see the hell out of this movie. From the opening sequence until after the credits you'll be laughing your self breathless. <br /><br />This movie is a wild ride through the history of the D, and not just some bull-crap list of the things they've done, but a chronicling of their rise to power. I am a huge fan of Rage Kage(Kyle Gass) and Jables(Jack Black), so naturally I loved the movie. <br /><br />It helps to know about the show they had, and their first CD, but it's just as funny if you don't. From the hilarious and vulgar lyrics, the rocking rhythms, the massive amount of pot smoking, and the cameos, down to the outright insanity that is the story line, this is a movie for D-sciples and newbies alike. <br /><br />Many of their songs are referenced, such as Two Kings, Tribute, and Kielbasa to their many audio tracks like Cock Push-ups, every fan in the audience will be saying I remember that as well as new comers saying ""That's F'ing hilarious!."" I highly recommend this movie to any body that's ever rocked out. This movie is certainly in high competition for being the next ""This is Spinal Tap."" One of the best ever.",positive
"In this unlikely love triangle, set in 19th century Italy, `The Beauty and the Beast' is being turned upside down and inside out and then some: Giorgio, an army officer and the very image of male beauty, is being transferred away form his (married) lover Clara and sent to a small garrison somewhere in Piemont. There - initially much to his horror  Fosca, the grotesquely ugly cousin of his commander, develops an obsessive love for him. He suffers her passionate and demanding displays of affection out of pity and concern for her health (she is gravely ill), but becomes more and more fascinated by her  until the dramatic finale<br /><br />Do not miss this most unusual love story, as twisted as it may sound. Valeria d'Obici, who deservedly won a price for her portrayal of Fosca, is as alarming as she is touching. Buy the video, read the book, go see the musical!",positive
"Blackwater Valley Exorcism is set on a small town ranch where teenager Isabelle (Kristin Erickson) is found wandering around covered in dog's blood. Her parents Ely (Randy Colton) & Blanche (Leslie Fleming-Mitchell) own the ranch & are deeply worried about their daughter, recently she has not been herself & is considered a danger to herself & other's. Ranch hand & ex-priest Miguel (Del Zamora) recognises Isabelle's symptoms as a possible case of possession & when she starts to speak ancient Latin in a strange voice he becomes convinced of it. Blanche calls priest Jacob (Cameron Daddo) who is her other daughter Claire's (Madison Taylor) ex husband to see Isabelle, he confirms Miguel's suspicions & accepts the job of performing the exorcism that will hopefully banish the demon inside Isabelle & an innocent girl free...<br /><br />Directed by Ethan Wiley I was sat there in my house in front of my telly watching Blackwater Valley Exorcism & I kept asking the same question over & over again, why do I do it. Why do I keep sitting through all these awful low budget horror films that look like they were shot on a camcorder? Right lets honest about this, Blackwater Valley Exorcism is a complete total & utter unashamed rip-off of The Exorcist (1973) & you literally tick off the major plot points that the two share. There's the possessed teenage girl who starts to get very horny & suggest inappropriate things, the demon that uses past misdemeanour's against other's, the worried parents, the way that the possessed girl is shunned by doctor's, the priest with a troubled past & the possessed girl is tied to her bed amongst other things. I suppose where Blackwater Valley Exorcism is different (other than it's total crap) is that it tries to give all the character's some screen time & tries to get across how the situation is affecting them but it's so badly written & acted it just ends up being boring. The film starts with Isabelle already possessed so we never knew what she was like as a normal person so we never really care about her or what is happening to her either, the rest of the character's are poorly written & fleshed out. At times I wondered whether Blackwater Valley exorcism was a spoof, there's a silly scene in which a vet tries to sedate the possessed Isabelle with horse tranquilisers & after he states that she needs a 'little prick' he enters her room with a huge needle hidden behind his back! There are a few scenes in which people are punched accompanied by a silly comedy sound effect. The film has an uneven tone as a result as it goes between silly spoof & serious horror drama, or it did in my opinion at least.<br /><br />According to some text before the opening credits Blackwater Valley Exorcism was based on 'Actual Events', yeah right actual events from 1973 that happened in a film called The Exorcist... This piece of text also states that the exorcism scenes were supervised by a real priest. There isn't even any decent gore or exploitation to liven things up, there's a scene of a cut arm, there's a dead dog, someone is stabbed with a crucifix & that's about it. There's surprisingly no bad language in it either despite the demon trying to be offencive. I would imagine the only reason Blackwater Valley Exorcism has an adult rating is because of one very brief scene in which a pair of breast's are seen. One pair of naked female breast's is not worth the time watching this or the money you might spend on it. There is zero scares, no atmosphere & a really amateurish feel to the whole film too.<br /><br />With a supposed budget of about $1,000,000 I must say that I am wondering where all the money went, the film looks ugly & cheap throughout. There are no special effects to speak of & the production values are rock bottom. The acting is very poor from all involved, genre favourite Jeffrey Combs gets near top billing during the opening credits but has nothing more than a cameo in what amounts to about five minutes of screen time. Even he must have feared how bad this was going to be has he hides behind a moustache & a terrible accent, he is better than this.<br /><br />Blackwater Valley Exorcism is a complete rip-off of The Exorcist without anything that made that film such a classic & the makers are thirty five years too late anyway. A total turkey from start to finish.",negative
"Every movie from the thirties is dated, but if you were to watch only John Ford movies it would seem more dated than if you watched others. i.e. Grand Hotel is comparatively modern melodrama. With Ford, there's always the hard-sell of someone's nobility (Abe, The Joads). Always the over-emphasis of some heavy's badness. Always the poorly crafted, awkward and obvious scripts. This is no exception. It's just a rather belabored device to deliver sentiment. And sentiment is all this has going for it.<br /><br />What Ford does here doesn't make me appreciative of Lincoln, it just makes me wonder how the States were ever settled by the population of complete morons depicted here. Ford went on to make decent movies. This is too dated to be anything but bad. It feels entirely false. <br /><br />Henry Fonda with a fake nose is bizarre. And no one from Illinois would pronounce the trailing 'S,' or say ""Shonuff!""",negative
"The film disappointed me for many reasons: first of all the depiction of a future which seemed at first realistic to me was well-built but did only feature a marginal role. Then, the story itself was a weak copy of Lost in Translation. The Middle-Eastern setting, man with family meets new girl overseas, karaoke bar, the camera movements and the imagery - all that was a very bad imitation of the excellent Lost in Translation which had also credibility. This movie tries to be something brilliant and cultural: it is not. I wonder why Tim Robbins even considered doing this film!? The female main actress is awful - did she play the precog in Minority Report? And why do you have to show the vagina in a movie like this? Lost in Translation didn't have to show excessive love scenes. R-Rated just for this? This movie isn't even worth watching it from a videostore!",negative
"The movie starts out with a bunch of Dead Men Walking peeps sitting in individual cells, waiting for their inevitable meeting with death represented by the electrical chair.<br /><br /> Then our ""hero"", who is called Tenshu, is taken to the chair, he's zapped, and then....he's still ""Alive"". AHA ! He is given a choice by some creepy military guys who look really cool : Either we zap you until we've made sure you're actually dead OR you can walk through this door and take whatever destiny might lie ahead of you"". Our hero says yes to option 2, and then the actual story commences.<br /><br /> He wakes up in a different sort of cell (very high-tech and very big), where he finds another cell-mate, who also managed to survive the electric boogie-ride. A voice in the speakers tells them that they are free to do whatever they wish, as long as it happens within that room. Sounds a little suspicious, but the two men accept : What else can they do ?<br /><br /> What these two men do not know is that they have been set together, so they can awaken an inner urge to kill within them. Basically the unknown scientists in the background p**s them off until they decide that they should kill each other. Sounds weird ? Indeed, but there's a greater purpose to all of this. THIS is the part which should not be revealed, and so it shall remain unrevealed.<br /><br /> But fear not, it is the unknown that lures the viewer to watch more of this pseudo-action movie, fore it has an entirely different approach to the question : How long time can you stand being with a man who's an S.O.B. and would you kill him to obtain freedom ?<br /><br /> The first hour is basically trying to awaken your interest, it sneaks up without you actually knowing it. Then it becomes a roller coaster ride with WILD Matrix-like action fight-scenes with a touch of individuality to honor the comic book from which the movie is based upon.<br /><br /> The movie is indeed very special, so special that normal cinemas won't view it under normal circumstances. However, the story is fascinating, the music is fantastic, and the actors do their bit (some more than others) to make the movie truly unique.<br /><br /> If you should be so fortunate that your cinema or video store has it, watch it, and enjoy the fact that not everyone is trying to make mainstream movies to earn huge bunches of cash.<br /><br />",positive
"What can I say? I think I have to write ""Spoiler alert"" and then ""reveal"" they used the F-word a LOT in this movie - like in every two sentences. I did not like this movie at all - too much hints on sexual perversions, sidesteps and cheating. And that swearing was totally out the window. I gave this movie ""3"" and two of those points are for Mira Sorvino's sexy movements on the dance floor.",negative
"This movie isn't about football at all. It's about Jesus/GOD!! It's the same kind of sappy sanctimonious religious drivel you get from those arch idiots who wrestle for Jesus, or pump iron for Jesus. Yeah, Jesus was totally buffed, liked contact sports, and definitely owned a full set of dumb bells. DUHHH! This movie should have been entitled ""Hiking for Jesus,"" or something along those lines just to let the general public know that the real intent of this movie is to convert people to Christianity, and to pander to those whose brains have already been thoroughly washed in the blood of the lamb. That the title is derived from the Bible is made clear when the head coach is reading his Bible and asking Jesus for help. The recent sports movie ""Invincible"" was 100 times more inspiring than this was, and Jesus wasn't even a factor. It was just the desire and determination of an individual with a dream.<br /><br />Any broad appeal as an inspirational sports movie is ultimately lost amidst all of the blatant Bible thumping and sanctimonious religious propaganda. One gets the impression that the sole message is the only way you can succeed and make positive gain is if you accept Jesus as your personal savior. But this is simply not true, and is therefore a lie being perpetuated by those who believe that it is true and want everyone else to believe it. The image of the winning athlete thanking Jesus when he wins comes directly to mind. What does he do when he loses? Does he curse Jesus? Of course not! When he loses Jesus isn't responsible. Jesus is only responsible when he wins. And the logic goes round and round and round, and it ends up exactly where the true believer needs it to be, every time!! I had to hit pause when the scene with the coach receiving a brand new truck came on so I could stop rolling on the floor laughing my ass off and catch my breath. Materialism is not what Jesus taught. I find it odd that most so called ""Christians"" seem to either forget or ignore this message from their ""savior,"" especially when I see a Jesus fish on the back of a huge gas guzzling SUV that passes me like I'm standing still.<br /><br />Another message this movie implies is that Jesus apparently cares more about the win loss record of a mediocre high school football team that he does about the millions of starving children in the world. The final scene where the insecure and unsure kicker boots a 51 yard field goal and it is hyped up as an unbelievably incredible miracle puts the final gag me with a spoon religious red flag on this turkey. I only gave it three stars because the guy who played the black coach could actually act.",negative
"Moonwalker is probably not the film to watch if you're not a Michael Jackson fan. I'm a big fan and enjoyed the majority of the film, the ending wasn't fantastic but the first 50 or so minutes were - if you're a fan.<br /><br />I personally believe the first 50 minutes are re-watchable many times over. The dancing in each video is breathtaking, the music fantastic to listen to and the dialogue entertaining.<br /><br />It includes many of his finest videos from Bad and snippets from his earlier videos. It also includes some live concert footage.<br /><br />If you're a big fan of Michael Jackson this is a must, if you're not a fan/don't like Michael Jackson, steer well clear.<br /><br />9/10",positive
"First off I am in my mid 40's. Been watchin horror films since I was a kid so I have seen A lot of variety. IMO,this is not as bad as the multitudes that gave this a 1 or 2. <br /><br />Yes,it is a low budget horror flick. The dialog is soso and acting tolerable,sometimes. The basis of this film plotwise is actually pretty good. For those of you old enough to remember or lucky enough to have seen them on DVD. This is very much like a 1970's movie of the week. Just add in blood and minor gore,minor T & A and swearing, without big names. That is it to a T. I would rather watch this than Jason vs Godzilla or whatever other continuois crap is out there. Tho not as good, EVIL DEAD was a LOW budget film. At least give these guys credit for trying. With acouple MIL budget this could have been a pretty good flick. My score a watchable 4.",negative
"This movie is... horrible and wonderful at the same time. I first saw it when I was about 13 or 14 years old, so it has a great deal of nostalgic value for me. In this movie, Cesar Romero actually plays the character of Octavio, the man who ""discovered"" Santana. There are also two other actors, Monte Markham (plays Sam, who is trying to save his daughter) and Peter Mark Richman (plays the priest), who have large filmographies, and these are the only performances that are okay. The rest of the acting and the movie itself have all of the B-film qualities that some of us cherish.<br /><br />I recently spent 2 years trying to acquire a copy of this movie, and it is almost nonexistent. I am assuming that it was discontinued very shortly after its release. But I did eventually find a copy and paid a pretty penny to acquire it. If you happen to come upon Judgement Day in a video store (unmistakeable with a cheesy green ""satan"" on the cover), count yourself among the blessed who live near one of the few video stores that still has a working copy. A must see for those of you who like to laugh at cheesy attempts at a scary movie.",negative
"It's too bad these guys, the so-called judges, are such jerks, even the nominally ""sensitive"" ones. It's the self-congratulatory tone that really makes me sick though; these guys don't have any perspective on their behaviour. I think the real problem, though, is the quality of the contestants. Not a single smooth or truly charming one in the lot. They pick the most pathetic girls out of the crowd because they're the only ones these guys have a chance with. Let's see some real players trying for a truly unattainable girl, and maybe you have a show. Otherwise, you have a revolting half-hour of self-love. And real sexual tension takes two.",negative
"Guys and Dolls is a unique play based on the characters. Sky Masterson<br /><br />(Marlon Brando) is a high-class gambler who takes up a bet with Nathan Detroit (Frank Sinatra) for one-thousand dollars. Nathan needs the money so he can<br /><br />run his usual crap game and make a fortune. The bet was that Sky wouldn't be able to take just any girl to Havana, Cuba and the ""doll"" he chose was Sarah<br /><br />Brown (Jean Simmons) who was in charge of a missionary. Sky finally bribes<br /><br />Sarah enough to go to Havana with him. They end up falling in love with each other, but later she accuses him of something he had no part in. Nathan ran a crap game in the missionary the night they were gone. Nathan's 14 year fiancé Adelaide (Vivian Blaine) disapproves of Nathan's gambling and tries to stop him from doing it. However, when the movie ends it all ends happy with a double<br /><br />wedding.<br /><br />The songs in this movie are just wonderful no matter who sings it. Marlon<br /><br />Brando has no singing voice at all and true they could have dubbed him but it didn't really matter. He did a wonderful acting job (obviously seeing as it's Brando) and played his character very well. I have seen a few movies with Jean Simmons and thought that this movie was her weakest one, she also couldn't<br /><br />sing at all. However, the singing is made up by Frank Sinatra, Vivien Blaine, and Stubby Kaye. Vivien Blaine and Stubby Kaye was also in the original<br /><br />Broadway production of Guys and Dolls. Vivien Blaine had a terrific voice and was the perfect Adelaide. If you like musical, and even if you don't, i advise you to watch this.",positive
"One of the worst things a film studio can do is exploit the tragedies of others, commercializing a 'shock' or 'gore' factor in order to sell tickets to be able to buy their Birch a new diamond necklace. Another worst thing is to totally misrepresent the true facts of an incredible saga by fabricating events, dialog and images to the director's own liking. Lastly, one of the worst things a film studio can do is to use bottom-of-the-barrel actors and shoot it all on a sound stage that was rented for fifty cents a day. All three of these travesties the makers of this film are guilty of. This is, hands-down, the worst movie I have ever seen, and I've seen thousands. A score of '1' is too good for this waste of celluloid. Not only should the filmmakers be ashamed for making it, they should be ashamed for negatively exploiting the heroes of this story, which are the people who experienced this tragedy firsthand, both the living and the dead.",negative
"I am a massive fan of the book and Orwell is certainly my favourite writer ever since studying Animal Farm at GCSE. I bought the DVD out of sheer curiosity, Burton is an actor I hold in high regard so when I heard that he played the role of O'Brien I was swung.<br /><br />I watched the trailer on the DVD first and some fears started to set in, mostly regarding the frankly terrible ""Theme song"", hearing the Eurythmics mechanically shouting ""1984!"" over and over again to an electronic beat is as bad as it sounds.<br /><br />The acting on a whole is pretty good, Burton and Hurt play their roles well and the tension that exists in the Ministry of Truth towards the end can be felt, especially in the harrowing Room 101 scene. However this is also where the movie is let down. The movie spends too much time focusing on the Love affair between Winston and Julia, which frankly isn't what Orwell was writing about. He was writing about a harrowing future, about how Ingsoc build up a mans beliefs and then shatter them all in the name of him being made to love Big Brother. The movie skips over what is essentially the most important part of the book, Winstons coming to terms with his position in life and the world, and his re-education via O'Brien.<br /><br />The comment on IMDb at the moment states that the movie sticks to the book is completely incorrect. Julia is not present when Winston visits O'Brien, they do not commit themselves to Goldstien's Brotherhood and confess their crimes. There is no obvious mention of the initial instances where Winston finds the article with the Unpersons but it does get mentioned near the end, if you have not read the book it is completely confusing.<br /><br />A terrible screenplay, which some excellent acting cannot rescue. Michael Radford seems to have completely missed the point Orwell was trying to make, and the electronica sound track is frankly terrible.",negative
"Even if it were remotely funny, this mouldy waxwork of a film would still be soberingly disrespectful. Stopping just short of digging up the boys' corpses and re-enacting 'Weekend At Bernie's'  but only just  producer Larry Harmon and the director of the frickin' 'Ernest' films use holding the copyright as an excuse to crap all over Stan and Ollie's legacy. Gailard Sartain does a fair Ollie impersonation but Bronson Pinchot wouldn't reach tenth place in a Stan lookalike contest; even if they were both spot on the film would be no less detestable. The less said about the surrounding catastrophe the better. Makes 'Utopia' look like a dignified swan song.",negative
"I got subjected to this pile one Wednesday afternoon when my mother-in-law was watching it. I can't get over someone basically doing a remake of a crappy high budget Hollywood flop (""the CORE"" with washed up actors like Luke Perry). If the HIGH budget one flopped, what makes people think doing the SAME movie 2 years later with NO budget would go anywhere? I was laughing through most of the movie because of how insanely similar it was (in fact I am shocked it's not held up in Legal rather than airing on TV), and how it was basically the script of the CORE just redone badly, which if you have seen ""the Core"", you know why doing it worse is funny, since the CORE was ALREADY so bad it was funny.<br /><br />If you enjoy getting a laugh out of REALLY bad movies, this one will be right up your alley. The only thing I can say, is that I wish Luke Perry was able to have a career, because he isn't a horrible actor.. he just lands horrible roles. Crappy made for TV movies that will only run on daytime television is pretty much one step closer to the end for him, if it wasn't for 90210 he would have a career.",negative
"Beautiful film set in 1962 Hong Kong about a man (Mr. Chow) and woman (Mrs. Chan) who become close friends when they suspect their spouses are having an affair. Stylistically, the film is also beautiful. Wong Kar-Wai uses a lot of slow motion and close-ups on parts of the body (feet, hands, waist). The film itself has a reticence and properness that suggests its time period. It's sexy without showing everything. Wong Kar-Wai also doesn't allow the audience to see what the spouses look like, suggesting that Mr. Chow and Mrs. Chan should be together. Smoking is even made to look elegant with close-ups of the curls of smoke. A really lovely film. Just prepare yourself for the ending.<br /><br />",positive
"I tend to get furious when hearing about Lucio Fulci's reputation as a director. Too often he's categorized as a no-talented filmmaker, only out to shock and disgust entire audiences with images of pure gore. True, his films contain more explicit filth and sickness as your average mainstream American production, but his films always are of wide range and the plots are gruesomely morbid. Don't Torture a Duckling is yet another story! This film is a pure gem of the Italian shock cinema! I easily dare to call this film a masterpieceit's an old-fashioned giallo that includes all brilliant aspects of genuine horror. The film shows the search for a inhuman serial murderer in a small Italian mountain-town. The bodies of 3 young boys are found, horribly mutilated. There are quite a lot of pseudo-madmen in the town but every trail leads to nowhere. Among the suspects are a greedy bum and a scary woman, obsessed by witchery and voodoo. Like a true mastermind, Fulci knows to find the right creepy tone for his film. He portrays the small town as a claustrophobic and inescapable setting of macabre happenings, supported by a giddy soundtrack. Fulci also develops himself as a genius storyteller here. The script always is one step ahead of you and the complex plot will mislead you more than once. In other words, this is a unique giallo (horror slash murder mystery). The gore isn't presented as grotesque and explicit as in Lucio's later milestones (among them are the legendary Zombie 2, The Beyond and the New York Ripper), although there still are a few nauseating and hard-to-watch shock-sequences shown. <br /><br />Don't torture a Duckling is the most compelling and effective achievement Lucio Fulci ever brought forward and it easily ranks among the greatest Italian horror movies ever made. Right next to the masterpieces made by Mario Bava and Dario Argento. The film is fascinating from start to finish, some plot aspects are alarmingly realistic and the tension is adrenalin-rushing at all times! A must see for horror fans and an absolute priority for Italian shock-lovers!",positive
"Dolph Lundgren stars as a former cop/boxer who searches Boston's kinky scene to find out who killed his brother,who was well thought of in the community, however along the way he learns how his brother enjoyed kinky sex and that a serial killer is to blame. Dolph Lundgren is very good in this movie, in fact on the basis of his performance here, one would forget Lundgren's rise to fame involved action roles. That said the material gives Lundgren nothing to work with, in fact, Lundgren is completely left out to dry in a dreary thriller which is both predictable and incomprehensible. Co-Star Danielle Brett is also good, in fact the film works best when it centers around the chemistry of Lundgren and Brett, indeed had the film taken the time to explore their relationship the film would've been fairly decent. However the movie is lackluster, the action is non-existent, the plot not given enough exploration (Too much boring B.S around Lundgren's investigation of his brother's employer) and the film is needlessly gory and ridiculous. Once again, Lundgren is actually really good (As is newcomer Danielle Brett) but the film just lumbers from one sequence to the next, which makes this movie particularly disappointing. If anything else though, it shows how underrated Lundgren is, as an actor.<br /><br />*1/2 Out Of 4-(Poor)",negative
"You know that mouthwash commercial where the guy has a mouth full of Listerine or whatever it is and he's trying really hard to keep from spitting it up into the sink? That's a great metaphor for this movie. I kept watching, even though it was really difficult. But keeping mouthwash in your mouth will leave you with a minty fresh feeling. This movie left me with a bad taste in my mouth. I should have spit it out when I had the chance.<br /><br />The premise is corny enough to be fun. For the first time in like a thousand years, Gargoyles have returned to Romania, and all of the priests who knew how to fight and kill these things are long dead. It's up to Michael Pare and some other secret agents to get to the bottom of things before the Gargoyles run amok. Unfortunately, the premise is completely lost in bad dialog and less than enthusiastic acting on the part of the human leads. The best acting is done by the CG Gargoyles.<br /><br />In the end, this movie feels like a poor man's Van Helsing. If you check your brain at the door, this might get you through a dreary Monday night. I gave it 3 out of 10 stars.",negative
"I saw Insomniac's Nightmare not to long ago for the first time and I have to say, I really found it to be quite good. If you are a fan of Dominic Monaghan you will love it. The hole movie takes place inside his mind -or does it? The acting from everyone else is a little rushed and shaky and some of the scenes could be cut down but it works out in the end. The extras on the DVD are just as great as the film, if not greater for those Dom fans. It has tons of candid moments from the set, outtakes and a great interview with the director. Anyone who has gone through making an independent film will love to watch Tess (the director), Dom and everyone else on the very small close personal set try to bang out this little trippy creepy film. It was pretty enjoyable and I'm glad to have it in my collection.",positive
"I am a big fan of Fred MacMurray and Carole Lombard. And, in addition to them, Charles Butterworth (a very enjoyable supporting actor) was in this film,...so why didn't I particularly enjoy it?! Well, despite a good cast, this is one of the poorest written and most clichéd ""A pictures"" I have ever seen. Given the talent and money spent to make this film, it is shocking how slip-shod the writing was. I knew the film would be tedious when time after time early in the film I found myself predicting EXACTLY what would happen next--and I was always right! And this isn't because I am some sort of ""movie savant"", but was because almost no imagination or effort went into it. In fact, it seemed almost as if the film was just a long string of clichés all strung together! Also, I found it a bit irritating that Fred mistreated Carole so bad throughout the film and yet, true to convention, she came running to him in the end. Uggh! There is MORE suspense in a Lassie film (""will he bring people to rescue Timmy or will the rope he is dangling from break?"").<br /><br />Despite the very, very tired and clichéd script, there were a few positives about the film. It was pretty cool seeing Fred look like a broken lush at the end of the film--it was pretty believable and he looked like he hadn't eaten, shaved or slept in days. Also, Charles Butterworth's ""prattle"" did provide a few mildly humorous moments. But all this just wasn't enough to make this film look any different than a ""B movie"". It's a shame,...it could have been so much better.",negative
"Some amusing humor, some that falls flat, some decent acting, some that is quite atrocious. This movie is simply hit and miss, guaranteed to amuse 12 year old boys more than any other niche.<br /><br />The child actors in the movie are just unfunny. When you are making a family comedy, that does tend to be a problem. Beverly D'Angelo rises above the material to give a funny, and dare I say it, human performance in the midst of this mediocrity.",negative
"Well, this movie actually did have one redeeming quality. It made up the funniest season one episode of MST3K. I wish Rhino had released this one instead of ""The Crawling Hand.""",negative
"The 1960's were a time of change and awakening for most people. Social upheaval and unrest were commonplace as people spoke-out about their views. Racial tensions, politics, the Vietnam War, sexual promiscuity, and drug use were all part of the daily fabric, and the daily news. This film attempted to encapsulate these historical aspects into an entertaining movie, and largely succeeded.<br /><br />In this film, two families are followed: one white, one black. During the first half of the film, the story follows each family on a equal basis through social and family struggles. Unfortunately, the second half of the movie is nearly dedicated to the white family. Admittedly, there are more characters in this family, and the story lines are intermingled, but equal consideration is not given to the racial aspects of this century.<br /><br />On the whole, the acting is well done and historical footage is mixed with color and black and white original footage to give a documentary feel to the movie. The movie is a work of fiction, but clips of well-known historical figures are used to set the time-line.<br /><br />I enjoyed the movie but the situations were predictable and the storyline was one-sided.",negative
"I wish ""that '70s show"" would come back on television. It was the greatest show ever!!! They should make episodes between the other episodes but of course that would be confusing. But I wish it would come back and make more episodes. Please come back... The show was absolutely hilarious. You couldn't laugh without seeing an episode. There is a really funny part in every episode and plus the show was so much better when Hyde and Jackie were going out with each other. Those were the best episodes. ""That '70s show is the best"".... It will be and always will be the best show ever. It was really sad when the show ended. They should make new episodes.",positive
"If you love Chan-wook Park, you know what to expect. His films are brutal, poetic, tragic, and artistic, with splashes of very grim humor. THIRST is clearly Park's style, and I loved every second of it, from the cinematography (every shot is gorgeous and creative) to the story, which blends Shakespearean tragedy, murderous love, Gothic horror, and layered character drama. The characters are complex and there is plenty of moral ambiguity to go around. Even the most sociopathic character evokes sympathy. The direction is restrained and the performances are nuanced - like SYMPATHY FOR MR. VENGEANCE, there are too many subtleties to take in on the first viewing. Chan-wook Park is an intelligent, bold, consistently surprising filmmaker. It's unpredictable - scenes go from brutal and heart-wrenching to laugh-out-loud hilarious in an instant. This is closer to LADY VENGEANCE then SYMPATHY FOR MR. VENGEANCE as far as being over-the-top and comical. But, like LADY VENGEANCE, it's incredibly rich, thought-provoking, and rewarding.<br /><br />If you like beautifully told vampire stories (LET THE RIGHT ONE IN) or are a fan of Chan-wook Park, seeing THIRST should be obvious. Easily one of the best films of 2009.",positive
"I watched Love Life on holiday, when it was filmed at a film festival in Florida. It was a lovely surprise to find a British film that wasn't derivative or exploitive. A beautiful romantic comedy for a change that will charm the pants of audiences prepared to sit back and enjoy the gentle pace of the film. The transitions between scenes I found a bit distracting, but as whole I think Love Life is a winner, a ruby in the dust. One for all the family. A pleasant change to see a British film for teen audiences that isn't littered with four letter words. Try and see it.",positive
"This was a fantastic movie about two people, one a young teenage girl, and the other, a middle aged man, who are each looking for someone to help them fulfill a certain emptiness left by former loved ones.<br /><br />Both actors give brilliant performances that various audiences can relate to. The script, although written by Gorman Bechard, seems as though it was written from a woman's point of view. And at the same time, men can relate to the male characters because of how well they were developed and described in the movie.<br /><br />The end of the movie has an unusual but powerful and unexpected twist that leaves you speechless. I would recommend this film to anyone who has ever felt lonely or abandoned by a loved one. It is clear in this film that you are not alone.",positive
"Yes, it might be not historically accurate(actually only 6 soldiers of 9th rota were killed there), and yes, it has some mistakes and exaggeration(bended machine gun? come on! or the that ""history lesson"" about how Afghanistan was never conquered by anyone - educated Russian officer would know history much better than that - take for example British campaign in Afghanistan). And yes, it does not have multi-million dollars Hollywood-style special effects, but it's strongest point in showing soldier's life there, their relationships and their feelings when the best friends are being killed in front of their eyes. In my opinion 9ya rota really does a good job showing all those things.<br /><br />Again, movie has it weaknesses, but, in my opinion, it appears to be one of the strongest Russian movie for the past few years.<br /><br />8/10",negative
"One of the funniest, most romantic, and most musical movies ever; definitely worth renting/buying especially if you have a taste for older style of cinematography.<br /><br /> The animals and the songs alone will make you smile while watching the movie. A definite must for Madonna fans. :o)",positive
"Diagnosis Murder has been shown on most Weekday afternoons on BBC1 since I used to watch it while ill from School a good 10 years ago - I know I shouldn't really enjoy it, in the same way I shouldn't enjoy 'Murder she Wrote' but I'm totally addicted to both and even have the DVD box-sets....OK I know that's sad!<br /><br />Dick Van Dyke carries the show as he stars as Dr.Mark Sloan a Doctor at Community General Hospital in L.A who is also a Police consultant for the L.A.P.D. - his son Steve (Barry van Dyke - Dick's real life son) is a Police Officer, who needs his father's help on very many Suspicious deaths. <br /><br />Along for the ride is Dr.Amanda Bentley (Victoria Bentley) the resident Pathologist at Community General and for the first couple of seasons you had Scott Baio playing Dr.Jack Stewart, who upped and left the series in 1995 hoping to go on to bigger and better things...he should have stayed where he was, he hasn't done anything of note since....and his only theatrical appearance for many years was in Baby Geniuses 2:Superbabies....Oh Dear!!!<br /><br />anyhow Dr.Jack Stewart was replaced by the younger Dr.Jesse Travis played by Charlie Schlatter who stepped into Baio's shoes pretty comfortably.<br /><br />The series is highly implausible but what Whodunit series isn't? (Murder she wrote - everywhere Jessica goes, someone ends up dead, or The underrated Father Dowling Mysteries about a Murder solving Priest with nun sidekick)<br /><br />The series was much lighter up until 1997 this is because it had a supporting cast that included the bumbling Hospital Manager Norman Briggs played by Michael Tucci along with Nurse & Mark's secretary Dolores played by Delores Hall, After 1997 both these characters were no longer included and the series became a grittier affair with a bigger looking budget, some episodes included far more action, one episode the entire Hospital is blown up.<br /><br />This was a family show For the Van Dyke's because as well as Dick's Son Barry, you also had Dick's Daughter And all his Grandchildren making an appearance in various episodes. <br /><br />As the series went on it got a bit silly, one episode I remember Dick van Dike plays his entire family, which was a bit out of the ordinary, but on the Whole 'Diagnosis Murder' was a really good TV show which had numerous good Guest Stars.<br /><br />Since this show finished in 2001, Dick & Barry have appeared together again in the 'MURDER 101' series of TV Movies made by The Hallmark Channel, pretty much following the same path, and still enjoyable. Dick who's now in his mid 80's doesn't seem to change a great deal, and looks as if he'll be working till the bitter end.<br /><br />TV SHOW **** OUT OF *****",positive
"First and foremost this movie has the stupidest plot of any movie I have ever seen, and unfortunately I had to see this one. I was flipping through channels one day and stumbled upon this lousy excuse for a movie, and it confirmed what I have been saying for a long time. Carrot Top is not an actor, and IS NOT funny in the slightest sense. He acts like he's a great comedian and thinks he commands the audiences attention. Frankly he has the acting ability of a 10 year old class clown, scratch that less than a 10 year old's ability to compare them to Carrot Top would be a grave insult upon their good name. This movie tries to be funny using dull one liners which all seem to have been lifted from 50's cartoons. By the end I would have done anything to erase my memory of this movie, but sadly the memories stay with me. The only thing I can do is to warn others to never to watch this movie. However it proves the rumors true Carrot Top can't act worth a damn.",negative
"I don't know how expensive was the creation of this movie but the effects were awful. Half of the movie was filmed on stage in front of a movie canvas (that's sure that blue box wouldn't look so artificial). When they traveled on a boat, the background canvas was moved imitating the movement of waves but the characters weren't moving. The CGI effects: terrible (I am not sure but I guess the effect were created with Paint and made a GIF sequence of them - next time the creators should hire a professional CGI maker team). It looks like the CGI creator would have drawn on the picture strip with shaky hands. Awful, that's sure. When I first saw the trailer, I thought it was created in 1983. One of my friend told me the correct date: 2005. My jaw dropped, I was so shocked, I thought he was kidding. People, I recommend you to skip this movie, the story is also twisted, you won't enjoy it.",negative
"George Barry's ""Death Bed: The Bed That Eats"" is, at root, a dark fairy tale told via a horror-movie framework. It is, in my opinion, one of the best films of the 1970s, and it's downright criminal that the picture was basically stolen and distributed without Barry's knowledge (those responsible for this theft should be fed to the bed, ASAP). If you're looking for overt gore or rabid action, ""Death Bed: The Bed That Eats"" isn't the flick for you. ""Death Bed"" is a gentler, weirder drive-in picture; it plays like an utterly strange dream, half-remembered. I'd recommend reading Stephen Thrower's summation of ""Death Bed"" in Thrower's FAB Press book, ""Nightmare USA"" (he describes the movie's vibe perfectly). Whether intentional or not, I've noticed shades of ""Death Bed"" in everything from the ""Phantasm"" films to Michele Soavi's ""Cemetery Man"" to the magic-realism/slipstream fiction of authors such as Kelly Link. Barry is an original and in a fair world I'm sure he would've followed ""Death Bed"" with a number of fantastically bizarre films.",positive
"I have never seen a movie that annoyed me that much. It is a movie about stupid people that are doing stupid and terrible things. This is not a funny movie. I must say that the plot line is awful. I did not had patience to watch it so that i only saw half of it, but it was enough for me. The characters are not very inspired. Just terribly annoying. This movie is all about a goofy guy trying to hook up with his tyrannous boss's daughter. When he finally manages to talk to her, she asks him to go at that night at her home to watch her father's owl, and he thinks she had invited him to go with her at a party and to be at her home at 6 pm. He gets to be very disappointed finding out that he only has to take care of the owl and that she has a boyfriend. After her father leaves home leaving precise orders, about taking care of the house and his beloved bird, appears a secretary, a renegaded son and all sort of NOT funny stuff happens in the house. But he finally hooks up with his boss's daughter. TRUST ME THIS MOVIE IS TERRIBLE!!!!!!!!!!!!",negative
"Do you know that they want to escavate the Moon for real?And in Geneve there is the debated project that could lead to make possible time machine?All i can say about this movie that is based on facts about future(at the time of the movie)scientifical projects but real. Hope the moon will exist not happen as in the movie. Now about the movie itself, I saw the original movie too, and I also read the book. The book I didn't like though, but the movie yes.I totally agree with a previous comment that this movie was depressing,unlike the 60's one.That was very good with force, this one was only a paralled future of what is good movie.",negative
"Fascinating downer about a would-be male hustler in New York City forced to live in a condemned building with a crippled con-man. Extremely bleak examination of modern-day moral and social decline, extremely well-directed by John Schlesinger (who never topped his work here) and superbly acted by Jon Voight and Dustin Hoffman. Packs quite a punch overall, yet the ""fantasy"" scenes--some of which are played for a chuckle--are mildly intrusive, as is the ""mod"" drug party. The relationship that develops between the two men is sentimental, yet the filmmakers are careful not to get mushy, and this gives the picture an edge it might not have had with a lesser director than Schlesinger. Originally X-rated in 1969, and the winner of the Best Picture Oscar; screenwriter Waldo Salt (who adapted James Leo Herilhy's book) and Schlesinger also won statues. ***1/2 from ****",positive
"It is difficult to imagine how the engaging Dan Brown novel ""Angels and Demons"" could misfire as badly as this film version. Here are ten reasons why the film was a failure. Due to the spoilers, please do no read on unless you have already seen the film.<br /><br />(1) In the film, there was no love relationship between Robert Langdon and Vittoria Vetra. Worse still, there was not even any chemistry between the two leading actors. <br /><br />(2) The breathtaking locations in Rome, as described in the novel, were not realized visually in the film. I am aware that director Ron Howard encountered difficulties in filming on location. But there are superior photographed depictions of Rome on The History Channel than in this film where the Eternal City was presented in eternal stock film footage. The great art works described in the novel were only briefly depicted in the film. The magnificent Bernini sculpture of the ""Ecstasy of St. Teresa"" was only momentarily glimpsed, and the West Ponente relief in Vatican Square was not visible at all.<br /><br />(3) The most tasteless choice made by the film-maker was in the depiction of the deceased pope who actually resembled the beloved John Paul II. In the novel, the pope is clearly fictional with no resemblance to any real pope.<br /><br />(4) One of the most colorful (and important) characters of the novel, Maximilian Kohler, Director of CERN, was cut out of the screenplay.<br /><br />(5) There were numerous instances when the lines of dialog were inaudible due to extraneous background noise.<br /><br />(6) There were moments when the faces of characters were not visible due to the shadows and chiaroscuro film lighting. This technique worked in ""The Godfather"" films, but Ron Howard is no Gordon Willis.<br /><br />(7) The College of Cardinals was quite a motley crew with one of the electors speaking in a Southern drawl. This dude would have been more at home on a Texas ranch than in the Sistine Chapel.<br /><br />(8) The crucial relationship of the Camerlengo and the deceased Pope was not defined in the film. This relationship was central to the theme of science vs. religion and the relevance of the Illuminati to the plot against the church.<br /><br />(9) In the novel, the character of Hassassin was an unforgettable villain. In the film, that assassin character's role was a cardboard cutout villain. <br /><br />(10) As a whole, the filmmakers did not trust the workings of the successful novel.<br /><br />In the novel, Langdon makes an impossible fall out of the sky and into the Tiber River. In Ron Howard's film, it was the movie itself that landed in the Tiber.",negative
"If you want to be cynical and pedantic you could point out that the opening where a RAF Lancaster bomber is mortally wounded on the 2nd of May 1945 is somewhat unlikely since German air defences were as lively as Adolph Hitler on that day but this isn't a movie that should be viewed by a cynical audience and I guess a character being killed in literally the last hours of the war adds to the poignancy . In fact you'd have to have survived the second world war to fully appreciate the intellect , beauty and soul of Powell and Pressburger's masterpiece . The scenes of heaven are painfully twee when viewed today ? Again you have to view the movie of the context when it was made . RAF bomber command lost 58,000 men during the war , the same number that America lost in 'Nam but during a shorter period and a far , far smaller pool of active combatants , there's no atheists in a fox hole and I doubt if you'd lost a relative during the conflict you'd view material atheism as being a sensible thing . When Richar Attenborough's young pilot looks down in awe at the sight below him many war heroes must have openly wept at this scene as they remembered much missed comrades who didn't survive the war . Also bare in mind that despite losing several million people from 1939-45 there seems to be very few people from Germany passing through the pearly gates . it's obvious Nazis don't go to heaven <br /><br />The plot itself where dashing young pilot Peter Carter arguing for his life in front of a celestial court wouldn't have had much appeal to me if it wasn't for the subtext , you see A MATTER OR LIFE AND DEATH is a highly political and visionary film that laments the end of the British empire as it's replaced by American ambitions . There's little things that show up the film as being made by people aware of American history and culture . One is the ethnic mix of America , even today many Britons think that the USA is overwhelmingly composed of White Anglo Saxon Protestants when in fact only 51% of Americans are "" White European "" . The film rightly contains a scene where a multitude of different races confess "" I am an American "" as Peter is judged by Abraham Farlan , an Anglophobe who was the first revolutionary killed by British forces in The American War Of Independence . As for the "" special relationship "" between Britain and America - What special relationship ? Powell and Pressburger know their history when it comes to Britain and America . They obviously know their future too <br /><br />So remember to watch this movie with some of your mind in the past and some of your mind in the present . It's strange , beautiful , poignant and clever but most of all it's a film that would never ever work if it were made in the last 40 years . Can you imagine if the story was set in 2003 and revolved around a British soldier killed in Iraq ?",positive
"I thought this movie was pretty good. Some parts were corny but that's understandable since it was made more than 55 years ago. I thought the best performance in the movie was given by Michele Morgan who played Millie convincingly. Jack Haley is also really good as Mike O'Brien. Even though I'm not a big Frank Sinatra fan, I think he was very good in this movie. If your have a craving for a silly, over the top musical comedy, Higher and Higher is the movie for you.<br /><br />",positive
"The tighter the drama, the better the film of sister rivalry! This little gem was mainly promoted as a comedy upon its release in Sweden, so I'm glad to find that wasn't the whole case. Funny bits on small-town bickering are there to enjoy, surely, but the drama takes center stage, as the story progresses. And not just family drama, it also raises poignant questions on respecting differences of peoples' lifestyle choices.<br /><br />Great character ensemble with many superb and moving dramatic scenes that score credibility points; and they're not just scattershot, but hold everything in place. It just makes me assume that if Ingmar Bergman had made this (the drama would suit him!), the international attention probably would have been immediate.<br /><br />7 out of 10 from Ozjeppe.",positive
"This is possibly the best short crime drama I've ever seen. The acting is superb especially Amanda Burton who's character goes from scary to sweet to disturbing to sad and then some...She does an amazing job balancing Rachels/Carlas feelings and acting out the pain of someone who's lost a child, its so believable that it feels more like a real life story then a drama. The other actors are of course great too which they usually are in British TV/Film. The ending,which I'm not going to give away,is fantastic mainly because you don't really get one... (you'll get what I mean after you've seen it) This is well worth buying and seeing over and over again and if you're not touched by this you're one cold hearted person.",positive
"Excellent performance. There still are good actors around! Also great directing and photography. Very true to Shakespear, and a 'must' for all Shakespear fans. Macbeth (Jason Connery) moved me to tears with his final monolog (out brief candle, out)He gave the sphere of moral decay and dark forces a human face, which makes it the more interesting. Helen Baxendale is a very credible lady Macbeth who can be very cheerfull at times and sometimes she just looks like a naughty girl, but deadly in her taste for blood and evil. If you love death and decay, and Shakespears lyrics... this is the one.",positive
"After winning a championship fight, boxer John Garfield (as Johnnie Bradfield) celebrates with a drinking binge, which leads to the manslaughter of a pushy reporter. Although his manager killed the man, Mr. Garfield is blamed. When the manager dies in a car crash, wearing Garfield's stolen watch, authorities think the boxer is dead. Still a WANTED man, Garfield changes his identity to ""Jack Dorney"" and moves to an Arizona ranch. There, Garfield meets ""The Dead End Kids"": Billy Halop (as Tommy), Bobby Jordan (as Angel), Leo Gorcey (as Spit), Huntz Hall (as Dippy), Gabriel Dell (as T.B.), and Bernard Punsly (as Milt).<br /><br />Garfield bonds with the young ""Dead End"" lads, who were sent to stay with sweet ""Grandma Rafferty"" (May Robson) as an alternative to reform school, courtesy of her brother, deceased priest ""Father Rafferty"". Garfield falls in love with Halop's sister, pretty ""Peggy"" (Gloria Dickson), who is there to keep any eye on the kids. Of course, Garfield's past comes back to haunt him <br /><br />""John Garfield and The 'Dead End' Kids"" make beautiful (Max Steiner) music together, thanks to effective direction and photography, by Busby Berkeley and James Wong Howe. The story is predictably comfortable, with the Warner Brothers support team in fine form. Garfield and the ""Dead End"" kids are a winning combination; although Garfield made no further movies with the ""East Side"" gang, the studio had him re-team with both Billy Halop and Bobby Jordan, almost immediately, for ""Dust Be My Destiny"".<br /><br />The boxing scenes are nicely staged. But, the most exciting sequence has Garfield and four of the New York ""Kids"" (Halop, Jordan, Hall, and Punsly) climbing into a giant water tank for a swim - which unexpectedly puts their lives in danger. Other, more brief, highlights include floozy Ann Sheridan (as Goldie), boozy Barbara Pepper (as Budgie), and young Ronald Sinclair (as Douglas) losing at strip poker.<br /><br />******** They Made Me a Criminal (1/21/39) Busby Berkeley ~ John Garfield, Billy Halop, Bobby Jordan",positive
"This is one horror movie based TV show that gets it right. Friday the 13th the series had no connection to the movies. Poltergeist the legacy: I'm not so sure. It may have been loosely connected to the movies. It feels like they just throw a famous title on a show so fans will watch it.<br /><br />It shows Freddy being burned by the Elm street parents(in the 1st episode I believe) and the amount of parents were disappointing. With all the kids he targeted in the 1st 3 movies, you'd expect there to be more parents. But oh well.<br /><br />Freddy is basically the narrator for the show. He watches the actions of people in the real world sometimes getting involved somehow. Just like other anthology shows like Tales from the crypt, there's a supernatural or surprise ending twist involved.<br /><br />The acting lacks but believe it or not: the violence sometimes surpasses that of the movie. This show lasted a couple of seasons and was made around the time of the 4th movie. i heard it was canceled due to protesting parents. I watched a lot of R rated stuff as a kid, so its a shame parents had to ruin it for everyone. 4 more movies came after the series , so it wasn't a total loss.",positive
"Both Disney and Bill Paxton did a fine job in conveying a story that is based in fact. You do not have to like the game of golf to appreciate the story of one man's struggle to overcome the odds. It could have been based on any sport or simply on any other situation which involves competition, though this one just happens to be related to Golf. The only problem I have with the story is that I would have liked to see a bit deeper into each of the main characters, esp. Mr. Ouimet. Mr. Francis Ouimet is a typical young man of his times, turn of the century America, where ""class lines"" are well delineated and woe be it to anyone who deigns to try to rise above his ""class"" standing. I did a bit of historical research and my biggest question was indeed answered, to my satisfaction. Although the circumstances are a bit different than those portrayed in the film, I came away with a feeling of content. I thoroughly enjoyed this movie, I believe you will too.",positive
"Watching QUINTET is not unlike watching a group of people playing a word game in Portuguese, or some other language you do not understand. You get the idea that they are playing a game, and if you watch closely enough, you may just begin to understand the rules. But, why bother, since it is clear you can't join in and you wouldn't want to if you had the chance.<br /><br />Director Robert Altman is not one to beg an audience to like his films, let alone understand them. Sometimes he lets you slip into the picture to be a part of the crowd, like in M*A*S*H, NASHVILLE and A WEDDING, films so full of hubbub and orchestrated chaos, one or two more bodies in the scene wouldn't make much of a difference. And other times, he seems to resent the fact that someone might even be watching his film; as in IMAGES or THREE WOMEN, where the stories are almost personal monologues made for an audience of one, Altman. With QUINTET, Altman seems to purposely dare anyone to become involved with the narrative. <br /><br />You can't depend on Altman to do the logical or the expected, which is sometimes the thing that makes his films so remarkably iconoclastic. But sometimes doing the unexpected isn't daring, just dumb. For instance, in QUINTET, we are introduced to a young woman who is apparently the last person on earth capable of getting pregnant, and she is, indeed, with child. This last ray of hope in a decaying society is almost immediately extinguished; Altman doesn't even wait until the end to play his last depressing card in this elaborate nihilistic and pessimistic tale. He lets us know how empty and meaningless life is right off the bat. Brave? Maybe. Stupid? Definitely. Devoid of a purpose, he tries to build a story on a rapidly melting iceberg, all the while reminding us how pointless the effort is. <br /><br />For the record, QUINTET, can at least claim to be prophetic. The story is centered on a treacherous game played by the various bored characters. It is a form of TAG (the assassination game): a handful of people target each other for elimination, each as a would-be assassin and each as a would-be victim. Two or more can form alliances to kill a third. As they die off, new targets are assigned. Whoever lives, wins. All of this happens at some exotic, inhospitable wasteland. It is, to a great extent, an extreme, sci-fi version of ""Survivor"" -- minus the commercial plugs and faked ""reality.""<br /><br />It is not a bad concept for a sci-fi epic. A post-apocalyptic setting, a microcosm of the world (the cast is pointedly multinational), a game where no on can be trusted or least not for long, and where no one really wins. Literally a cold war. A steely eyed director with a taste for dark humor and violent invention could have a field day. The mystery in QUINTET is not in the game or how it is played, but in why it exists it all. If the game ""Quintet"" is a metaphor for life, then Altman, seems to see nothing in the material but a chance to show life to be an empty, meaningless game -- a conclusion as obvious as it is untrue. Given the lively, albeit cynical nature of the rest of his diverse films, I don't believe that Altman believes in QUINTET either. And if Altman has no faith in his material, why should we?",negative
"Oh dear. I was so disappointed that this movie was just a rip-off of Japan's Ringu. Well, I guess the U.S. made their version of it as well, but at least it was an outright remake. So, so sad. I very much enjoy watching Filipino movies and know some great things can come out of such a little country, so I can't believe this had to happen. Claudine and Kris are such big names there, surprised they would be affiliated with plagiarism. To any aspiring movie makers out there in the Philippines: You do not have to stoop this low to make money. There are many movie buffs that are watching the movies Filipinos put out and enjoying them!",negative
"****SPOILER ALERT**** All throughout Australia the summer turned into a deluge of rain and hail stones the size of baseballs that was causing havoc in coastal cities like Sydney. It's under these hectic conditions that tax lawyer David Burton, Richard Chamberlain,got involved in a case, as a defense attorney, involving the death of a local aborigine who was found dead outside a Sydney bar. <br /><br />Having five fellow aborigines arrested for Billy Cormans,Athol Compton, death it's determined by the police coroner that Billy died of drowning not by violence even though he had bruises on his neck and shoulders. Yet the court decided to prosecute the five for his death charging them with manslaughter instead of murder.<br /><br />David defending the five gets no help from them in their defense with the accused assailants opting to remain quite and keep what happened to Billy to themselves and take what's coming to them from the court. One of the defendants Chris, David Gulpili, begin to somehow invades David's dreams as if he want's to tell him what was really behind Billy's death.<br /><br />David at first not taking his dreams of Chris seriously begins to sense that their real when he meet him at the courthouse. Chris confirms David's dreams by showing him a strange looking black rock that David saw Chris have in his dreams. Later meeting Chris and, what turns out to be an aborigine shaman, Charlie (Nandjiwarna Amagula) who came to his house that evening David is told that he, like Charlie, has spiritual powers that he inherited from his mother's grandfather. Those powers will reveal to him the future that has to do with the strange weather conditions that are flooding the Australian continent. The earth,Chris tells David, is going through a gigantic cleansing cycle with the old world about to be washed away and the new world ready to take it's place.<br /><br />David is confused about what both Chris and Charlie are telling him but as the rains continue to increase and the ocean waves start to rise he feels that something terrible is going to happen. David want's to know if it's all aborigine folklore or there's some scientific facts, or logic, behind their end of world-like revelations.<br /><br />By now it's obvious that both Chris and Charlie are members of an aborigine tribe right in the heart of modern Sydney. That alone can get Chris off, as well as his four friends, for the murder of Billy. Since the Australian government will not prosecute tribal aborigines, leaving any justice to be done by the tribes themselves. Still Chris refuses to admit he's a member of a native tribe and he and his four friends are convicted of manslaughter in Billy's death with the sentences to be handed down by the judge within days.<br /><br />David now determined to find out what was the reason for Chris' silence, and why Billy had to die, is taken by Chris to the scene of the crime. It's there that David finds out that Billy betrayed Chris' tribe members by going there with Billy not being a member of Chris's aborigine tribe. It's also revealed to David that he himself has some kind of spiritual connection with the Austrailan aborigines as both Charlie and his step-father Rev. Burton,David Parslow, told him. <br /><br />The stage is now set for the great and final cleansing cycle that David's been seeing in both his night-time dreams and day-time visions. It comes in the form of a massive tidal wave rolling out of the Pacific Ocean into the Australian coast city of Sydney and then submerges the entire continent.",positive
"I am glad to read so many negative comments about the Tritter plot. Everyone I talk to says the same thing. They like House's gruff nature and his intelligence, but really dislike the vindictiveness of this continuing plot. It cuts into the real nature of the hospital story and makes everyone angry at police authority. It needs to have a more caring nature instead of the vindictiveness to everyone at the hospital. Also, there seems to be many questionable legal aspects to what Tritter is actually doing. He alone cannot freeze accounts and have the authority to stop doctors from writing prescriptions for patients. A lot of the vindictiveness he is showing also is hurting the very sick patients at the hospital and the is not a good storyline to portray. I voted the episode awful not because of the story itself, but when you insert the Trittor piece it turns me off and the rest of the plot gets hurt by it, People say they hate to watch the story lines anymore. Please change it. Get Tritter out.",negative
"THE ATTIC starts off well. The somewhat dreary story is helped greatly by the two main actors and there's a semblance of a character study going on here but the film goes downhill fast when Carrie Snodgress' character buys a monkey. Not one of those cute little monkeys. She buys a real big chimpanzee!!!<br /><br />This sudden plot device basically kills the movie. It's just not conceivable for a woman like the one Snodgress plays, who has a hard time doing anything because of her domineering father, for her to, out of the blue, buy a chimpanzee. I mean, come on! Forget about it!",negative
"This reminded me of Spinal Tap, on a more serious level. It's the story of a band doing a reunion tour, but things are not harmonious between them. I was especially impressed with the performance of Bill Nighy as Ray. You felt sorry for him, yet he had a certain creepiness about him. It's a great movie to watch if you have ever seen your favorite band get wrinkly,old and pathetic.Bittersweet, highly recommended..",positive
"After seeing Forever Hollywood, it would be natural to want to see a John Waters film. At least, one get to say that they have joined the legions of cinema cognoscenti who have experienced the unique cinematic stylings of perhaps the best known non-mainstream director. It's worth the effort, and PF is a lot better than Eraserhead,and there is a certain campiness about his films which his followers find addicting.",negative
"Stealing is a crime, and these guys, Kenny Yakkel and Corbin Bernsen look like their going to get away with it. I haven't even seen this film, but not only do i know it sucks, but the fact that it steals the story of another film, or 2 films for that matter, is such bull crap (and if IMDb would allow profanity much more than just bull crap) that I become filled with rage and feel as though I should just throw myself out the window and just end it all. O.k that's a little much but stealing is worse.<br /><br />Ever seen Pontypool? It was this awesome little zombie film made in 2008, this radio host goes into work, and then this zombie attack happens. We only see what's going on inside the radio station, and the only guess we have on what's happening on the outside are the occasional calls from their eye in the sky Ken Loney (easily the funniest moment in the film in my mind) and the BBC calling in for an update on the situation. From all the reviews I've read, and from the conversation I had with my friend (who has seen this film and Pontypool) this film was exactly like it in the story, with minor tweaks here and there. So throw originality and creativity out the window. As for the Zombies, or the infected, whatever you want to call them. They are the exact same thing, just because they got infected does not change the fact that they walk around mindlessly, and have a never ending quench for flesh. They are Zombies. ZOMBIES!!<br /><br />ZOMBIES!!! Okay one to many, but back to this crappy movie. The Zombies from what I've heard are a lot like the ones in 28 Days Later, another better movie, with their insane rage and even more insane quench of flesh. This is where Zombie movies define themselves, story does not matter in a zombie movie (as long as your not taking the idea of another film). Sure a zombie movie can be enhanced by the story, as is the case with Pontypool, but the zombies have to be, in a way, original. 28 Days Later started the insane raging Zombie. Pontypool I can't even begin to explain those guys without ruining the film. The Evil Dead, I think all i have to do is just type the name again because, come on it's The Evil Dead. Romero is the master, and he went through all different types of zombies, from the painted face zombies in Dawn of the Dead to raging zombies in Diary of the Dead, and he did each one with his own unique style.<br /><br />So, after talking about other great zombie movies, I think it's about time I explain why I hate this movie without even seeing it. This movie down right steals the original story outline to Pontypool which i think is called plagiarism and is illegal in this country and many people get kicked out of school for doing this very thing, yet in Hollywood it's allowed, and apparently approved of. This is not the only film that takes the outline of another movie, and just tries to tell it differently. The 90's is like the worst period for movies ever, sure it had some gems but what decade doesn't, and it's because all the movies were the exact same. My favorite, the crime movie with a twist so big that you'll never guess it till the very end. They force feed you one suspect, make it seem impossible that it's not anybody else but him, then, bam, all this time it was this guy, you just had to look at the scenes where he wasn't there and then when he would mysteriously show up out of the blue, say ""hey guys, what did i miss?"" OH! DIDN'T SEE THAT COMING DID YA! Well, I'll leave a cliché as my closing statement. This is one film you'll surely want to miss.",negative
"I haven't read a biography of Lincoln, so maybe this was an accurate portrayal......<br /><br />And maybe it's because I'm used to the equally alienating and unrealistic worshiping portrayals that unnaturally deify Lincoln as brilliant, honorable, and the savior of our country......<br /><br />But why would they make a movie representing Lincoln as a buffoon? While Henry Fonda made an excellent Lincoln, his portrayal of him as an ""aw shucks, I'm just a simple guy"" seemed a little insulting.<br /><br />[Granted, that was Bushie Jr.'s whole campaign, to make us think he was ""just a regular guy"" so we wouldn't care that he's a rich & privileged moron -- but that's a whole other story.]<br /><br />Not only did the film show Lincoln as sort of a simple (almost simple-minded) kind of guy , the film states that Lincoln just sort of got into law by accident, and that he wasn't even that interested in the law - only with the falsely simplistic idea of the law being about rights & wrongs. In the film he's not a very good defense attorney (he lounges around with his feet on the table and makes fun of the witnesses), and the outcome is mostly determined by chance/luck.<br /><br />Furthermore, partly because this was financed by Republicans (in reaction to some play sponsored by Democrats that had come out) and partly because it was just the sentiment of the times, the film is unfortunately religious, racist and conservative.<br /><br />Don't waste your time on this film!",negative
"A surprisingly complex and well crafted study of ""The First"" serial killer in the USSR. Set in the days of perestroika this intense piece is brought to full life with the performances of Stephen Reah and Donald Sutherland.<br /><br />This examination of Cicatillo as a killer is well rounded and by hinting at some of his behaviors while out right showing others there is a subtlety that is compelling without being overtly graphic. Not for the weak of heart however as it's subject matter is often disturbing but necessary to it's full development of the main participants in this fact based story.<br /><br />HBO has furnished us with an excellent film in an unusual manner. Congrats to the director and editor of this great piece. It is in my Top 10 Must see list.",positive
"I'm hearing rumors of an upcoming ""Leonard Nimoy Demonstrates the Blu-ray Disc"". With advances over the past 25 years ranging from Steady-cam to CGI, it'll be interesting to see if the franchise can be reinvigorated. I just hope it helps to remove the bad taste left in my mouth by that whole Magnavision demonstration fiasco.<br /><br />And yes... ""Leonard Nimoy Demonstrates the Betamax VCR"" was a brilliant milestone in entertainment history. After the tentative ""Leonard Nimoy Demonstrates the Compact Cassette"" and the downright tacky ""Leonard Nimoy Demonstrates the 8-Track Tape"", who would have expected such a glorious piece of cinema? I'm weeping right now just thinking about it.",negative
"Snakes on a Train is a movie I rented due to the pure amusement of the thoughts I had, about the movie. Snakes on a Plane was an enjoyable Action film, so obviously the film makers wanted to cash in on the success, with this low budget effort. At 85 minutes, Snakes on a Train is almost unbearable to witness. I had to keep pausing the film to do something to entertain myself, due to the lack of happenings in the film. Throughout the duration of the film, it's never fully explained why this girl has this curse, or why she keeps coughing up this green/purplish goo constantly. Not only that, there is endless boring dialog of the two main characters, Brujo and Alma discussing how to get rid of the curse. I can appreciate low budget film-making. I'm truly not picky on movies, i'm open to any genre or budget, but Snakes On A Train is truly one of the worst Horror films I have ever seen. Were the writers on Acid or something at the end of this film?. Why did the woman suddenly turn into a giant snake? and most importantly how on earth was it able to devour the train?.<br /><br />Bottom line. Snakes on a Train is a movie that needs to be avoided at all costs. Don't be intrigued like I was by the title, this is a movie that's seriously bad. Let's put these snakes to rest<br /><br />0/10",negative
"A lonely depressed French boy Mathieu (Jeremie Elkaim) on vacation in the summer, meets and falls in love with Cedric (the gorgeous Stephane Rideau). Quiet and slow this is a very frustrating movie. On one hand, I was absorbed by it and really felt for the two boys. On the other I was getting annoyed--the film constantly keeps flashing around from the past to the present with no rhyme or reason. It's very confusing and pointless. <br /><br />SPOILERS AHEAD!!!<br /><br />Also there are tons of plot holes--Mathieu, at one point, does something that ends him up in the hospital. What is it--we're never told! Then he breaks up with Cedric and tells everybody else he's living with him. Why? We're not told. Then he hooks up inexplicably with another guy at the end. Why? No explanation. It's clear Cedric loves Mathieu and Mathieu is living in the same town so... However it is a tribute to the film that you really care about the characters so much. If only things were explained!<br /><br />Elkaim as Mathieu is not good. He's tall, handsome and has a nice body--but he can't act. His idea of acting is sitting around with a blank look on his face--all the time. Rideau, on the other hand, is great. He's VERY handsome, has a very nice body and is one hell of an actor. Also he has an incredible sexual magnetism about him. There is full frontal male nudity, lots of kissing and a fairly explicit sex scene in the movie which is great--most movies shy away from showing male-male love scenes. This one doesn't and it helps to see how the characters care and feel for each other.<br /><br />So, a frustrating film but somewhat worth seeing--especially for Rideau's nude scenes--that is, if you like good-looking nude young men!<br /><br />",positive
"I saw this film on True Movies (which automatically made me sceptical) but actually - it was good. Why? Not because of the amazing plot twists or breathtaking dialogue (of which there is little) but because actually, despite what people say I thought the film was accurate in it's depiction of teenagers dealing with pregnancy.<br /><br />It's NOT Dawson's Creek, they're not graceful, cool witty characters who breeze through sexuality with effortless knowledge. They're kids and they act like kids would. <br /><br />They're blunt, awkward and annoyingly confused about everything. Yes, this could be by accident and they could just be bad actors but I don't think so. Dermot Mulroney gives (when not trying to be cool) a very believable performance and I loved him for it. Patricia Arquette IS whiny and annoying, but she was pregnant and a teenagers? The combination of the two isn't exactly lavender on your pillow. The plot was VERY predictable and but so what? I believed them, his stress and inability to cope - her brave, yet slightly misguided attempts to bring them closer together. I think the characters, acted by anyone else, WOULD indeed have been annoying and unbelievable but they weren't. It reflects the surreality of the situation they're in, that he's sitting in class and she walks on campus with the baby. I felt angry at her for that, I felt angry at him for being such a child and for blaming her. I felt it all.<br /><br />In the end, I loved it and would recommend it.<br /><br />Watch out for the scene where Dermot Mulroney runs from the disastrous counselling session - career performance.",positive
"Some people have stated that as of the 11th season, South Park has started a trend of leaving behind their politically biting satire for shallow spoofs; but this could not be further from the truth.<br /><br />While this episode does spoof the Living Dead series, there is more. It is a satire of how people treat the homeless. Characters say things like ""They're pretending to be just like us"" or ""They want to be human."" This episode attacks a culture of people who ignore the lower class who are often just down on their luck.<br /><br />So yes, it is still a satire, and also a wonderful spoof. What more could you want?",positive
"This time we get a psycho toy maker named ""Joe Petto"" (get it?) who makes living, evil toys that kill people. He goes after the family who has the bad luck of just simply living in the same house where he and his mutant robot son ""Pino"" (again, get it?) used to live.<br /><br />Easily the worst (and hopefully [presumably] the last) in this semi - series, this one and the previous one look like soft core porn movies, but without the sex and nudity. It's kind of like a low rent hybrid of ""Halloween III"", ""Puppet Master"", ""Dolls"" and bad home movies. Supposedly in 2000 they started to do a sixth chapter in the series, but it was abandoned and never completed. We can all only hope that it stays that way...<br /><br />1/2 a star out of ****<br /><br />",negative
"I agree with most of the Columbo fans that this movie was an unnecessary change of format. Columbo is a unique cop with unorthodox police methods. This movie looks like a remake of any other ordinary detective dramas from the past. And that is the disturbing point, because Columbo is no ordinary detective.<br /><br />There are two parts in this film that left me intriguing. First, I can't figure out the title of this movie. It is misleading. Maybe a better title would've been ""The Vanishing Bride"" or something similar. Second, Columbo hides a piece of evidence without offering the reason (to the viewers at least) why he does it.<br /><br />I don't feel betrayed, just disappointed. I'm glad Peter Falk went back to the usual Columbo.<br /><br />",negative
"this became a cult movie in chinese college students, though i havnt watched it until it is broadcasted in channel4, UK.<br /><br />full of arty giddy pretentions, the plot is mediocre and unreal; the 'spirit' it wants to convey is how independent artists 'resist the commercisliation of music industry' and maintain their' purity of an artistic soul' and wouldnt 'sell themselves for dirty money'. that is really giddy and superficial; the diologue are mainly pathetic. acting is poor. sceenplay is full of art pretention. it is a fantasy movie for kids and that;s all<br /><br />",negative
"This movie lacks in everything. Except Bobby deol, who in his own standards is mediocre, no one in this movie has come close to act in a single scene. Kangana is complete fake in her acting.<br /><br />The great Anupam Kher has a guest appearance and is better in those 2 minutes than bobby in the whole movie. The music does'nt compliment the movie<br /><br />that well. The contrast in Music between Bobby and Upen is not highlighted that well. Great concept gone completely wrong. The movie does'nt have a proper ending. Please don't waste your time as i did on this movie",negative
"This show was so exhausting to watch and there's only two numbers Drowned World (Substitute For Love) and Paradise (Not For Me) were you can sit down and just contemplate it all. The opening of this show will go down in history as the most visually thrilling, as Madonna enters the stage via a gigantic Swarovski crystal ball that comes down from the ceiling and the huge screens from behind it show images of horses galloping. Horses play a role in this show due to Madonna falling off one. The infamous scene of Madonna on the crucifix is in this show as a huge screen counts to 12 million, the number of how many African children are orphaned due to Aids. At the end a website address comes up for anyone interested in donating. We then go into the theme of the environment and again images of politics and religion are shown. There's an interlude and then the show starts again to the music of I Love New York and Ray of Light this part of the show is one of my favorites with the dancers doing there funny hand movements. Towards the end there's the Music number with the song Disco Inferno mixed in with the song and the dancers make more of there presence known. The ending again is full of energy as the show wraps up to the tunes of Lucky Star and Hung Up and hundreds of golden balloons fall from the ceiling at the end the message ""Have you confessed?"" comes up. The DVD is worth buying and when it came out the soundtrack for the show was added as a bonus. Jonas Akerlund did a great job with the footage for this show keeping it consistent with the style of the tour.",positive
"This was indeed an amazing adaption. I missed the first episode so I unfortunately missed out on the bonding between the characters and the smooth flow of the storyline. But as soon I watched the second and then the third instalment I was just blown away. I ordered the DVD less than a week later and unable to wait for it to come I went straight out and brought the book. From the moment I opened it I was hooked, I just couldn't put it down. I decided to finish the whole book before I dare watch the DVD at all. I preferred the book because it got inside the characters minds, you could understand totally where they were coming from and what there role was within the story. They missed a lot out of the adaption which was disappointing as the book is a master piece and I think they could have done it superbly if they had been able to stretch it over a longer period of time. But considering only being able to be fitted into a 3 hour slot I think it was done excellent. It followed the main twisted storyline brilliantly. And the actors which were enrolled as the main characters where amazing! The love making scene was pure beautiful. It was so tender and loving and just showed how natural homosexual love can be. I was totally blown away with both the book and the TV adaption! I loved both of Sarah Waters previous novels and also found the Tipping the Velvet adaption quite enjoyable. But when I read and watched Fingersmith I knew none of her previous novels/adaption could beat it. Sarah Waters has indeed exceeded herself this time! I recommend that you watch this adaption! If Tipping the Velvet wasn't your thing, then don't let it put you off this one. Fingersmith is a whole new ball game. It is a beautiful yet dark twisted story about love, greed and betrayal...<br /><br />A MUST SEE!",positive
"Soul Calibur is more solid than it ever was... with the new character creation, and the bad-ass chronicle of the sword mode on the home version.<br /><br />The arcade version is more complete, even though the character roster is smaller than the home version, this version is definitely the more pretty of the two, eliminating all of the ""goofy/unrealistic"" fighting styles found in the home version. If you were in any way disappointed with the home version, or perhaps thought it was ""too much,"" you might find a much more likable and straight forward game of Soul Calibur in the arcade. Think you have what it takes to become a Legend?",positive
"I was not very excited to see this movie in the first place but a group of us decided to go see it on opening night. I felt like getting up and walking out and attempting to get my money back 20 minutes into this film. I felt that the movie was very boring, uninteresting, and not true in many aspects including ""gaming"". I tried my best not to fall asleep during the movie as i watched one of the worst horror films i have ever seen. The scary movie series was scarier than this movie. The sad attempt to pull in a Gothic girl, an overworked business man, and 15 year old geek, and some random guy into a video game that kills you is a bad plot to begin with. Then they try to throw in a very horrible love scene where the main character kisses another girl after saving her 10 minutes after his girlfriend was murdered. The theater was packed when the movie started by then end a little over half of the people had left before it was over. If you feel the need to waste only 1 hour and 16 minutes of your time seeing this movie ... prepare to feel cheated.",negative
"Wow, what an overrated movie this turned out to be! It was supposed to be ""an extremely suspenseful tale of a crazed killer holding a woman hostage and in terror in her home."" Well, I doubt it terrorized audiences in the early '50s and I know it would put today's audiences asleep.<br /><br />""Sends shivers down the spine,"" proclaims the New York Times. No, the only shivers I get is that anyone is left on the planet who believes anything the N.Y. Times prints about anything.<br /><br />Well, it was about a deranged man who held a woman hostage for a short time in her house but the man. ""Howard Wilton"" (Robert Ryan) was actually harmless and friendly. In fact, this was one of the nicest roles Ryan ever played! Yes, ""Wilton"" was nuts but he never harmed the woman and only wanted a friend to trust.<br /><br />The film even turned boring after awhile with very little going on except a lot of yakking. <br /><br />Beware, my reader.....this sucks.",negative
"There are other reviews here expressing similar views, but I still feel impelled to add my comments. The film is generally well-made from a technical point of view, apart from possibly being too long. The acting is mostly very good, although Kevin Spacey isn't given much space to explain his character's motivation (apparently ambition rather than racism), and Sandra Bullock's only function seems to be as eye candy, which she admittedly manages very well.<br /><br />At a fundamental level the film's heart is in the right place in being opposed to racism, and I get the impression that it tried to set out to be some kind of definitive treatment of racism, perhaps why so many famous names agreed to be in it. However, it seems the writers bit off far more than they could chew (I haven't read the book, so I don't know how much of that is down to Grisham). The biggest problem, as many others have said, is that it ends up advocating vigilante justice. Aside from the fact that I don't agree with that position, I don't think that such a view actually helps the anti-racist cause at all - it's more likely to be applied to acquit white defendants who kill black victims. At the end the prosecutor invites the jury (and the audience) to imagine that the raped girl was white - but follow that through and imagine the defendant to be a white man who murdered black rapists ... in the end the message seems to be that it's OK to kill someone as long as you hate them enough. It's also convenient that the man killed was presented as totally evil and his guilt was in no doubt, which removes any of the moral ambiguity likely in a real case.<br /><br />Samuel L Jackson gives an excellent performance, but unfortunately this also undermines the plot - he comes across as someone with considerable integrity, but it's hard to believe that he would be willing to hide behind an insanity plea (and indeed he doesn't, when push comes to shove). We're presumably supposed to think that it's because he faces the death penalty, but in fact at one point he's offered a plea of manslaughter, although if you blink you might miss it. Why not take it, given that he must know his chances of acquittal are slim? Or if he wants to make a stand in court, why plead insanity?<br /><br />There are less serious flaws too. The medical experts, on whose testimony the case supposedly rests, are jokes - both are discredited for highly implausible reasons, and neither of them offers any real psychiatric diagnosis. The message seems to be that expert witnesses will say whatever they're asked to say, and shouldn't be believed. The fact that the injured policeman supports Jackson is moderately plausible, but still a bit convenient (and what if he had died?) I find it hard to believe that the KKK would march down the street in broad daylight. Other apparently serious crimes (riot, arson, kidnapping, attempted murder) go by without any visible attempt to detect or prosecute them. And the scene where the dog comes bounding back is ludicrous.<br /><br />My final reaction is to be left feeling rather dirty - as though I must be a racist because I disagree with the resolution. It may be that the film intended to explore different viewpoints and leave the audience to decide, but if so they seem to have forgotten it by the time they got to the end. The film did make me think about my views, read what other people thought here and add my own opinion, so at some level maybe it succeeded - but I worry that it may have re-inforced highly illiberal views in some people, which I hope is the opposite of what it intended.<br /><br />Final thought - try watching Law and Order, it covers issues like this with much more depth in about 38 minutes of screen time!",negative
"When Jean seduces the young gardener for the sole purpose of annoying her husband little does she realise the explosive drama that is to follow.<br /><br />The short scenario does not waste a word or a frame in this brief interlude in the day of a dysfunctional family. The lives of the father, mother and son are all linked in some way with the gardener. It's this fact that makes the script so intriguing.<br /><br />For such a short film the production is every bit as professional as any major work and the casting is ideal.<br /><br />A wonderful little film that can guarantee a few laughs from beginning to end.",positive
"Yep, lots of shouting, screaming, cheering, arguing, celebrating, fist clinching, high fiving & fighting. You have a general idea as to why, but can never be 100% certain. A naval knowledge would be an advantage for the finer points, but then you'd probably spot the many flaws. Not an awful film & Hackman & Washington are their usual brilliant, but the plot was one you could peg pretty early on. I'm still waiting to see a submarine film where people get on with each other & don't argue, but then you probably wouldn't have a film.<br /><br />4/10",negative
"Dear God! I kept waiting for this movie to ""get started""... then I waited for it to redeem itself... and when it did neither, I just sat there, dumbfounded that: 1) it could possibly be this bad, and 2) that I had just wasted a couple of hours on just sheer stupidity. I had faith that Drew couldn't possibly have made this bad of a movie... and boy, did I ever lose my faith! Don't bother with this one! Drew tried, but the movie was poorly written, poorly acted, and just poorly conceived! I can't believe a script this bad ever got funded! It had a million chances to actually do something with the idea, (the word ""concept"" is too big for this movie to even qualify for!) and it STILL didn't go anyplace! Its just pitiful! Where the other reviewer got the idea that it wasn't the worst, baffles me! Because believe me, if it got any worse I'd have slit my wrists before finishing it!",negative
"OK, Chuck Norris has shown up in many an entertaining movie over the years. This is not one of them. I won't even bother trying to get into the plot about a Bible shipment gone wrong. The ""acting"" of the main characters is so wood like, Pinocchio would have done a better job! The synthesizer based soundtrack is even worse than the one in Deathstalker. Whereas traditionally low budget spooky movies are often trying to catch their audience by adding plenty of graphic violence, this one is trying to catch an audience by throwing religious mambo jumbo at the spectator. The plot boils down to different versions of the Bible.",negative
"Where was this film when I was a kid? After his parents split up Tadashi moves with his mom to live his his grandfather. Tadashi's sister stays with their dad and they talk frequently on the phone. Grandfather is only ""here"" every third day. Moms never really home. The kids always are picking on the poor kid. During a village festival Tadashi is chosen the ""kirin rider"" or spiritual champion of the peace and justice. Little does he suspect that soon he will have to actually step into role of hero as the forces of darkness join up with the rage of things discarded in a plot to destroy mankind and the spiritual world.<br /><br />Okay that was the easy part. Now comes the hard part, trying to explain the film.<br /><br />This is a great kids film. No this is a great film,flawed, (very flawed?) but a great film none the less. It unfolds like all of those great books you loved as a kid and is just as dense at times as Tadashi struggles to find the strength to become a hero. Watching it I felt I was reading a great book, and thought how huge this would have been if it was a book. I loved that the film does not follow a normal path. Things often happen out of happenstance or through miscommunication, one character gets sucked into events simply because his foot falls asleep. There are twists and turns and moments that seem like non sequiters and are all the more charming for it (which is typical Miike) Certainly its a Takashi Miike film. That Japanese master of film is clearly in charge of a film that often touching, scary and funny all at the same time. No one except Miike seems to understand that you can have many emotions at the same time, or that you can suddenly have twists as things get dark one second and then funny the next. I admire the fact that Miike has made a film that is bleak and hopeful, that doesn't shy away from being scary, I mean really scary, especially for kids. This is the same dark territory that should be in the Harry Potter movies but rarely is. This a dark Grimms tale with humor. My first reaction upon seeing the opening image was that I couldn't believe anyone would begin a kids film with a picture of the end of the world, then I realized who was making the movie. Hats off to Miike for making a movie that knows kids can handle the frightening images.<br /><br />Its also operating on more than one level. The mechanical monsters that the bad guys make are forged from mankind's discarded junk. Its the rage of being thrown away that fuels the monsters.One of the Yokai (spirits) talks about the rage sneakers thrown away because they are dirty or too small feels when they are tossed. You also have one of the good guys refusing to join the bad guys because that would be the human thing to do. Its a wild concept, but like other things floating around its what lifts this movie to another level. (there are a good many riffs and references to other movies,TV shows and novels that make me wonder who this film is for since kids may not understand them, though many parents will) And of course there are the monsters. They run the gamut from cheesy to spectacular with stops everywhere in between. Frankly you have to forgive the unevenness of their creation simply because they are has to be hundreds if not thousands of monsters on screen. Its way cool and it works. One of the main characters is a Yokai which I think is best described as a hamster in a tunic and is often played by a stuffed animal, it looks dumb and yet you will be cheering the little bugger and loving every moment he rides on Tadashi's head. (Acceptance is also easier if you've ever seen the old woodcuts of the weird Japanese monsters) I mentioned flaws, and there are a few. The effects are uneven, some of the sudden turns are a bit odd (even if understandable) and a few other minor things which are fading now some two hours after watching the film.. None of them truly hurt the film over all, however most kind of keep you from being completely happy with the movie.<br /><br />I really loved this movie. I'm pretty sure that if I saw this as a kid it would have been my favorite film of all time. (where's the English dub?).See this movie. Its a great trip. (Besides its a good introduction to the films of Miike minus the blood and graphic sex)",positive
"There is nothing unique in either the TV Series nor the Movie. Which is a prequel to the TV Show, that isn't found everywhere else in life and entertainment. Both before David Lynches disgusting style of story telling, and after. <br /><br />From the Moment the body of a poor misguided girl washed up on the beach. And being introduced to some of the most mind numbing shady immoral character of the Twin Peaks.<br /><br />To the Mind numbing almost pedophilia disgusting way the movie seems to romantically tell of the destruction of a Human Life through some random psychedelic phenomena in the Movie Twin Peak:Fire Come Walk with me. <br /><br />I watched it all just to make sure I wasn't missing anything. I didn't. It's is simply one mans obvious sexual fetish extended over long series fallowed by a ridiculous overly pornographic movie. Save your self the agony the suspense and watch anything else that at least has the ability to tell a story, rather then seduce you into some kind mental porn movie.<br /><br />I have heard a lot of reviews, rants and raves about how great David Lynch. Because of his ability to define misery and and tragedy and making it into some kind of a wonderful thing. This is not life imitating art, as much as it is some sick twisted version of art doing its best to inspire complete mindless life.<br /><br />Do yourself a favor and avoid this garbage.",negative
"Apartmente'L is one of the most interesting movies that I have ever seen. I experienced extreme frustration while watching this movie as I was gunning for the two leads to reunite. That never happened in the end which disappointed me to no end. But the ending lends an even more cynical touch to a generally cynical movie. It is not a movie which people are likely to rewatch but one watch itself will have a deep impact on people. As of now I haven't rewatched the movie and I don't think I will.<br /><br />The story follows the experiences of a man, Max, who is engaged to be married to Muriel. He remembers his old girlfriend Lisa(he considers this the love of his life) as he listens, by accident, to Lisa talking on the telephone. Thus he tries to find Lisa. Here starts his extremely frustrating search for Lisa. There are many layers to this movie. There are undercurrents of jealousy, vouyeurism and so on. There is also another character called Alice who is involved in the whole confusion. The movie then moves through a whole range of twists and finally leads to an ending which could be interpreted in many ways. It is fascinating how this movie has only four main characters but the clever writing makes it interesting and unique. What I love about the fact is that a movie about obsession, jealousy is done in such a light hearted manner. It has a very fast pace which is probably the reason why it can appeal to a large audience. The main character, Max, has shades of grey and I felt the ending was perfect. I don't think he is supposed to be a clean character considering the fact he is searching for his long lost love while he is engaged and he also has a fling with Alice.<br /><br />The character of Alice is even worse. Her manipulation and her compulsive lying can really irritate viewers(that is the point, I guess). The scene where she breaks down in front of Lucien really shows another facet of her character. It shows a side of her that wants to be accepted and that she is tired of all the lying and the games and she wants to lead a normal life. In the end, she understands that she needs to get away from it all. The ending lends a cynical touch. Because it seems as if Max's love for Alice is temporary and fake. It is as if to say that love in general is a temporary emotion and it is better to choose the safe option(i.e Muriel) than to pursue something that is so fleeting(i.e Lisa or Alice). In many ways this is not really a romantic movie but a satire about romance(in a way).<br /><br />The performances deserve high praise. Vincent Cassel as Max gives a great performance. He perfectly portrays the confusion of a man who is not really sure about his engagement. His geeky looks are an added advantage as it fits the character perfectly. But the real star of the movie is Romane Bohringer as Alice. Her nuanced portrayal of a woman who is jealous of Alice and is in love with Max. The scene where she screams ""I am a nutcase too"" really shows her desperation and her yearning to live a normal life with a man who loves her.<br /><br />Btw I also thought lesbianism is another interpretation that can be drawn from this movie. Alice's actions can be explained in many ways. And her unreasonable obsession with Lisa may also be explained as a manifestation of a lesbian desire. It may be far-fetched considering she encourages Lisa to forgive her current boyfriend. But I got the feeling that she was a lesbian for a long time. She also avoids questions from Lisa regarding a boyfriend. She spends a whole lot of time with Lisa and she is happy during that time. That may lead many to question her sexual orientation.<br /><br />Overall I would give it a 9/10. I think it deserves it but I subtracted one because of the rewatchability factor. I think it is a perfect movie otherwise.",positive
"After searching for 6 months, I finally found this DVD. All I can say is it was damn well worth the wait! ""Rush in Rio"" may very well be the greatest rock DVD in existence. I'm not joking. It's incredible! All the fuss about the sound being crappy is true, however it doesn't make the concert unwatchable. I find it makes you feel like you're actually in Rio watching the concert from the audience. That's one of the reasons I love this DVD. It makes you feel like you're actually there. Also, Geddy, Alex and Neil have never been in better form! Geddy's vocals are flawless, Alex's guitar playing is still incredible, and Neil - absolutely no words to say. The camera work on this concert was very good I must say. They gave us a good look at everything that was going on on-stage, and in the audience. Kudos to the cameramen! Anyways, enough of my raving! Go watch ""Rush in Rio"" for yourself. You will be amazed. I guarantee it.<br /><br />10/10",positive
"This is one of those movies I watched, and wondered, why did I watch it? What did I find so interesting about it? Being a truck driver myself, I didn't find it very realistic. No, I've never used a 'lot lizard', nor have I ever seen, nor heard about one traveling around the country in a brand new seventy thousand dollar RV, either.<br /><br />Same thing about a pimp whom has never sampled the lady in question (until the end of the movie, and well, he still really didn't...), and only getting 50 bucks 'a cut', when the prostitute gets $200.00 (well, $150.00 after his cut, yeah...).<br /><br />I still laugh at the lot lizard comment Ivey made (them's Lot Lizards, they'll screw anything with 20 bucks, and some are men dressed as woman... or something equally as weird), meaning, we're better then them, as we may still be prostitutes, but we get paid BETTER.<br /><br />Other then that, it's just a story of a young woman whom wanted something more from life then a dead end job while living at home (she's 18, remember?) and embarrassed by her mother basically doing the same thing (dead end job). At least she had a roof over her head and a job. She turned FIVE tricks on the road... I wonder if the $750.00 she made was worth it? I'd guess not.",negative
"It takes patience to get through David Lynch's eccentric, but-- for a change-- life-affirming chronicle of Alvin Straight's journey, but stick with it. Though it moves as slow as Straight's John Deere, when he meets the kind strangers along his pilgrimage we learn much about the isolation of aging, the painful regrets and secrets, and ultimately the power of family and reconciliation. Richard Farnsworth caps his career with the year's most genuine performance, sad and poetic, flinty and caring. And Sissy Spacek matches him as his ""slow"" daughter Rose who pines over her own private loss while caring for dad. Rarely has a modern film preached so positively about family.",positive
"With this movie I was really hoping that the idea was to make up for the hashed together ineptitude of the first AVP, and yet to my horror: Requiem is far worse than I could have imagined.<br /><br />My hopes were up in the opening moments of the film inside the Predator ship, and I almost breathed a sigh of relief when we finally saw the Predator home world (a throwaway digital matte painting, but still nice to finally see it) and then of course, the humans (if such poorly written characters can be referred to as such) are introduced...<br /><br />One must wonder why it seems to be impossible for Fox to make a good film out of Aliens and Predators. At the very least the supposed filmmakers could have done their homework.<br /><br />Characters are set up in the same manner in which we would expect from the worst Friday the 13th Sequel. The pizza delivery scene was cringe inducing as was every other scene of character interaction that followed it. Bimbos and teen non actors do not make for a REAL film, they make for a cheap flick, and Alien 1-3 and the Predator movies were good because they were produced above the concept (remember that the 1st Alien is a ""B"" movie done as an ""A"" movie) The Strause brothers really missed an opportunity, that could have been rectified by simply knowing their Alien+Predator roots: In both the Alien and Predator films we are introduced to characters that are part of a larger group (Alien: Refinery workers, Aliens: Marines, Alien 3: Convicts and in the Predator films we generally follow a main hero part of a unit; Predator, Arnold--Special forces, Predator 2: Danny Glover, Police) and it's easy to see where the filmmakers of both franchises started to go wrong: in Alien Ressurrection we have pirates...or something, AVP we have...explorers?...with guns?? and of course in AVP-R we have teen slasher clichés. What is there to identify with here? In concept the idea of a convict returning to a small town and a war vet returning seemed a set up for a First Blood type of action hero, but like many things it was never paid off.<br /><br />The Film-making is equally devoid of rhyme of reason. There is no sense of forward momentum to the action, just small sequences that build the most minuscule levels of tension or interest only to cut away just when they're getting interesting...taking the audience out of the movie at every turn. The action scenes themselves, though much ballyhooed in the trailers, are so darkly lit, it is literally impossible to tell what is going on during the fight scenes when they finally occur. Basically, the movie is hindered from many levels. Bad actors combined with poor direction and an atrocious screenplay (which as a screenwriter myself I noticed, seemed to hit every wrong note and cliché that only the most untalented writer devoid of ideas could have hashed together) The WRITING, if it can be called that, is not even direct to video quality, nor does it demonstrate a shred of respect for the established lore of the previous entries in the series. Why does the Predalien all the sudden have the ability to shoot alien embryos down a pregnant woman's throat to use her as an incubator for chestbursters? More than likely because the brain dead screenwriter needed a way to have more aliens for the predator to fight (and given the accelerated growth time even more so than the first AVP: as quickly as possible. Why must meaningless small talk between cardboard cutouts on sticks (meaning the supposed characters)substitute for real character development? (Remember a character is defined by what they DO, not SAY). Why is the Sheriff leading civilians to a cache of guns? (isn't he an officer of the law?) How does the bimbo of all people know where they are? Why does the Predalien wait for the Predator to VERY SLOWLY remove his mask before it attacks? Why are the aliens still falling into that nasty series-post-Alien 3 habit of hissing all the time to let their prey know to run? How on Earth did this series devolve to a character saying ""People are dying...we need guns!"" (how this writer even works is beyond me, and reflects badly on Fox's already destroyed artistic reputation. It's like everyone involved in the making of this film suffered from a mental impairment or really are that inept at every level of the film-making process. <br /><br />The EFFECTS are pretty lousy this time around. The Aliens look like men in suits and ADI is just getting lazy with their creature design. The Aliens look like modified leftovers from Alien Resurrection, with that same bulky musculature around the arms as if they did not learn from that movie that it was not a good design, nor a good one to recycle. Again, everything is shrouded in such a state of darkness not to create mystery or atmosphere, but simply to hide how bad the creatures look. And just like in AVP, Stan Winston is sorely missed when the fake looking Predator face is revealed.<br /><br />There are too many faults to list so I will just say this: Do not waste your money on this movie. Fox is beyond caring about the fans, as this cheap and trashy film is clearly evidence of. I felt bad having taken my girlfriend to see it (though it was free) and apologized to her profusely after. This is one die-hard fan who is done with the franchise.<br /><br />Note to Fox: What we really wanted wasn't a mindless slasher flick, it was a film adaptation of the original Darkhorse Comicbook, which was better than anything you've produced for this franchise post 1993.<br /><br />Signing off.",negative
"This dumb comedy really does a good job of wasting comedic talent. In particular, Dan Aykroyd and Howard Hesseman are misused badly here. I might have chuckled once or twice during this film, but in general, it's a boring movie, with a little bit of stupidity thrown in for good measure. The premise, although routine, still wasn't bad, but once the plot was set, the film went nowhere. Don't waste your time with this misfire.",negative
"i can't believe how dumb this movie truly is. the storyline (written by keira knightley's mother) is what ruins the movie to the extreme. it is straight out dull, absurd, and makes absolutely no sense whatsoever...<br /><br />this movie lagged so bad for most of it, especially at the beginning. the story just kept going on and on about their everyday flirts with each other, often times seeming like a threesome. in this movie, you have an annoying deadbeat couple (the poet and his wife) who are complete total drunks from the start. the wife sleeps around with other men to make ends meet, while the poet is a pervert who thrives on cheap boos and women. the wife, who waaayyyyyy too quickly becomes friends with his former childhood lover (played by keira) suddenly gets jealous, knowing full well that the two were lovers since they were kids. something doesn't seem right here....i mean, come on... get with the program lady! what'd you expect.<br /><br />bottom line is: former lovers meet again with new wife embracing it, then gets jealous, then former woman lover gets married and her husband gets jealous, bombards the crazy drunk couple's home, crazy husband calls police, and they end up going to court for the man's attempted murder charges. that's it summed up in a nutshell...<br /><br />this movie had it's moments such as the quality and good acting by cillian murphy, but other than that, i cannot believe i watched it... i complained about it during the movie and some family members watching it with me fell asleep. i decided to give it a chance and i should have stuck to my first instincts.",negative
"If this movie was written directed and produced with the intention of creating a bad movie cult classic, it might (i say might) have been a hit. Have you ever sat and watched a movie that was so absolutely awful that it becomes fascinating in terms of its faults? Well this is it. Every one of the acting cast should be nominated for worst acting performance awards. It would be hard to find another film, with this kind of production budget, that contains so little of any value whatsoever. The whole thing, from the opening scenes defies logic. Dialogue is completely unbelievable and illogical. Ditto for the behaviour and general storyline of the film itself. What is really mind boggling, is that some buffoons in a boardroom actually made decisions to spend money on this piece of trash. Wow.",negative
"Jack Webb is riveting as a Marine Corp drill instructor in the D.I.. Webb play Sgt.Jim Moore, a tough but fair Marine whose job it is to prepare young teens for possible combat. No one could have played this role any better that Jack Webb. As a former Marine,I can assure that this is the most accurate film dealing with basic training in the Corp. Extremely entertaining!",positive
"It is a tricky thing to play a queen. On the one hand, the actress has to be majestic and imperious, and on the other, she has to show vulnerability in a tough situation as well as the gathering of the courage and resolution to overcome the odds, since almost all movies about queens have that basic plot line. <br /><br />Emily Blunt is quite radiant as Victoria, but it's not as full a performance as I'd like, no blame to her. I can't help but feel like this is a Mills & Boon novel adaptation compared to a darker, more dramatic movie about another young queen, Elizabeth. Hence Blunt doesn't get to run the gamut of queenly emotions, at least not to the full extent, since she's, y'know, the young Victoria. To see the old Victoria, check out Mrs Brown.<br /><br />Jean-Marc Vallee is an interesting choice of director for the movie. He last did C.R.A.Z.Y., which was excellent and propelled him to fame. It was quite a different movie but I remember it looking gorgeous and that's probably the main similarity between the two movies. But while Vallee wrote C.R.A.Z.Y., this one was by Julian Fellowes, and though I really enjoyed his Gosford Park, the story for this movie was much less interesting. I soon got lost with all the governmental politics. Maybe it was less engaging because there was no potential beheading of the monarchy. I'm just saying.",positive
"This second film is just as interesting as the previous one except that there is no suspense. We know what he is going to do and what is going to happen before it is even hinted at on the screen. Then the pleasure comes only from the way the various tricks happen and the succession of them. We know there will be dynamite in the car, that he will lose a wheel, that the car will have a crash, just to speak of the car. And that is what happens. Now the details and the particulars are for you to discover them in the film. That he may be baited by some dumb woman is obvious and has to come but we know that he has already seen through her and that he knows he is being dragged into a trap. Now, how is he going to get out of it? That's what you must discover by yourself. And don't worry he will get the main trafficker but how is another story. A speed boat is no match to our busy beaver on the river. We also know when he is going to be wounded. They did not know what bullet-proof jackets were in those days. It's true recently it was discovered that some GIs did not have that kind of equipment in Iraq. But what is the meaning of such a film? This insistence on hunting the traffickers and this blindness that does not see that it is the prohibition that creates the problem. But the film is a constant and perfect illustration that there is no value what so ever that can stand in the way of this moralistic crusade against the forces of evil. Why not simply legalize these goods so that they can be properly observed and under surveillance? When something is not illegal or pushed out of the way it is all the less fun to use them, to do them. It is the forbidden or the restricted that is attractive.<br /><br />Dr Jacques COULARDEAU, University Paris Dauphine, University Paris 1 Pantheon Sorbonne & University Versailles Saint Quentin en Yvelines",positive
"I normally am a glutton for poor movies, but this thing stunk.<br /><br />Do not watch this movie.<br /><br />Terrible effects and very little humour, what the hell was the point of making this movie? No gore to speak of and no acting to speak of.<br /><br />I could only manage 45 minutes of this rat dropping of a movie, and that is rare for me.<br /><br />Something positive to say about this drivel? cover art was OK, I am pretty sure the movie has a ending too, even tho I did not make it to it.<br /><br />The rats were unorganized and blew their lines constantly,they lacked intensity and seemed just to be going through the paces for their paycheque. The actors were worse.",negative
"At first,this movie seems so bad that i almost fell in a trance the first time i saw it.It was like a bad dream.A cosmic bore.But i gave it a second chance,then another and another,etc...I finally got addicted to this film,due to it's dreamlike slow pace,wonderful natural sets,bathed in a mellow autumn light and especially the musical score,which is made of some 70's progressive rock and absolute exquisite folk songs by actor/singer/songwriter Derek Lamb(the Troubadour).You should notice the song about hazel wood,silver trout and lady vanishing in the air...,heard in the middle and near the end of the film.There are some carnal scenes in the beginning ,wich allow us to appreciate the natural charms of Elizabeth Suzuki.If that movie had been made by some ""repertoire"" directors like Bergman,Lars Von Triers or Jean-Luc Goddard,critics would have rolled on the floor,raving about that movie as if it were a cosmic masterpiece.I personally think this film is one million times superior to any of Fellini's cinematic sh#¤@t!Definitely not for the pretentious.",positive
"If this movie was about a fictional character, the movie could stand on its own and be judged objectively. Unfortunately for the viewer, the movie is based on ""facts"" that are shaded very unfairly toward Ruben Carter. Many of the smaller facts were disregarded (Carter was NOT number one contender at the time of the murders, there is no proof at all that he saved a friend from a child molester in his youth), but some of the larger facts, like apparently being robbed of a decision to Joey Giardello because of ""racist"" judges, is inexcusable to those of us who have seen the fight on tape, and completely disrespectful to Giardello. Why Hollywood feels the need to make a hero out of someone who, at best, was in trouble and around trouble much more than any normal person should be (was arrested multiple times for beating women) is strange to me. Ruben Carter was never, by viewing his actions in the 60's and even now, when he refuses to speak to his son, a person that people can look up to. Everyone knows that Jewison can direct, and Washington can act, but why they chose this story as their vehicle is beyond me. Is Hollywood so much in need of a black hero that they need to bend the truth in all of their bio pics to make them believable? (Heres a suggestion How about Denzel playing a movie about himself? Now thats inspirational) Based on all of the inaccuracies in the movie, I would suggest passing on this one.",negative
"I do admit that my review is from a 2006 point of view, nearly 30 years after the making of this movie and at the time of its conception, it may have been a brilliant horror/thriller movie.<br /><br />Beginning on Halloween night 1968, 6 year old Michael commits the brutal murder of his 18 year old sister. Michael is committed to a mental institution and 15 years later escapes and returns to his home town to murder again.<br /><br />From this point it is clear that the movie will follow a basic and rudimentary path that is highly predictable. The beginning of every scene is easily predictable in the way it will end whilst the music for each scene containing Michael (the murderer) is exactly the same throughout the movie, thus alerting the viewer to the likely events to follow.<br /><br />For the horror/thriller enthusiast, there is a severe lack of blood/gore compared to modern day films although I am not akin to the amount that is displayed in this day and age. A happier medium could have been found.<br /><br />From a half hour into the movie, not one scene is unexpected. The acting for a horror/thriller film is fairly typical of the era and thus lacks any punch for the modern day enthusiast.<br /><br />A positive for the film is its lingering camera shots and dark lighting which creates a frightening atmosphere. A second positive would be the character of Michael's doctor, who provides clues to the probability of where the story may lead.<br /><br />However, it is clear that the star, in Jamie-Lee Curtis, is in the infancy stages of her acting career and thus fails to provide a truly frightened central victim.<br /><br />It is hard for me to rate this film as it was in its day, but from other horror/thriller films of indeed the 80s and to a lesser extent, the 90s, it falls far short of a truly great horror/thriller film.<br /><br />I suggest you move on and find a classic from the 80s. Cheers!",negative
"Why is it that a woman cannot be a strong character in a movie without sleeping with the leading man? The campaign manager in this movie dreams of leading Tom Sellick to the White House. It's all she can think about. So, why on earth must she have had an affair with him? It added nothing to the plot and served only to demean successful women. The only value of that tidbit was the cute ""we've all slept with your husband"" scene. <br /><br />Also, couldn't the people who made this movie have watched the national conventions they were spoofing? Airing between the two major political conventions only served to highlight their total ignorance of the nomination and selection process.",negative
"The Shining, you know what's weird about this movie? This is the movie that everyone, for people who claim to not like horror films, will always say that The Shining is a terrific film. This is Stanley Kubrick's classic vision of Stephen King's horror tale of madness and blood. This is just an incredible film and wither you have seen it or not, you have heard of it, know a few lines from it, and know some of the classic images. Who could forget Jack's ""Here's Johnny!""? Who could forget ""All Work and No Play Make Jack a Dull Boy""? Who could forget that chilling ending? This is the film that is unforgettable and honestly in my opinion is Kubrick's best work. I know there is a lot of argument in that department, a lot of people say it's 2001: A Space Odyssey or Clockwork Orange or even Dr. Strangelove, but if those film pioneered film making, then The Shining perfected it. This is the tale of isolation, madness, terrifying images, and the ultimate ghost story that will crawl underneath your skin. <br /><br />Jack Torrance, Jack's son Danny, and Jack's wife, Wendy arrive at the Overlook Hotel on closing day. The elderly African-American chef, Dick Hallorann, surprises Danny by speaking to him telepathically and offering him some ice cream. He explains to Danny that he and his grandmother shared the gift; they called the communication ""shining."" Danny asks if there is anything to be afraid of in the hotel, particularly Room 237. Dick tells Danny that the hotel has a certain ""shine"" to it and many memories, not all of them good, and advises him to stay out of room 237 under all circumstances. Danny's curiosity about Room 237 finally gets the better of him when he sees the room has been opened. Danny shows up injured and visibly traumatized after Jack tells Wendy that he loves his family. Seeing this, Wendy thinks Jack has been abusing Danny. Jack wanders into the hotel's Gold Room where he meets a ghostly bartender named Lloyd. Danny starts calling out the word ""redrum"" frantically, and scribbling it on walls. He goes into a trance, and withdraws; he now says that he is Tony, his own ""imaginary friend."" Jack sabotages the hotel radio, cutting off communication from the outside world, but Hallorann has received Danny's telepathic cry for help and is on his way. Wendy discovers that Jack has been typing endless pages of manuscript repeating ""All work and no play makes Jack a dull boy"" formatted in various ways. Horrified, Jack threatens her and she knocks him unconscious with a baseball bat, locking him in a storage locker in the kitchen. Jack converses with Grady through the door of the locker, which then unlocks releasing him. Danny has written ""REDRUM"" in lipstick on the door of Wendy's bedroom. When she looks in the mirror, she sees that it is ""Murder"" spelled backwards. Jack picks up an axe and begins to chop through the door leading to his family's living quarters. ""Here's Johnny!"", and Jack's legendary image is born.<br /><br />The Shining is one of those films that you seriously have to make time to see, this is an incredible film and still gives me nightmares. Jack Nicholson's performance is timeless and unforgettable. But one I also feel is extremely overlooked is Shelley Duvall, her scene of finding Jack's rant All Work is incredible, that's a look of horror and you can see that fear in her face after realizing her husband is mad. Also another incredible scene is when Jack sees a ghost woman in the bathtub, it's honestly one of the most terrifying scenes in horror cinema. The reason this film is so well known is because it's a film of perfection, it's been on The Simpsons, it's been shown in other films and it's a film that will forever stay with you when you see it, trust me.<br /><br />10/10",positive
"I read a couple of good reviews on this board for ""Mr. Scarface"", but for anyone uninitiated in the genre of Italian gangster films like myself, the picture will probably make very little sense. Indeed, after the initial setup involving the ten million lira scam, the picture devolved into a fairly routine revenge flick with a minor twist in the identity of Rick's (Al Cliver) character. The whole gang war plot got muddied up for me with the inclusion of Vinchenzo Napoli (Vittorio Caprioli), but as most other viewers commented, he's about the only one who gave this picture any life with his often ineffective attempts at violence. I found it somewhat unbelievable that Manzari's goons who chased Tony through the streets didn't actually stroke out before Tony even laid a hand on them. For all of his buildup as the title character, Jack Palance was wasted rather unceremoniously in an anticlimactic near finale, making the U.S. working title, ""Mr. Scarface"", rather moot. I've seen enough spaghetti Westerns to know that they don't all work; I guess in this case, my first look at a spaghetti gangster flick didn't quite make it either.",negative
"Intended as light entertainment, this film is indeed successful as such during its first half, but then succumbs to a rapidly foundering script that drops it down. Harry (Judd Nelson), a ""reformed"" burglar, and Daphne (Gina Gershon), an aspiring actress, are employed as live window mannequins at a department store where one evening they are late in leaving and are locked within, whereupon they witness, from their less than protective glass observation point, an apparent homicide occurring on the street. The ostensible murderer, Miles Raymond (Nick Mancuso), a local sculptor, returns the following day to observe the mannequins since he realizes that they are the only possible witnesses to the prior night's violent event and, when one of the posing pair ""flinches"", the fun begins. Daphne and Harry report their observations at a local police station, but when the detective taking a crime report remembers Harry's criminal background, he becomes cynical. There are a great many ways in which a film can become hackneyed, and this one manages to utilize most of them, including an obligatory slow motion bedroom scene of passion. A low budget affair shot in Vancouver, even police procedural aspects are displayed by rote. The always capable Gershon tries to make something of her role, but Mancuso is incredibly histrionic, bizarrely so, as he attacks his lines with an obvious loose rein. Although the film sags into nonsense, cinematographer Glen MacPherson prefers to not follow suit, as he sets up with camera and lighting some splendidly realised compositions that a viewer may focus upon while ignoring plot holes and witless dialogue. A well-crafted score, appropriately based upon the action, is contributed by Hal Beckett. The mentioned dialogue is initially somewhat fresh and delivered well in a bantering manner by Nelson and Gershon, but in a subsequent context of flawed continuity and logic, predictability takes over. The direction reflects a lack of original ideas or point of view, and post-production flaws set the work back farther than should be expected for a basic thriller.",negative
"I honestly fail to understand why people love this show so much. A friend of mine watches this and since I like sci-fi, I tried to watch along since the plot of the show sounded promising, but in truth it really is a very boring show. The only thing that will keep you awake during this show are the video game-like CGI-effects and the complete overuse of muppets. Note that I call it muppets because they actually really look like muppets, not like the aliens they should be.<br /><br />Speaking of which; the muppets and make-up effects are horribly overused in this show. You have this guy who could be best described as a alien/dwarf-hybrid, you have a pale girl who looks like a cheesy vamp-girl, you've got a floating potty-mouth frog-alien... It just feels very unnecessary and furthermore even to the point that you feel distracted from the whole storyline about a lost astronaut.<br /><br />Every episode is also too much of a stand-alone. The creators of this show directed this in such a way that every episode almost feels like a whole other show. At least up until the point that you see the main-characters/muppets again, that is. The whole plot about the main-character getting back to earth is way to much pushed to the background at points. The acting is also quite bad.<br /><br />Conclusion: if you want good sci-fi, just look somewhere else. This isn't even real sci-fi to begin with in my opinion, since the show is more aimed at fantasy-elements with all the puppetry and weird dreams going on. And if you just want to see muppets then I suggest you watch the Muppet Show and feel glad that this abomination of a show has come to a end.<br /><br />By the way; doesn't anyone have dejavu's with the concept of a living spaceship? Ohyeah thats right; Doctor Who started that concept almost about 30 years ago! This show is like a collection of 'sci-fi' leftovers. Scripts and events that were abandoned for a good reason, only to be picked up by this horrible show.",negative
"It's strange what fate does to some people. While looking in the discount bin at a DVD retailer, I came across a copy of Deadly Instincts. Being a collector of any film that is either sci-fi, horror or featuring alien monsters, I decided to buy it (not to mention the fact that it cost five dollars  a bargain, believe me). After viewing it, I came to the opinion that it was nothing special. But after doing some research on the Internet, I discovered that the film was actually called Breeders & was a remake of the Tim Kincaid horror flick that menaced video stores in the mid-1980s. Which I've already seen. My appreciation of ""Deadly Instincts"" grew following that discovery.<br /><br />A meteorite crashes on the lawn next to a private girls' college. The sole teacher there, Ashley (played by Todd Jensen  that's right, the guy who gets turned into a cyborg in the cult flick CYBORG COP four years earlier), notices that some of the students are beginning to disappear, while encountering a black-haired woman with a scarred face & wearing a kinky leather outfit. His investigation reveals that an alien creature had hitched a ride on the meteorite & had come to Earth to breed using the local womenfolk. Along with a local detective who believes him to be responsible for the disappearances, Ashley tries to stop the monster.<br /><br />The original BREEDERS, directed by Tim Kincaid (who would leave the genre to make gay porn), was a sci-fi / horror film which was actually a thinly-veiled soft-core porn film designed to take skin flicks to genre fans. It is, in my belief, one of the worst films made in the 1980s. Why anyone would want to remake it is quite a mystery.<br /><br />This remake is actually a better effort than its low-budget source. The film, which takes the basic concept of an alien monster trying to interbreed with human women, eliminates any pornographic elements. In fact, the film is actually very tame. There are no sex scenes, no nudity (even during the shower scene), swearing & violence are kept to a minimal level & there is no gore (which may cheat gorehounds). This makes the remake a film safe for the whole family, that is if the kids aren't scared by alien monsters (which brings me to the film's M 15+ rating, which seems a bit much).<br /><br />Tameness of subject matter aside, the film does have some faults. The script, while featuring some good characterizations, has a number of holes so big you can crash a meteor through.<br /><br />What? You're mad at me for that? Come on, this review needed a bad pun so it will remain interesting.<br /><br />Anyway, the film's setting is one problem the script failed to fix  the film is set in Boston but the buildings don't look like they belong in Boston. Something about the architecture ain't right. Another thing is the college itself, with a rather large building housing about twenty students (all female, of course) & only having one class  art. The only teacher there has a relationship with a student (& so does the janitor!), which somehow escapes the attention of the principal. Not to mention the cops, who are so one-dimensional (& stupid) that the real Boston PD would have a good case if they ever decided to sue. Oh, & the meteor well the chance that a meteor which is sent from Saturn (check the opening credits) reaches Earth with no onboard propulsion is astronomical. That doesn't include the chances that any passengers in the meteor will survive the landing.<br /><br />As far as the acting goes, Todd Jensen gives a dependable performance as the heroic teacher while the late Kadamba Simmons (who was murdered by her boyfriend shortly before the film came out) cuts a striking figure in that leather outfit, as well as proving she can act. The visual effects are run-of-the-mill, with credits due to the filmmakers for bringing us a cool-looking monster.",negative
"I recently stumbled across a TV showing of ""Passion...."" (having missed the opening scenes). Ms Currier in to be praised for having the vision and courage to bring such a strange de Balzac tale to the screen. I am grateful to the entire cast and crew for their parts in producing such a thoroughly fine motion picture. It must have been arduous shooting so many scenes in the desert. And I cannot comprehend how her trainer coaxed such a fine ""performance"" from the leopard, Simoon. (This adverture calls to mind another suspenseful adventure, ""Naked Prey""). Why isn't this film more well-known?. Hope I can find it on video.",positive
"It's a shame this movie is rated PG 13--it is really quite suitable for anyone--though young kids might not follow it too well.<br /><br />It belongs to that wonderful genre of serio-comic ghost/angel stories that would have to include everything from Capra's ""It's A Wonderful Life"" to Wenders's ""Wings of Desire."" <br /><br />The photography is stunning, the acting first rate, and--wonder of wonders--the tone is uplifting.<br /><br />My only criticism is that there is not much ambiguity in the film. The two interwoven stories seem intriguingly mysterious at first; but they resolve themselves a little too nicely for my taste. As the director points out in his commentary on the DVD, all the ingredients of Irwin's story are on his bedside table. The symbolism is just a trifle too pat for me.<br /><br />But what a lark! My favorite scene has to be when the relocation team tries to get breakfast at a diner. This is practically theatrical in its magic--a tour de force of witty acting--subtle, playful, and positively rhythmic--coupled with striking cinematography and an acute eye for the grotesque.<br /><br />""Northfork"" is funny, touching, gorgeous to look at, magical (with the above reservations) and has not one single car-chase.<br /><br />An easy nine stars.",positive
"I want to state first that I am a Christian (and that I do work in the film and TV industry) so I understand what it is like to work on a feature length film so props to the filmmakers in that regard. I'm all for positive, uplifting messages if they are true to the nature of life (that this is a fallen world and that things don't always work out ... even for followers of Christ). I'm glad that others are having such overwhelmingly positive reactions to the overt Christian message; for me it was just that the execution is where the film fell on its face. A movie lives and dies on its story and here you have one dimensional stereotypes, exposition aplenty, and spontaneous changes in character behavior that are inexplicably to say the least. I believe that a film does not have to club you over the head with its message to get the point across. I'm sure the Kendrick bros. will improve with time and that their storytelling methods will as well. Maybe they could direct someone else's screenplay as their next project.<br /><br />* Sports films are not exactly my first love but a good one (Hoosiers, Field of Dreams, etc) can inspire in a multitude of ways. If you would be interested in a PG-rated film that inspires, give Steven Soderbergh's 'King of the Hill' a look. All truth is God's truth ...",negative
"These writers are trying to re-create the characters they have on ""scrubs"" in a different occupation however the characters they are stuck with have no charisma or acting ability not to mention the writing seems poor and effortless. These guys are trying to create something that would be good if the writing wasn't so disgusting which is leaving the shows only lifeline to be two attractive teachers that that are barely keeping it alive. The humor in this show seems like it is trying to target an audience with an I.Q. of 40 or below. Another reason why this show is becoming a failure could be that the writing on the show ""scrubs"" is excellent and this show has to follow it up leaving the viewer in an odd position not knowing whether to cry or to just lose hope in new sitcoms all together. This is just my opinion but i think these guys should stop now before they humiliate themselves anymore than they have already.",negative
"I saw the premier of this movie during the 2005 Phoenix Film Festival and was very impressed with the skill Director, Jeff Hare, exhibited in bringing this timely topic to the screen. The cast of characters meshed perfectly and allowed us to examine the issue of a senior wishing to die on ""his own terms"" in a very warm and humorous way. Peter Falk was brilliant as Morris and the supporting group of family members and friends were perfectly cast in their roles. The interaction of the family, friends and outsiders with Morris created a realistic view of how families address the issue of their parents aging and their wishes to die with dignity.<br /><br />Although this movie is ostensibly a movie about a Jewish Actor and his family, it is truly a movie about all families. The jokes the family and Morris crack during this romp through the life of a ""Force of Nature"" are fresh and realistic. Childhood rivalries, adult successes and failures, and hope for the children are integral to this screenplay. While many will question how you can make the topic of suicide ""humorous"", I thought the treatment logical and timely. If you are not afraid to shed a few tears or laugh at the quips of a family struggling with this issue, then you MUST SEE THIS MOVIE.<br /><br />The movie was awarded ""Best Picture"" at the Phoenix Film Festival.",positive
"Now days, most people don't watch classic movies, such as this. Most of friends only watch movies from the '90s to present. Thats kinda stingy. <br /><br />Most old movies like this are masterpieces, unique in their own way. Only because, back when these movies were being thought of and made, thats when ideas were fresh. Now people strain just to think of new ideas. <br /><br />Anyway, to the movie. For true fans of classic horror. This is for you. The movie is based with a investigator from Scotland Yard investigating the disappearance of an movie actor, and stumbles on to three other strange occurrences with past residents of the same house. <br /><br />I won't say anymore, for I will ruin the movie more than I already have. But it is a terrific movie for as old as it is. And would never mind watching it again!",positive
On a routine mission in Iraq a group of Delta soldiers recover a computer hard drive from an Alqueda training camp detailing the location of weapons specialist Dr Walsh. After witnessing the termination of his top secret weapons development program Dr Walsh finds an alternative funding source and sets up a new research facility deep in the notorious Belzan forest in Chechnya where he is developing weapons and selling them to Chechnyan rebels.The team of Deltas is sent on a black ops mission to retrieve the doctor and his technology before the Russians find him and his lab.What the Delta team soon discover is that the doctors latest weapons is a flock of large carnivorous bats that have been genetically altered to develop a taste for human flesh. I found this movie to be much better than what I was expecting.There is lots of action and lots of blood. Its more or less what you would expect from a creature feature. The acting isn't great but its passable. I have certainly seen worse.Overall its an enjoyable movie for what it is. A good popcorn movie.,positive
"This program would be useful for training hardened felons basic human emotions. Beyond this purpose, the show has no value other than to fill bandwidth that would otherwise go unutilized in the electromagnetic spectrum. I feel a greater sense of suspense and anticipation listening to a computerized voice chip endlessly droning out the products of a random number generator. Fortunately, the helpful and frequent music cues will tell viewers how they're supposed to feel, in case they are unable to fully internalize the predictable and shallow plot line. I did find Amy to be a superficially positive character, as she is a role model to young women that they can serve in traditionally male fields. Unfortunately, her totally subjective approach to the law is guided solely by whatever capricious personal guidelines Amy elects to employ, resulting in Amy's trials more closely resembling appeals to the personal mercy of a tribal despot than a true administration of justice. This show is unpalatable in any amount, although this is to some extent mitigated after two episodes by the brain's god-given filtering processes, by which the show will thankfully leave the same imprint on the viewer's memory as a television tuned to a dead channel at maximum volume.",negative
"It is a shame that a movie with such a good cinematography as this one had no plot to be supported by the work of Sarah Cawley (cinematography) and Adam Lichtenstein (Film Editing), and above all, no sense of what goes on in Mexico City. The movie tries to be a very realistic depiction of life in city, but it is unable to do it. It is a shame, a lot of film wasted. An American woman tries to find her brother who has been kidnaped. The first account of the story is powerful and interesting, very realistic, but it seems that there was no effort to come with a better narrative of the ordeal, especially when it comes to the issue of the attitudes of the US embassy personnel in Mexico City, when dealing with an issue like this one. Compare, as an example, with Frantic(1988), which deals with a similar issue. Something similar can be said of the role of local authorities. Compare, as an example, with Todo el Poder (1999). The movie is worth watching if you want to get a sense of the looks of the City itself, paying little or no attention to the rather weak ""plot"" and the many twists that require a rather extensive suspension of disbelief. Who is going to believe that a Mexican patrol from Mexico City is going to go all the way to catch the main characters to the Mexico-US border? And that this policeman is going to be able to use its radio from the border to Mexico City! Only the producers of this movie. It is worth mentioning that unlike Frida and other movies about Mexico at least in these one Mexicans talk Spanish.",negative
"If you're going to put on a play within the prison walls why not go for the top playwright William Shakespeare? And if you are going to choose your cast from a whole lot of criminals serving long sentences for the most heinous crimes, you can be sure there will be plenty of time for rehearsals. In a Kentucky Correctional Prison a courageous project such as this was undertaken with amazing results. This film shows how it was all done.the casting.the rehearsals.the set and costumesand the final presentation of Shakespeare's play ""The Tempest."" It had not occurred to me before but there is an analogy between the setting of the play and the correctional prison. In the play the ship-wrecked characters are confined to an island with no contact with the outside world. Prison life too is much like that.<br /><br />With a simple painted back drop of a surrounding seascape, the characters in a most pleasing assortment of costumes bellow out their lines to an approving audience, may be not quite as Shakespeare intended but with good heart and true sincerity for sure.<br /><br />More interesting than the play itself were the little cameos of each man behind his character. One inmate saw the play as a lesson in forgiveness another as a redemption of his sins. It was quite moving to see the men wipe away a tear as they spoke of murder, shooting and strangulation. One had the feeling that they would all like to wind back the clock and reconsider their brutal actions. However (as someone said) the past was past, and the present was the beginning of a new future. At least the play gave temporary relief from the depressing thoughts of past events.<br /><br />The prison authorities should be applauded for allowing the play to take place. Such an event would put Kentucky on the map and hopefully other prisons might follow their good example. It seems to me that everyone stands to benefitnot only the Kentucky prison but the prisoners themselves who need to find new confidence and self esteem and be prepared for the day when they go out on parole.",positive
"Now I had the pleasure of first viewing Contaminated Man when it premiered on TV back in December of 2000.<br /><br />An infectious disease expert (William Hurt) looses his family when an unknown disease enters his home and kills them. Now some years later he is now in Russia or someplace. I'm not sure where exactly, all I know is it takes place somewhere in that area. Anyway, because of budget cutbacks at an infectious disease laboratory, they are forced to lay off most of their workers. One of them, a disgruntled security guard named Joseph Muller (played Peter Weller, best known for his role as the indestructible Robocop) goes in there and demands that they give him his job back. He needs this job because he is divorced and he needs it to pay child support. So he goes in there, a fight breaks out, and some things get knocked over, dangerous things. It's soon discovered that Muller has been infected with a deadly pathogen. In fact it's so deadly, one drop of his blood will kill a person in matter of seconds. Soon word gets out and the disease expert (Hurt) is called in to investigate and he later teamed up with an American reporter. Now Muller is determined to get home to see his wife and son and will stop at nothing even if he has to infect the entire Russian population.<br /><br />Now as I said before this film is a lot like Falling Down. We have a disturbed person (Weller here, Michael Douglas in Falling Down) who will stop at nothing to accomplish there goal even if they have to kill a few people in the process. Next we have a hero-type person (Hurt here, Robert Duvall in Falling Down) who is both sympathetic and determined to stop the antagonist.<br /><br />Contaminated Man is in fact a very good film with a good story line and some very good performances.<br /><br />8/10",positive
"Now, I like sci-fi cartoons. However, when ""Robotboy"" appeared in Canada in late 2006, I watched the premiere and was inevitably appalled. The characters are generic and stereotypical (Do they REALLY need to make an African-American man wear tiger-stripe print clothing and speak in a Jamacian accent? WHY are all the Asian characters vibrant yellow and squinting? Does the mother HAVE to have big thighs and chest and constantly complain?) to the point where things become unrealistic, predictable, gross and sometimes disturbing. There are heavy similarities to, even stabs, at Astro Boy. Allow me to explain (dub names for the young): Robotboy/Astro, Kamikaze/Tenma, Constantine/Shadow, Gus/Abercrombie, Tommy/Alejo, Lola/Zoran+Kennedy, Moshimo/O'Shay, and it so on. Brief resemblances to ""My Life As A Teenage Robot"", ""Star Wars"", ""Teenage Mutant Ninja Turtles"", ""Kamen Riders"", ""Sailor Moon"" and co. are afoot. Not to mention the abundant racial/gender stereotyping. Don't even get me started on the innuendos. I'll just say they're hidden and quite dirty. But seriously. Don't even try watching this. Especially if you like Astro Boy.",negative
"Two Hands is a highly enjoyable Aussie crime caper, which ultimately succeeds by the way the film easily combines tense dramatic moments, with very funny characters and situations, to give the film the right balance and feel. The comedy of the film occurs naturally, and the laughs haven't been set up too elaborately & haven't been too worked at. It really is very funny, thanks to the fact that each character in the movie is excellently cast, and that each actor/actress recognises and can relate to the Aussie humor. They portray it very well and very realistically. Of course, they're helped out immensely by a fantastic script by writer/director Gregor Jordan. I was reading another review of this film by an American who had seen it, and he heavily criticised it, basically passing it off as a Pulp Fiction clone. I think that that's just rubbish. This film isn't trying to be Pulp Fiction, the feel and style of each of this excellent films are totally opposite. Without wanting to sound superior or arrogant, I think to fully understand this film; the humor, the sincerity, the characters, etc....you have to be Australian, or at least understand the culture, which the other guy obviously didn't have the faintest clue about. Some Americans, whose reviews of certain non-American films, seem ignorant to (and have trouble comprehending) anything that isn't an American product. It's a real shame, because this is a really great film. The love story featured between the main character and the girl is also portrayed in a very real, sincere and sweet way. I'm very proud to have this film in my collection. 4.5 out of 5.",positive
"This movie is more deceiving than ever, using a suspenseful looking actor like Walken to play in this piece of junk made it look like he had nothing better to do than play a boring role like this one! And the fact that the movie was supposed to be about some witch and you really don't see that until almost the end of the movie but meanwhile you have to sit and watch this boring film while it gets, or tries to get to the meaning of the point and you have to go through this whole trail of boring actors and actresses thinking the whole time of how you passed off another movie and decided on this one and how you have just waisted your money just makes the whole point of time useless sitting there. I'd rather watch cartoons for goodness sakes. Leave this one alone,please!",negative
"This typical Mamet film delivers a quiet, evenly paced insight into what makes a confidence man (Joe Mantegna) good. Explored as a psychological study by a noted psychologist (Lindsay Crouse), it slowly pulls her into his world with the usual nasty consequences. The cast includes a number of the players found is several of Mamet's films (Steven Goldstein, Jack Wallace, Ricky Jay, Andy Potok, Allen Soule, William H. Macy), and they do their usual good job. I loved Lindsay Crouse in this film, and have often wondered why she didn't become a more noted player than she has become. Perhaps I'm not looking in the right places!<br /><br />The movie proceeds at a slow pace, with flat dialog, yet it maintains a level of tension throughout which logically leads to the bang-up ending. You'd expect a real let down at the ending, but I found it uplifting and satisfying. I love this movie!",positive
"Routine suspense yarn about a sociopath (Dillon) who gives his sperm to a clinic of human reproduction and starts to harrass the lives of the woman (Antony) and his husband (Mancuso). Extremely predictable, far-fetched and with undecided tone all the way. Don't lose your time with this one...make a baby instead!",negative
"At the time, ""My Left Foot"" was the little movie that could. It was hugely popular, and everyone applauded the fact that such a small, independent film could make it all the way to the Oscars.<br /><br />Since then, movies like ""My Left Foot"" are a dime a dozen, so it might be hard in retrospect to understand what all the fuss was about. It's certainly a well made and competent film, but it's clear that the bulk of its success rests on the shoulders of Daniel Day-Lewis, who immerses himself in the role of Cristy Brown, a man living with cerebral palsy. Day-Lewis pulls off the same bit of stunt acting that had won Dustin Hoffman an Oscar the year before for playing a man with autism in ""Rain Man,"" and the Academy followed suit by giving Day-Lewis the same honor.<br /><br />The only thing really separating this film from a big budget Hollywood production is just that -- its budget. In every other way it's just as formulaic as any standard product. That's not to say it isn't a good movie, but it's not a masterpiece.<br /><br />Grade: A-",positive
"Most italian horror lovers seem to hate this movie since because it has no connection to the first two Demons films. And with the ""Demons III"" in the title, one would assume it would. The problem is that this film was never intended to be part of the Demons series. The distributors only a ""Demons III"" above its original title ""The Ogre"" to cash in on the other films popularity. The new American DVD release of this picture has the title ""Demons III: The Ogre"" on the box art but the film itself only says ""The Ogre"". I don't know if past releases had the title ""Demons III"" on the actual film itself, but this new release just seems to be a little white lie. If you can get past the ""Demons III"" in the title, you might some enjoyment in ""The Ogre"". It starts out with a creep intro, and stays pretty creep throughout. There's no gore and the film movies slowly, but I still dug it. Just don't expect it to be like the other Demons films. I give ""The Ogre"" 7 out of 10. Italian fans should try it out.",positive
"Before Stan Laurel became the smaller half of the all-time greatest comedy team, he laboured under contract to Broncho Billy Anderson in a series of cheapies, many of which were parodies of major Hollywood features. Most of Laurel's 'parody' films are only mildly funny, and even less funny for modern audiences who haven't seen the original movie which Laurel is parodying. Fortunately, 'Mud and Sand' lampoons a movie which is still well known: 'Blood and Sand', starring Rudolph Valentino. 'Blood and Sand' was released only nine weeks before this parody, giving you some idea of how quickly Broncho Billy's movies were ground out, edited and distributed.<br /><br />Various sources (including IMDb) state that Stan Laurel's character in this film is named Rhubarb Vaselino, with a final 'o'. I've screened a print of 'Mud and Sand' with the original titles (in Hobo type font), so I report that Laurel's role is actually cried Rhubarb Vaseline, with an 'e'. But I agree that 'Vaselino' is funnier. Laurel copies the elaborate sideburns which Valentino wore in 'Blood and Sand' (he should've made them longer!), and there's a parody of Valentino's dressing scene from that movie, which made female movie-goers swoon in 1922. A señorita named Carmen in the original film is parodied here as Caramel (a girl I'd like to sink my teeth into).<br /><br />This movie (like the original) apparently takes place in Spain, yet there's a Prohibition gag. Laurel uses a distinctive hat-tipping gesture here which could have become a trademark for him (like Hardy's distinctive necktie twiddle), but I've never spotted it in any other Laurel film. There's some amusing dialogue: Rhubarb Vaseline tells the other matadors to 'Save a bull for me.' When Vaseline becomes a successful toreador, a lackey tells him 'The bull is without, sir' ... which is funny, but I was disappointed that Laurel didn't reply 'Without WHAT?'.<br /><br />There's one funny moment here which almost certainly wasn't planned, when Vaseline shows up for the bullfighter auditions. Laurel swaggers into the bullring, and -- before you can say 'corrida querida' -- he tosses a bull over the fence, where it lands with a thump near the other auditioners. The bull is obviously a fake, but the gag is funny anyway ... and, aye, there's a title card with a joke about 'throwing the bull'. The serendipitous moment occurs when Laurel repeats the gag, and Vaseline slings a second bull over the fence. This one lands on its butt, and balances upright for just an instant before toppling. VERY funny! If somebody planned that gag in this quickie comedy, I salute the unknown gagsmith ... and the tech man who rigged the bull to land in that position. More likely it happened by luck, and the director and editor were smart enough to keep it in.<br /><br />During the silent era, whenever Hollywood made a big-budget feature film which was set anyplace where the people don't speak English, it was a common cinematic device to show a piece of text or an inscription in the local lingo, then dissolve to a shot of the same text in English. I was surprised that this low-budget comedy spent the money to copy that device here: we see a notice-board outside the corrida with a message in Spanish, then it dissolves to the same text in English. Unfortunately, the photography in this cheapo movie is so dark that the effect is wasted.<br /><br />The actresses in this movie are attractive ... including Broncho Billy's wife Leona Anderson and Stan Laurel's common-law wife Mae Dahlberg; the latter briefly does a pretty dance. (Mae had danced in Stan's vaudeville act.) I was surprised to spot Charlie Chaplin's half-brother Wheeler Dryden in a brief role, since Chaplin had nothing to do with this movie. In 'Mud and Sand', Laurel gives a funny performance that's quite unlike his later familiar Stanley character ... but this film is much less funny than his brilliant work with Oliver Hardy. My rating: just 3 out of 10. TRIVIA NOTE: Twenty-three years later, in Stan Laurel's very last American film -- 'The Bullfighters' (1945) -- he again played a Spanish bullfighter (with his Spanish voice post-dubbed). Coincidentally, that film used stock footage from 'Blood and Sand': not Valentino's movie, but the Tyrone Power remake. 'Mud and Sand' is funnier than 'The Bullfighters', but not much.",negative
"A widely unknown strange little western with mindblowing colours (probably the same material as it was used in ""Johnny Guitar"", I guess ""Trucolor"" or something, which makes blood drips look like shining rubies), nearly surrealistic scenes with twisted action and characters. Something different, far from being a masterpiece, but there should be paid more attention to this little gem in western encyclopedias.",positive
"This is the second Baby Burlesk short to be released, and probably the most popular one, is a spoof of the 1926 silent film What Price Glory.<br /><br />I watched this and I do not understand the kiddie-porn that is being claimed. It is just a cute little film. I have seen family shows that I grew up watching in the '80's and '90's that had little girls dressed more provocatively acting in a 'mature manner'. It was more provocative because they WEREN'T dressed in diapers. There's nothing provocative about a diaper unless you have one of those fetishes. (just a joke) I read that description of the movie and where it states only a pedophile would enjoy watching this. That is sick. To me, if you watch this and are bothered by it, then maybe you need to look into your own psyche and try to figure out why it bothers you. It is an innocent film that was made as a parody of another film. All of the B.B. films were parodies, nothing more. The parodies/spoofs of today are graphic in nature and have true almost pornographic scenes and quite vile language. Shouldn't those be more appalling? I can watch those without issue, but they sometimes take children's stories and turn them into filth on those parodies. That is what should get under your skin. Not that they babified (not a word, I know) an adult movie from 1926, because we know how PORNOGRAPHIC those silent films were, huh? Not to mention those 'Forbidden Hollywood Pre-Code era films' so vile and filthy. They would NEVER make such filth today? (note the sarcasm)",positive
"So I'm looking to rent a DVD and I come across this movie called 'End Game'. It stars James Woods and Cuba Gooding JR and has the synopsis of a taught political thriller. Well worth a look then. Or so I thought.<br /><br />Boy, was I wrong.<br /><br />End Game has just about the most ridiculous plot I have ever had the displeasure of enduring. Now being something of a whodunnit, I can't really tear into it as I would like without 'ruining' it for those who have yet to experience this monstrosity. But questions such as 'Why has he/she/they done this?', and 'Where on earth did they get the resources to pull this off?' are all too abundant following the film's unintentionally hilarious conclusion.<br /><br />As for the acting - you know those films where you can almost feel that an actor's realised that they've made a terrible mistake in signing on for a movie, and this then shows in their performance? This is one of those. Accompany this with a laughable script and seriously flawed, irritating direction and you have the recipe for cinematic poison.<br /><br />Of course, this didn't make it to the cinema, and for the same reason you should not allow it into your living room; it is appalling.",negative
This is a good example a film that in spite of the low rating is more than worth watching. The story is engaging and it doesn't take long before the chemistry between Nicole Kidman and Ben Chaplin grabs your attention. The acting is first class and the characters are represented well. Sometimes it feels like the director couldn't decide himself between drama and romantic comedy. Ben Chiller's portrayal of the law abiding and shy Englishman with porn S.M. magazines hidden in the bedroom creates plenty of moments for laughs! As does the look in Nicole Kidman's eyes when she is offering John his first taste of intimacy in a long time... Other times the actors and especially Nicole Kidman give this comedy quite expertly a dramatic slant.,positive
"I may be a sentimentalist. But i found this movie truly moving. It was the first movie that reduced me to tears. And it did it more than once!! I recommend it to anyone both gay and str8. Religious or not! Supporting co-star Jackie Bisset stole the show, especially with her one liners. The nude scenes were superbly crafted as well, and all in were good taste. Most shocking was the portrayal of the orientation reversal deprogramming instituted by the Mormon church to the lead character. It shocked me that this still goes on in the world. Nevertheless I enjoyed this movie tremendously. This is definitely the best gay film since Torch Song Trilogy. And much better than the other gay movie offering that year - The Fluffer.",positive
"I approach films about talking animals with care. For every wonderful one like Babe, you get an equally poor one like the dreadful remake of Homeward Bound: The Incredible Journey. Or in the case of Cats & Dogs, you have a great idea for a film not living up to its potential. When I heard about Paulie, the premise of a wisecracking parrot didn't exactly fill me with confidence. But I found the film a pleasant surprise. And it manages to sneak its way into your heart without you realising.<br /><br />A Russian janitor, Misha Vilyenkov (Tony Shaloub) gets a job in a research laboratory. One day, he hears singing coming from the basement. And when he investigates, he finds a parrot in its cage singing its little heart out. Misha becomes fascinated with the bird, especially when it turns out the parrot can not only sing, it can talk. And not a few phrases either. Its a parrot you can actually make conversation with.<br /><br />The parrot is called Paulie (voiced by Jay Mohr), and recognises a fellow castaway in Misha. Wondering how this world to the wise bird ended up in a dusty basement, Misha convinces Paulie to tell him his life story. Which all began when he was a baby, and in the care of Marie, a five year old girl with a stutter. The two of them became birds of a feather (OK, bad pun!).<br /><br />When Marie's parents became concerned about her close friendship with a bird, they considered sending him away. And they finally did after Marie nearly injured herself in a fall after teaching Paulie to fly. Desperate to be reunited with her, Paulie begins a long journey across America, which includes a diverse number of new owners, flying great distances, and even ending up behind bars. Of a cage that is!<br /><br />Paulie was one of a number of talking animal films released by DreamWorks in the late 90s. And although it wasn't afforded the same recognition or box-office success of Babe, Paulie succeeds on quite a few levels, and is an occasional work of striking intelligence.<br /><br />Jay Mohr's stand-up style of acting is well suited to the part of Paulie. He never plays the part as too smug, even if he is a bit of a smart Aleck. Paulie's worldly, but he is also naive in his way.<br /><br />Because he's lived a rather sheltered life with Marie, when he's taken away, he has to fend for himself for the first time. And when he falls into the hands of different owners, they make promises to Paulie to reunite him with Marie, which he believes. Only for those promises to be broken time and again.<br /><br />Paulie is admittedly a little episodic. It follows the eclectic people Paulie ends up with, and how he slowly gets brought closer and closer to Marie. He first winds up in a pawn shop, where he is adopted by Ivy (Gena Rowlands), a kindly woman who teaches him the meaning of manners. She sympathises with Paulie's situation, and drives an RV across America to find Marie.<br /><br />Paulie is an occasionally very touching film. His scenes with Ivy are some of the best. Wonderful moments of Paulie perched on her shoulder singing Tom Jones numbers. The way she instills in him the need for hope is great, and some of the dialogue is quite well written and even thought-provoking: <br /><br />""There are things in life you put off, because you think you're gonna do them later. But the real thing Ivy taught me is you gotta live like there may not be a later.""<br /><br />The scene where Ivy passes away en route leaving Paulie all alone is a very heart-rending moment. And the sequence where he plucks up the courage to fly for the first time across the Grand Canyon, soaring majestically is such a beautifully composed scene it stays with you for hours after the film's over.<br /><br />Despite the occasional sad moment, there are plenty of laughs to be had. Paulie falls in with a group of performing parrots at a Spanish outdoor restaurant. The animatronic effects here are really excellent as four birds do a perfectly choreographed dance number. And Paulie even gets to have a romance. Which is dashed when he falls in with a petty thief (played by Mohr as well). That may be the only complaint I have. As soon as you get comfortable with one situation, the film then moves Paulie on to another.<br /><br />The scene where Paulie is taught to steal money from ATM machines is funny, but a little disturbing too. I'm amazed DreamWorks were granted the chance to include such a scene in a kids film. And Paulie's diamond robbery is very Mission Impossible. He's caught in the act, and shipped off to the lab for animal testing, where he's remained ever since.<br /><br />The story finally comes full circle at the lab, where Misha vows to help Paulie. Of course they do find Marie. But the final revelation is a scene of such shocking intensity, I was left numb for several minutes. Paulie may never get the longevity Babe has, but I believe its an equally brilliant film. The same laughs. The same flawless effects. And the same surprising intelligence.<br /><br />A minor gem.",positive
"When you think of brilliant Australian comedy you don't think of Skit shows (Although I'm quite partial to a bit of 80's and 90's Full Frontal) or even Sitcoms - you think of SATIRE! Something that we Australians really know how to do well. (Eg: Front Line, The Micallef Program) We know how to take the pi$$, and The Chaser's War on Everything, is a classic example of how to do it, and how to do it really well. <br /><br />I've been a huge fan of Chris Taylor and Craig Reucassel for a long time. I remember listening to them on Triple J's afternoon show. They were, and remain, two of the funniest comedians around.<br /><br />Although I was sad when they left Triple J, I was excited to find out what they were investing so much time in that made them have to leave. (They were doing CNNNN and Triple J at the same time, so I figured this was something much bigger) And what an amazingly HILARIOUS show Chaser is. Biting political and social satire at it's best.<br /><br />I'm also pleased to say that it has recently received a MUCH better time slot than Friday nights and has been moved to Wednesday nights right after Spicks and Specks. THANK YOU ABC!! Finally I don't have to tape it! :)",positive
"Steven Seagal appears to be sleepwalking through a dreadful movie shot almost entirely in close-up to disguise the complete lack of budget and resources. To pick on the technical flaws - silver F/A-18s and F-14s take of from a carrier for an air-strike, and miraculously become camouflaged F-16s for the actual strike - would give this movie more credibility than it deserves. Suffice it to say that the most interesting thing in the movie is the credit titles which fade on and then disappear in a lightning wipe, which presumably is available to all users of Final Cut Pro. Putting all your creativity into your own credit puts Michael Keusch in the same category as Marcel Mandu.",negative
"I like this film for several reasons. I have a soft spot for films about intricately plotted criminal plots like TOPKAPI. I also enjoy films (like TOPKAPI and BIG DEAL ON MADONNA STREET) that spoof the the genre. One of the best ones is DISORGANIZED CRIME.<br /><br />Corbin Bernsen has met four cons over the years, and he decides they can all be useful in a bank robbery he is planning in a small Montana town. But he hasn't given any details on the crime to the fellows, nor do they really know each other at all. Shortly after he sends for them Bernsen is arrested by two New Jersey policemen (Ed O'Neill and Daniel Roebuck) whom he escaped from before and have a warrant to bring him back. While he is in their custody the four cons (Fred Gwynne, Lou Diamond Philips, Ruben Blades, and Will Russ) show up without a clue about why they are there except that Bernsen was planning something. <br /><br />The first twenty minutes of the film deal with the four cons slowly getting used to each other, with Gwynne and Philips managing to push away their own suspicions to figure out they have to trust each other. At the same time we see Bernsen patiently waiting for the right moment to escape from O'Neill and Roebuck again - not too difficult as they are not the brightest bulbs who ever existed. The result are two sets of plots that will keep juxtaposing against each other throughout the film: the four cons trying to figure out what Bernsen's scheme was, and how to put it into operation, and Bernsen trying to maintain his own freedom from his pursuers and regain his cabin (and hopefully find his gang there for him to take command of). There is also a third, smaller, plot involving the growing annoyance and anger of local Sheriff Hoyt Axton against the idiots from New Jersey who keep getting into his hair.<br /><br />There are many delightful moments in the film, such as Axton, egged on by O'Neil and Roebuck, into surrounding a house in the town that Bernsen is supposed to be hiding inside of, and yelling (through a megaphone, ""Come out, we have you surrounded!!"", only to have the scene switch to a huge, Montana plain that Bernsen is struggling and stumbling through miles from where the police think he is at that moment. There are moments of misadventures by our four cons, who fortunately put the oldest (Gwynne) into leadership position. This does not always guarantee anything. At one point their car won't start, and they have to thumb a ride by truck. Unfortunately it is a truck carrying manure.<br /><br />The conclusion with the gang successfully carrying out the robbery, including disabling all the police cars at the critical time (Philips specialty is cars) is also a gem of timing, suspense, and comic results. The film is very entertaining, and certainly worth watching.",positive
"After 21 movies and three years of working in Hollywood Bette Davis finally got a role she claimed as her own and which put her as a force to be reckoned with. As Mildred Rogers, Davis burst forth with a completely unsympathetic role of a slutty waitress who becomes the target of Leslie Howard's affections, and already eager to sink her teeth into a role like this, she had no qualms of the awful things her character was meant to do throughout the course of the film and the awful transformation she would undergo. It also has been widely noted that her performance here, one of the few things that makes this slightly uneven movie watchable, has been the one to remember even after two remakes and the scenes where she rips into Howard have made cinema history.<br /><br />At circa 85 minutes, the story moves at a nice pace, telling the story of Philip Carey (Howard) as his life crosses that of the destructive Mildred Rogers over and over again.<br /><br />Howard and Davis' chemistry is all but non-existent -- Davis sustained in an interview much later in life she personally didn't care much for Howard's iciness towards her and that helped her act even worse (in character) towards him as Mildred. All the same, the two seem awkward with one another; their scenes together remain stiff, only salvaged by the ferocious acidity Davis brings to her lines and her own nervous presence. Then again, Cromwell's direction has a certain stiltedness about itself that fails to come through at times -- he tries to fill in some space (whenever Davis is not there) with dissolves and montages indicating the passing of time (a calendar superimposed over a changing Frances Dee). All much in the style back then. This was before technicalities and complicated camera angles came into being, and in essence, the visual story is a simplified, bare essentials translation of the Somerset Maugham's novel -- which is saying a lot, since at 600 pages, ""Of Human Bondage"" would have been indeed hard to film even then.<br /><br />Storywise, it feels that Philip Carey may be something of a glutton for punishment, since there is no discernible, sexual attraction between he and Mildred and to compound that, Mildred never hides her displeasure from the get-go. Howard's performance never seems to go through much external emotion -- his eyes are constantly sad, his expression never veers too far away from lost (he could almost be a distant cousin to William Hurt in ""The Accidental Tourist"" -- dejected, hurt, and absolutely passive), but this is possibly a part of his character and the reason he fails to see that other women (played by Kay Johnson and Frances Dee) are making themselves vulnerable to unrequited affections. Interestingly, Johnson's Norah, once she realizes Carey will never fall for her, is the one who sums the story up with her observation that people are bound to other people -- she is bound to Carey as Carey is bound to Mildred, and Mildred herself is bound to Miller (or men who fit the role of provider). In her short but memorable scene, she's the one who holds the essence of the story's moral.",positive
"""9/11,"" hosted by Robert DeNiro, presents footage from outside and inside the Twin Towers in New York, on September 11, 2001.<br /><br />Never too grisly and gory, yet powerful and moving. ""9/11"" is a real treat. Anyone not moved by this television show is immune to anything.<br /><br />5/5 stars --<br /><br />",positive
"Incarcerated train robber near Yuma breaks free his chain-gang and heads for the retired sheriff responsible for killing his wife (as well as a hidden stash of gold which remains hidden thanks to the screenwriter). Attempt to bring the western genre up-to-date with 1970s-style violence and brutality isn't even in the same league as some of the new-fangled westerns which came out of the late-'60s. It is impossibly simple and square, with the female characters merely around as punching-bags and possible rape victims. As the former sheriff back in command, Charlton Heston gives one of his laziest, least-inspired performances ever (he has one good moment, attempting to read a letter and fumbling for his glasses). James Coburn, as the half-mad half-breed, is pretty much on auto-pilot as well, but Coburn has a way of turning even the hoariest dialogue and situations into something prickly and unnerving. It's his show all the way. *1/2 from ****",negative
"Italy produced a lot of really great and original horror films in the 1960's - and this is certainly one of them! The first thing you will notice about Danse Macabre is the style of the film. Shot in beautiful black and white, and due to director Antonio Margheriti's use of lighting; the film almost looks like it could be a German expressionistic horror film. This, coupled with the horror-filled plot line ensures that Danse Macabre is a film that truly captures the essence of horror. Of course, the fact that the beautiful Barbara Steele appears in the film doesn't harm matters - and the good news continues as, in this film, she gets to flex her acting muscles more than she did in the films that made her famous. The plot is very aware of the time in which this was released, and so incorporates the great Edgar Allen Poe. We follow Alan Foster, a writer who accepts a bet from Poe himself and Lord Blackwood that he can't spend an entire night in the latter's creepy old castle. Everyone that has spent the night there previously has died...and our hero is about to meet the previous wager-takers! <br /><br />Nowadays, horror films don't tend to focus so much on each shot and the result is that there isn't much beauty left in the genre. It is refreshing, therefore, to see this film. Many of the shots here are incredibly beautiful - from the female side of the couple wearing just a see-through skirt, to my personal favourite - a shot of smoke creeping in from under a door. This my first Antonio Margheriti film, and even after seeing just this one; it's obvious that he was one of Italy's premier directors. Also interesting is the fact that screenplay was co-written by another of the Italian greats; Django creator Sergio Corbucci. The plot can meander a little too much at times, but there's always enough atmosphere on hand to make sure that the film never becomes boring - and the fact that it is always intriguing, even when the plot slows down, ensures the same thing. The way that Danse Macabre utilises the 'haunted house' theme is both well done and original, and helps to keep the story as eerie as possible. On the whole, fans of Italian and/or cult cinema will not want to miss this little gem!",positive
"Okay, I am a fan of the Nightmare series and everyone says on here that this is the worst! But it's NOT!!! Haven't's you seen Freddy's Revenge??? WTF! That was the worst of all!!! Now this movie is pretty decent and it sticks to the Freddy story and it's cool that he had a daughter etc. etc.<br /><br />And then I found out it was in 3-D!!! I was so excited, I remember when I saw it on the DVD box set I instantly skipped to the 3-D sequences. Quite a lot was in 3-D though like Lisa Zanes hand, Dream Demons, Freddy's Claw (more than once), Lezlie Dean holding a knife, Lisa Zane with a Baseball Bat, Doc's hand, Freddy's head exploding.<br /><br />I truly loved this movie because it was in 3-D, but I wish the whole movie was in 3-D not just the last 15 minutes.<br /><br />By the Way it's 15 minutes NOT TEN!!!!!!!!!!!!!!!!",positive
"I saw this movie on Thursdays night after having a really boring day. I had no expectations, those I had were rather negative. Being that the only movie I've ever watched Jimmy in is the American version of Taxi with Queen Latifah(?)...don't ask why! But seriously..this movie is so cute! Drew Barrymore is always sweet, but I almost fell in love with Fallon's character. Why can't I meet a cute nerd like that. :) Movies like that are excellent. Simple, sweet and necessary. Sunday on a Thursdays. I'm not even a sports fan, but it's something about American movies with baseball that fascinates me. Probably the fact that we don't have that sport here in Norway.<br /><br />(My first comment ever.) Haha",positive
"My God, what an incredible movie it is! Reminded me so much of the similar scene in Mel Gibson's movie ""We were Soldiers"" when ""the Company is not lost, they're just cut off"" And the other scene in Pearl Harbour when the British officer says to Ben Affleck ""If all Americans are like you, then God help the nation that goes to war with America!<br /><br />Put all 3 movies together and you would have enough BULLSHIT to fertilise the entire Sahara Desert.<br /><br />The story of the cut-off Battalion may be real enough but the movie could have done without all that American preachy jingoistic propaganda attached to it. There were audible groans in the cinema during the above-mentioned scene in Pearl Harbour (no kidding either) The Lost Battalion however is really in a class of its own .<br /><br />""Americans think they are unbeatableinspired bravery. "" I actually cringed and damn near puked at all the swill being spewed out throughout this diarrhoeic disaster (the movie that is) <br /><br />The fighting scenes were well made (3 stars for that) but if the script is manure, then wrapped even in brightly coloured ribbons, it is still manure. The writer, James Carabatsos, also wrote those other screamersHamburger Hill, No Mercy , Heartbreak Ridge. Someone, please shoot him before he writes any more such garbage.<br /><br />The Director, Russell Mulcahy is an Australian too. God, the shame!!!",negative
"I only voted excellent because this film took two snapshots of Americana: one in 1970, and one for every year afterward. <br /><br />Nothing's really changed.<br /><br />Joe is actually a jerk, a big stupid slob who's mad at everybody else in the world for his own idiocy. This ain't really a spoiler, but the key to the film is the big, corporate ""never does wrong"" guy making friends with this semi-troglodyte Joe, and he gets some kind of...validation from his bigotry and stupidity and sense of being wronged. <br /><br />Yet, few would argue, that the dealer boyfriend did deserve to die. And those kids shouldn't have ripped Joe and Compton off. And Joe and Compton were actually getting into the hash and the young skin until they got ripped off. A simple film in many ways, except that in 1970 New York City was par to a battle zone thanks to Nixon's care, and all of the money going to the war in Vietnam. As I write this (2/25/2007) there is a ""very long wait"" on Netflix for this film - which makes me happy because I think there are people out there who want to learn. This was a pretty good snapshot - not exact, a bit caricaturist - but actually pretty close to how it was back then. And the scary thing is - things haven't changed that much. Sure, there's no more welfare, but that just means the wage-slavery has won out. <br /><br />Amazing how millionaires will complain about not making enough money, then complain that $5.15 an hour is too much to pay their people.",positive
"I wasted 35 minutes of my life on this turkey before I gave up. The main character is completely clueless and astoundingly unsympathetic, but there is no humor in his blundering. As soon as he arrives in Germany, the screenwriter pulls the old ""there's only one room in the hotel, you'll have to share a room with a pretty girl"" stunt. Come on, at least you could let them develop their relationship a bit first. Watch ""It Happened One Night"" to see how to do it right--or any of a thousand movies since then.<br /><br />The acting is consistently third-rate, and the improvised dialogue should have been left on the cutting-room floor. It meanders with no plan at all, despite the fact that the film telegraphs the relationship's destination from the moment Greta is introduced.<br /><br />The first song, in the boardroom, is mildly funny but badly sung. The rest of the songs (well, to be fair, I only heard those in the first half-hour) are just pointless and awful. Most of the singers are painfully out of tune, but not in any intentionally humorous sort of way.",negative
"I would reccomend this film to everyone. Not only to the fans of the rocker Luciano Ligabue, but to all film-buffs. Because it's sincere, moving, funny and true. Because Ligabue is a born storyteller and a film lover, and every frame of his film is made with love and care. Because his characters are loved and ask to be loved. Because most of the Italian debut films are lousy and this one, done by an outsider, is a real joy to watch and to listen at. Because Stefano Accorsi is gorgeous and reminds me of Andrea Pazienza, who was, like Freccia, beautiful and talented and good and lost his life because of the heroin, that Ligabue shows as it is, unglamorous and ugly, without indulging in easy moralisms. Because it's a film that speaks to our heart, our ears, our souls. And because I lived the experience of the FM radios and it was exactly like that. Thanks, Luciano!",positive
"Attack Force has a horrendous title, and can almost certainly be judged by it's awful cover, because the film is horrible! A mish-mash of plot lines, a choppy mess, and a horribly stagnated pace, make the film hard to watch start to finish. I managed this and I'm proud. As a fan of Seagal's work (mostly of his old days), it's painful to see him star in such tripe. True Seagal's last half dozen movies or so, have sucked a lot, but some of them at least had some redeeming features. Attack Force is a mess. From conception to delivery this film has undergone many changes, from an alien plot line, to the current one about a highly addictive super drug, about to be unleashed on the Romanian (the film has several settings, none of which are Romanian, but all look like Romania because they are in Romania!) populace. The film is tacked together with little regard for whatever state the original shooting script was. Plot-holes and loose ends are abound in the film that's for sure. That's been a problem in Seagal's last few films as well, but never has the result been so boring. There's a whole plot line about the water supply being poisoned with CTX (that's the drugs cool name) that is never resolved! <br /><br />Of course in recent years the plot's haven't been the main draw in the Seagal canon so there was a big onus on the other departments, especially the action. Before I regard the action though, all the other departments are poor. The direction is poor, or perhaps better put, made to look poor. Who knows how director Michael Keusch originally intended this film? Between him finishing his job, the re-shoots by stunt man Tom Delmar, and the editing, a coherent auteur vision is completely lost. The best way to describe the film is that it's just all over the shop! The cinematography is dull, nearly inducing sleep, while the droning score (sounding like it was produced on the cheapest of cheap synthesizers) does nothing to excite matters. The cast too are poor, unable to salvage anything here. Seagal looks bored beyond recognition, and is dubbed through much of the picture, clearly when plot-points are being changed. He looks tired and overweight, and lethargic, unlike he's looked in previous pictures too (remarkable as the aforementioned have been key complaints in Seagal's recent pictures). The only redeemable cast member is Adam Croasdell as one of the villains, doing a slimy Brit routine. He seems to be a throwback to the alien plot line, because he's playing it inhuman. He seems like a cross between a body snatcher and a vampire (ditto to the lead villain played by some hot chick who appears on occasion, seemingly waiting for her husband Dracula).<br /><br />Finally the action. Well it's poor. Poorly conceived, poorly shot. There's not much either, and there's even less featuring Seagal. Stevo doesn't really bring out the stunt double here, because there's so little to do. There's even a lengthy (repetitive and boring) action scene on the hour mark that inter-cuts occasionally with little flashes of Seagal's stand in because clearly Seagal wasn't there while the scene was being shot, and they wanted to have him feature in the action scene. Seagal eventually appears in person to shoot two guys in the head. Seagal has a producers credit here and a script credit, but from what I understand the film has been altered behind his back to the current state it's in. Seagal will apparently not be working with these people again, or with Castel Studio's who continue to deliver horrifically sub-Nu-Image (that's saying something), material.<br /><br />Overall this is one to avoid if you are not a Seagal fan. Seagal fans can also be safe in the knowledge that the big man probably won't want to do anything this bad again. Unfortunately his next film which has already been shot, with the same people, promises to be even worse than this. *",negative
"There really isn't much to say about this movie....it's crude, but fun.<br /><br />Plot outline (From IMDB)<br /><br />_____________________________________<br /><br />Two losers from Milwaukee, Coop & Remer (Parker & Stone), invent a new game playing basketball, using baseball rules. When the game becomes a huge success, they, along with a billionaire's help, form the Professional Baseketball League where everyone gets the same pay and no team can change cities. Coop & Remer's team, the Milwaukee Beers is the only team standing in the way of major rule changes that the owner of the Dallas Felons (Vaughn) wants to institute.<br /><br />_____________________________________<br /><br />The Acting is pretty good, since there arn't many big stars in this movie. Although I am not a big fan of 'Southpark', Parker and Stone do a pretty good job in their first real movie. <br /><br />There are so many funny moments in this movie I can't come close to naming them all. It never really lets up, and they don't try to put some cruddy drama in to make it more serious. <br /><br />And my favorite aspect of this movie: The Soundtrack. It's GREAT. I especially like ""Take me on"" and ""Beer"" by Reel Big Fish. Very underrated.<br /><br />Overall, a crude, but extremely funny, movie. 10/10<br /><br />James ""Black Wolf"" Johnston",positive
The main reason to check this one out is to watch Laura Gemser in all her glory.<br /><br />That's reason enough for me.<br /><br />She heads to Africa as guests of another rich guy that seems to be all over these films. Huge mansion near the jungle. Hunters staying around for parties when they aren't out hunting zebras. And said parties becoming drunken orgies.<br /><br />All the high society types in the Emanuelle films seem to have out of control fetishes. And Emanuelle beds most of them.<br /><br />Joe D'Amato did NOT direct this one. He just ripped it off and used the same cast(s). And did anyone notice the 'subliminal' sexual images at the gas station? And why did most of the men stay dressed during the sex scenes? <br /><br />Coherence? Hardly any. BUT GODDESS GEMSER IS BEAUTIFUL.,positive
"1st watched 5/17/2002 - 3 out of 10(Dir-Ewald Andre Dupont): Fairly lame account of the Titanic disaster is the first filmed version of this much-heralded event. The replication of the disaster is not bad, but the drama around it is at some times silly, badly acted and way-too soap opera-like. The story is very much the same as the most recent Oscar-winning one except that we are shown how the crew tried to hide the actual disaster that was occurring until almost too late. Good for nostalgia purposes only and to get a feel for what James Cameron was competing against(barely) in his recreation.",negative
"It is like what the title of this thread say. Only impression I got from that movie is that Marlee Matlin's character was always angry, so cynical, and so pathetic. Her character's first date with William Hurt's character where they were dancing were dumb. All in all, I've tried to finish watching the movie four times, and of all four times I fell asleep. I would keep watching that movie with one intention... to beat my problem with insomnia, because all it do is to put me to sleep. Sweet dream.",negative
"After seeing The Aristocats: Special Edition in a two pack with The Fox in the Hound, I decided to buy it since both of these films were childhood favourites.<br /><br />The Aristocats is a classic, definitely. It might not be a five-star classic, but it is a fun film and makes a good evening's entertainment. It is somewhat a light refreshment from the darker, more serious Disney classics. The Aristocats tries to be a light-hearted musical comedy, and I think it just about succeeds.<br /><br />The storyline doesn't really make much sense and I don't think the plot is particularly strong, but it is certainly not weak. The animation and backgrounds are a bit scratchy in places, typical of Disney's 70s films, but it does have a rustic, old fashioned charm about it.<br /><br />The Aristocats strongest points are the characters, the music and the humour. The music is very memorable - try getting 'Everybody Wants To Be A Cat' out your head in a hurry! The songs are written by the Sherman Brothers, who also did the music for The Jungle Book. There was one song called 'She Never Felt Alone' that was going to be in the film, but sadly didn't make it into the final feature. It is a shame, because I think it would have fit in very well.<br /><br />The characters are unforgettable. Thomas O'Malley is voiced by Phil Harris, and is basically Baloo in a feline form. Eva Gabor gives Duchess this warm and maternal feel and the kitten's voices actually sound like children, and not an actor imitating the voice of a child. The secondary characters are here by the dozen and yet you still end up understanding their personalities. Edgar, the 'villainous' butler plays a similar role to Cruella De Vil, but he's more comical than scary, often ending up in funny situations. Even though he's the bad guy, he's still lovable all the same.<br /><br />The two British geese - Abigail and Amelia really had me cracking up, along with their crazy (and drunk) uncle. I also like the dogs, who tend to argue over who is 'the leader.' I could go on, but I won't spoil it. But I can tell you, The Aristocats is funny and will entertain everyone without having to resort to rudimentary toilet humour.<br /><br />The bottom line - The Aristocats might not be Disney's crowning achievement, or even their strongest film from the 70s (that award is a tie between The Rescuers and The Many Adventures of Whinnie the Pooh). But it is an enjoyable romp and is sure to entertain. If you are looking for a dazzling work of art, you might be better off watching Bambi. But if you want a fun night in, The Aristocats is the way to go. It is a charming and lovable film and it's impossible to dislike. Enjoy! (And besides, it's good to have a film where cats aren't seen as the villains).",positive
"Hugh (Ed Harris) is a hotshot, bachelor senator determined to run for president. One day, however, he happens upon an old high school classmate named Aggie. Aggie (Diane Keaton) is an accomplished and award-winning author with a lovely face and an independent spirit. Hugh is smitten. He convinces Aggie to become his fiancé. But, will Aggie have to sacrifice her principles of honesty in the world of politics, where things are not always what they seem to be? And, will she be able to withstand the rigors of a harsh media blitz? This is, mostly, a nice romance for those who adore tales of affection. Hugh and Aggie are absolutely in love and their banter and conversation are a good view. However, although the movie tries to show the political life in its reality, it doesn't completely succeed. Nevermind. The production values are high and the script is very elegantly written. With these advantages and the handsome personages of Keaton and Harris, those who sit down to the film will find it to be good entertainment.",positive
"Blue ribbon banners, stars and stripes forever, decorated generals, and unconditional surrender from the enemies which required tons and tons of radiation, this was the summon substance of the United States victory in World War II!! The celebration on Times Square as well as everywhere else in the United States suggests a national zenith!!! America is on top right!! one thing, one agonizing and painstakingly perverse thing..The period of adjustment!!..The actual celebration ended when the bottle of champagne was finished..Now everyone needs to get on with their lives...only one problem though...they have to get new lives...the old lives are gone forever...Polite and pleasant smiles had a fragile facade with a longevity of ice cubes in boiling water!! Everyone of the characters in the movie is paraded by primal doubts, and unable to masquerade a pretense about how nothing was seriously wrong, for the simple reason that it was not true!!! Once sergeants, and generals, and their wives, and daughters, and sons and virtually all other Americans touched by World War II, were exposed to disabilities, nightmares and recriminations of World War II and what it really accomplished as well as negated, nobody was the same!! For now, social and moral issues had a self serving interest...Frederick March and Myrna Loy had to start over!! Dana Andrews realized that he should never have been married to Virginia Mayo in the first place!!! Theresa Wright has become painfully aware of the fact that she is constructively selfish!! Las but not least, the character, Homer, is about to get married and he thinks that everyone around him is as devastated by his injury as he is, basically in the sense that they are unable or unwilling to cope!!<br /><br />The reason this film is so fabulous is because a happy ending was attained the hard way, once everybody recognized the new beginning of the new United States and the new world overall, tragedy from WWII was recognized, and things that were emotionally torn asunder were taken in stride, and dealt with accordingly!! Frederick March and Myrna Loy need to go back to chapter one in their marriage, Homer has apprised his new bride as to what it takes to be married to him (i.e. half the times, she will feel like a nurse) and Thresa Wright's involvement with Dana Andrews means that her entrance into adulthood has resulted in partial responsibility for breaking up a marriage...This is tantamount to learning how to drive a car to get your driver's license at the Indianapolis 500...The characters in the movie are the typical post WWII Americans in that they are stalemated by the rude awakening of coercive changes to their lives...Happiness no longer is afforded the luxury of the adjective cop-aesthetic...it is now about formidable conditions, and good winning out over evil by way of the less ugly choice!!...World War II did not just happen!! It will henceforth dominate the social patterns of American living!!!<br /><br />The aggregate catastrophe of World War II has mirrored most Americans' feelings of personal human inadequacy as well!!I loved this film and so did AFI, probably for the reason that it brought out issues that were at one time unjustifiably taboo!!..Bottom line, see this movie!! Nightmares about combat, dilemmas about marital unhappiness and/or readjustment, coping with your life when stricken-ed by a disability and just basically acting human are portrayed constantly in movies and television today, HOWEVER!! this is 1946!! Very new to Americans then....REMEMBER THAT!! Director William Wyler has illustrated how Americans feel about the aftermath of WWII in the days when the movie industry has left him with one hand tied behind his back!!! Take that into account and you will probably realize just how sensational this movie really was!!",positive
"""Showtime"" falls somewhere north of what some critics have been saying, and a little south of what I expected months ago when I first heard about Eddie Murphy and Robert Di Niro teaming up for a comedy. Overall, it was pretty good! As ""real life"" crime or cops go-- and plot, for that matter-- it is pretty illogical, but DUH--- this is a comedy. Also, while the special effects, chases, aerial shots, and skyscrapers blowing up were present but lower key than a Schwartzenegger movie, I found it a bit tiresome and overdone. 9/11 sensibilities aside, for myself, all that pyro-techno hyper-effect stuff had been getting really old these past few years. It seemed a lame substitute for characterization, story, and engaging emotions. I hope the lesser quantity of it in ""Showtime"" is an indicator of a trend in Hollywood. A trend downwards, of less use of the silly, less use of the exploding building.<br /><br />Di Niro and Murphy are two of my favorites. Their screen presence and charisma-- and even their character depth-- have been ""a joy to behold"" for many years. That can't be dismissed here--- they are engaging actors, and entertaining and appealing in this movie. I can't put my finger on it, but perhaps the explosions, the excessive FX, and all of that diminished the final product??? Perhaps, or perhaps it was something else, or a combination of factors that gives one the sense that the movie didn't achieve its highest potential. Whatever it was, ""Showtime"" was entertaining-- I probably will buy the DVD when it comes out-- but I had the vibe that it nonetheless wasn't all it could have been. At least not all I had hoped for.<br /><br />Very good movie, but not a great movie. I gave it an 8 out of 10.",positive
"<br /><br />""step aside for hollywood veterans?"" (the wayan brothers were 'asked') thats what hollyweird demanded and thats what it got. However, like so many of its recent decisions this one was a stupendous mistake.<br /><br />The director is SO out of touch with todays audience, attempting to bring back physical pratfalls and gags in place of funny dialogue is just a DISASTER. I knew it, the audience knew it and the CAST knew it.<br /><br />What a shame, why did they EVER consider changing directors? Not only that but the two Wayan brothers played as two of four primary characters, without them its just a farce and a sad one.<br /><br />SP<br /><br />",negative
"Whatever rating I give BOOM is only because of the superb location photography of Sardinia and Rome. Otherwise, this is only for hardcore addicts of ELIZABETH TAYLOR (her downward phase), and RICHARD BURTON (his miscasting phase). Tennessee Williams wrote ""The Milk Train Doesn't Stop Here Anymore"" and is supposed to be very fond of this adaptation of his play--but apparently, he was the only one. Taylor reportedly hated it and Burton needed the money.<br /><br />Whatever, it amounts to a hill of beans with Taylor posturing and fuming in her shrill manner, exploding at the servants and exchanging bad baby-talk with no less than NOEL COWARD who seems to be a visitor from another film when he finally appears.<br /><br />It's so campy that among Taylor fans it's probably considered a ""must see"" kind of thing. But if you can sit through this one without a drink in your hand, you're way ahead of me. Sadly, this is the film that signified the end of Taylor being taken seriously as a film actress, even after winning two Oscars. For Burton, it was equally disastrous and the critics called it a BOMB. Judge for yourself if you dare.",negative
"***Might not consider this having a spoiler, but I'd rather be cautious than careless*** I never saw this movie when I was little. I fell in love with it the first time I saw it with my three year old daughter. I can watch it over and over again.<br /><br />For the little acting Ilene Woods did in her lifetime, she was a wonderful voice for Cinderella; very appealing; very believable. The music really fit the movie perfectly. The acting was great; loved the mice!! You really ""hated"" Lady Tremain and the step-sisters; they were just awful. The cartoonists depicted the spoiled behavior very well.<br /><br />This is a wonderful movie, especially if you are into love stories. My daughter has seen the movie about 25 times and still gets excited at the end.",positive
"This is one of the worst movies I've seen in a long time. The story was boring, the dialogue was atrocious and the acting hammy. I'm not sure if this movie was the result of a film school homework project, but it certainly played like one. It is not even particularly successful in its central conceit of trying to appear as a single continuous take. The whooshing horizontal camera pans are a cheap and unoriginal way of hiding cuts.",negative
"It's astonishing that some people saw this as art. We saw it as a poorly filmed (shaky hand-held camera and all), (generally) badly acted, unscripted mess that seemed more like a high school film project with the kids experimenting in black & white film making. Injecting mounds of poetry in place of a story does not an art film make. When we watched this in the theatre, people were starting to have fits of the giggles (us included) at the endless stupidity of this self-indulgent, meandering mess. And believe me, it does seem endless. Had we finished our candy and popcorn, we too would have walked out of the theatre with the other two dozen people who packed up and left looking for something more interesting to do!",negative
"Bela Lugosi is a real enigma. In the early 1930s, he was on top of the world after appearing in Dracula. Yet, again and again, he made lousy decisions regarding his career. Perhaps he had a bad agent, perhaps his drinking and drug use had a part in it or maybe he was just crazy. Regardless, he ruined his reputation by appearing in pretty much any film--ranging from excellent horror films (such as THE RAVEN) to big-budget flicks (like NINOTCHKA) to grade-Z flicks for the cheapest and shoddiest of studios. Interestingly enough, although he agreed to do this terrible film, he actually turned down the role that later went to Boris Karloff in FRANKENSTEIN! As for this movie, it is a very silly an horridly produced WWII propaganda film that featured a dumb plot and wretched editing. Lugosi spends much of the movie murdering saboteurs--not a bad thing at all. But at the end, we find out that he is himself a Nazi plastic surgeon and all the American-looking men he killed were actually Japanese!!!! The funniest part of this is during a flashback. You see Lugosi talking to a group of Japanese men before he changes them to American-like men. When the camera scans them, the men are clearly Asian. But, on all the other non-close-up shots, they are all VERY Western looking--many with bald heads!! They looked absolutely NOTHING like Japanese men. I suspect the plot must have undergone a re-write and this might account for the obvious mistake. Or, it could just be shoddy production values and editing. In fact, early in the film, they show a street scene in the city and all the cars (circa 1942) are old Model T Fords--obviously from stock footage!!! The bottom line is that the film is bad but also very dull. Unlike PLAN 9 FROM OUTER SPACE, it's hard to laugh at the ineptitude--just be put to sleep by it.",negative
"Ostensibly a story about the young child of Jimmy Stewart and Doris Day. The kid gets kidnapped to keep his parents quiet. They know something about a plot to assassinate the ambassador of an unnamed country during a performance at Albert Hall in London.<br /><br />The movie is rich in Hitchcockian incidents. A friendly but opaque Frenchman seems to grill the innocent Stewart -- a doctor from Indiana -- a little too intensely to be merely idly curious. Later the Frenchman shows up in Arab disguise, a knife in his back, and whispers some information about the murder plot to Stewart. Stewart tells his wife -- Doris Day looking very saucy indeed -- but refuses to cooperate with the police and risk his son's life.<br /><br />Instead the couple try to track down the assassins, buy them off, and get their son back, taking them from Morocco, where Hitchcock has given us his usual tourist's eye view of the customs, locations, and food, to London. There is a hilarious wild goose chase involving a set-to between Stewart and the staff of a taxidermy shop. The staff are more concerned about guarding their half-stuffed specimens than anything else, and they shuffle around protectively holding the carcasses of a leopard and a swordfish. In the course of the scuffle, Stewart manages to save his throat from being cut by the swordfish bill, but is bitten on the hand by a stuffed tiger, the action boosted along by Bernard Hermann's bumptious score. The scene ends with Stewart rushing out the door. Hitchcock ends it with a shot of a lion's head gaping at the slammed door. There is also a running gag, well done, about some visitors waiting around the couple's hotel room in London, waiting for things to be explained.<br /><br />There are two serious issues that are lightly touched on. One is the relationship between Stewart and Day, which is not as rosy as it ought to be, considered as a bourgeois ideal. She's been a stage musical star for some years and is internationally known. And she's given it all up to marry an ordinary guy who happens to be a doc. That's understandable in, say, a nurse or a flight attendant or almost any woman other than an international star with a promising career in her own right. It isn't delved into, but the edginess is noticeable, as it was not in the original version. It reminds me a little of an exchange between Joe Dimaggio and his then-wife Marilyn Monroe, who had just returned from entertaining the troops in Korea. ""Oh, Joe,"" she gushed, ""did you ever see ten thousand people stand up and cheer?"" ""Seventy thousand,"" muttered Joe, former hero of the New York Yankees.<br /><br />The second problem is one of allegiance. Who is of greater social value? One's own young son? Or an unknown ambassador. Do we put ourselves or our loved ones at risk for the sake of national stability? Day is faced with this dilemma in its starkest form at the climax in the Albert Hall. Her solution opts for allegiance to political stability, although her motives are problematic. Does she scream to save the ambassador's life, or does she do so just to release the anxiety that is overwhelming her? (Cf: Alec Guiness falling on the detonator at the end of ""The Bridge on the River Kwai."") The photography is extremely good, and the settings can be menacing, even on a quiet street in a residential neighborhood of London. It's mid-day, and Stewart is alone and determined, but frightened too. There are footsteps echoing on Gulliver Street from someone, somewhere. Is he being followed? Is his life in danger? And where the hell is everybody who lives on this street? Hitchcock pays such close attention to location details that we can make out the garden wall bonding of the bricks beside him.<br /><br />The director had a rare disagreement with Francois Truffaut while being interviewed for Truffaut's otherwise laudatory book. Truffaut argued that the earlier version of ""The Man Who Knew Too Much"" lacked the depth of the later version. Hitchcock replied, ""It seems to me you want me to make films for the art house audience,"" but finally agreed that the 1930s version was the work of a talented amateur and this version was the work of a professional. No argument there.<br /><br />This is Hitchcock pretty much near his zenith.",positive
"With all this stuff going down at the moment with MJ i've started listening to his music, watching the odd documentary here and there, watched The Wiz and watched Moonwalker again. Maybe i just want to get a certain insight into this guy who i thought was really cool in the eighties just to maybe make up my mind whether he is guilty or innocent. Moonwalker is part biography, part feature film which i remember going to see at the cinema when it was originally released. Some of it has subtle messages about MJ's feeling towards the press and also the obvious message of drugs are bad m'kay.<br /><br />Visually impressive but of course this is all about Michael Jackson so unless you remotely like MJ in anyway then you are going to hate this and find it boring. Some may call MJ an egotist for consenting to the making of this movie BUT MJ and most of his fans would say that he made it for the fans which if true is really nice of him.<br /><br />The actual feature film bit when it finally starts is only on for 20 minutes or so excluding the Smooth Criminal sequence and Joe Pesci is convincing as a psychopathic all powerful drug lord. Why he wants MJ dead so bad is beyond me. Because MJ overheard his plans? Nah, Joe Pesci's character ranted that he wanted people to know it is he who is supplying drugs etc so i dunno, maybe he just hates MJ's music.<br /><br />Lots of cool things in this like MJ turning into a car and a robot and the whole Speed Demon sequence. Also, the director must have had the patience of a saint when it came to filming the kiddy Bad sequence as usually directors hate working with one kid let alone a whole bunch of them performing a complex dance scene.<br /><br />Bottom line, this movie is for people who like MJ on one level or another (which i think is most people). If not, then stay away. It does try and give off a wholesome message and ironically MJ's bestest buddy in this movie is a girl! Michael Jackson is truly one of the most talented people ever to grace this planet but is he guilty? Well, with all the attention i've gave this subject....hmmm well i don't know because people can be different behind closed doors, i know this for a fact. He is either an extremely nice but stupid guy or one of the most sickest liars. I hope he is not the latter.",positive
"Clearly my rating for this is not to suggest it compares with the classy horrors of the likes of Argento but with other 70s low budget, drive in fare and in that department it truly is a classic. The lack of money shows, (Does anyone care too much?) the acting is adequate rather than professional, (Does that make it more realistic?) but unlike so many other movies, and not just low budget ones, this does not drag for a moment. Crap it may be but non stop crap, in your face crap and although inevitably a bit campy at times, this is a must see for anyone who has any idea what I'm talking about. At times quite delirious, this crazy little film filled out with crazy characters is clearly made for fun and fun indeed it is to watch.",positive
"This is a great British film. A cleverly observed script with many quotable lines, which captures perfectly what magic mushrooms can do to a man over a weekend. As per usual Phil Daniels is excellent along with that most under rated of British actors Geoff Bell. Peter Bowles with a joint hanging out of his mouth is a casting masterstroke and Gary Stretch with his brooding looks brings something strangely atmospheric to the piece. Although it seems to be billed as a biker movie, i think it will find an audience outside of this, purely on the premise that a lot of people have been there done it and got the t-shirt. also A great original soundtrack with a blinding version of Freebird. This really could be a 21st century heir to the famous Ealing comedies. Like the weed in the Welsh fields: it's a grower!",positive
"The original ""les visiteurs"" was original, hilarious, interesting, balanced and near perfect. LV2 must be a candidate for ""Worst first sequel to a really good film"". In LV2 everyone keeps shouting, when a gag doesn't work first it's repeated another 5 times with some vague hope that it will eventually become funny. LV2 is a horrible parody of LV1, except of course that a parody should be inventive. If you loved LV1 just don't see this film, just see LV1 again!!",negative
"This is definitely one of the weaker of the series of Carry On films. It lacks the usual fun and sparkle and even the cast seem embarrassed by the poor dialogue. By the time this came out, the series was in terminal decline and boy does it show! If you're coming fresh to this series, avoid this one till near the end.",negative
"Where oh where to begin in describing the comprehensive wretchedness of Neil LaBute's latest attempt at film making? <br /><br />There are many kinds of film fans out there, but by far the most annoying and shallow is Mr. Intriguing. You know Mr. Intriguing, don't you? <br /><br />He's the fellow that no matter how stupid, lame, and incomprehensibly dull a film is, he says ""Gee, I don't know why everyone hated it, I found it intriguing."" He's the kind of guy who finds the scent of dog poop intriguing. Especially when he smears it in the shape of a Hitler mustache on his upper lip and marches about the house ranting about the brilliance of science fiction that features thinly veiled references to Greek mythology. He's also the guy this version of The Wicker Man was made for. No one else could stand it.",negative
"this isn't 'Bonnie and Clyde' or 'Thelma and Louise' but it is a fine road movie. it sets up its two main characters gently and easily. viewers learn the underlying tensions quickly, which is a tribute to the director. there is the young french (and English) speaking son who wants to do well in France, has a french girlfriend and who drinks alcohol, parties as young men do. And there is his moroccan arabic (and french) speaking father who devoutly follows his Muslim faith, with generosity and the wisdom of elders and who rejects the new culture surrounding him (like mobile phones). the film could explore very powerful politics - the odd couple drive thru the former Yugoslavia, thru Turkey and then thru the Middle East to get to Mecca. these are areas where the Muslim populations have been involved in wars, repression, ethnic cleansing; where dictators have pursued torture and summary executions to hold power and where religious communities are in constant deadly battle with each other. yet the film moves thru those places and possibilities with only hints of such agendas. the relationship between the two is key to this film, and faith, politics are the backdrop. it seems to be saying that we are all human, and need to understand and care for each other in order to manage well in this world. it certainly isn't 'Natural Born Killers' and is all the better for it.",positive
"What the *bliep* is it with this movie? Couldn't they fiend a better script? All in all a 'nice' movie, but... it has been done more than once... Up till the end I thought it was okay, but... the going back to the past part... *barf* SO corny... Was waiting for the fairy god mother to appear... but wow, that didn't happen... which is good.<br /><br />I loved Big with Tom Hanks, but to see such a movie in a new form with another kid who wished that he/she is older/bigger; that just is so pasé<br /><br />Just watch till it comes out on TV. Don't get me wrong, but it ain't all that",negative
"If you like The Three Stooges you'll undoubtedly like this 17 minute short. There were certainly some amusing moments in it, but like all the Stooges' work, this revolves around their particular style of slapstick comedy, and I have to confess that somehow the Stooges just never really did it for me. Their slapstick always seemed angry rather than funny, and even though it was obviously fake, their antics always seemed more likely to cause hurt rather than to cause laughter. In this short, the slapstick revolves around the attempts to find Shemp (who is a Professor of Music in this) a wife, because he's just inherited half a million dollars on condition that he marry within 48 hours of the will being read. One of his students is interested, but once word of the inheritance gets out , there's suddenly a long line-up of potential brides, and a pretty good cat fight emerges between them. Fans of the Stooges will enjoy. For me, it has all the elements that drive me nuts about them. 4/10",negative
"Sarafina was a fun movie, and some of the songs were really great. Sarafina was very entertaining. I don't normally like music things like this, but the singing was not lame like it looked like on the box. The movie was useful for learning about history because it was an interesting perspective of the Soweto rioting of 1976. It showed you things from the perspective of the students in the rioting and showed you that they were real characters. Because you got to see them as real characters this makes you like them more as an audience, and makes you more sympathetic to them as totally the victims of the white government, who you can not sympathise with. The singing of the students is correct because we know from accounts that the students in the riot were singing and dancing before it became violent. The clothing of the students in Sarafina is very similar to the clothing shown in photos from Soweto. They made the movie actually in Soweto, which is why it looks very accurate in many parts. All these things make the film more accurate for someone using it to learn about aparthied. As viewers we must be critical of the way the history of Apartheid was presented. As I said before, you become sympathetic to the students - this makes it potentially less reliable and objective. Also, it changes some of the details from other accounts. In Sarafina it turns to chaos when the policeman comes into their classroom and shoots the students. The police and army were very aggressive at Soweto, but this is probably an exaggerated event. The police and army did shoot students, but there is not evidence of them going into schools and executing people like this. The fighting was more in the streets and had looting and crime. This is done in the movie probably to make you feel more sorry for the school students. The movie would have been more useful if it had some different information about aparthied. The teacher was arrested for being against the government, and the mum goes to work in a white persons house. But there is not any information about the government and why they were doing it or any details about the racist policies and laws. -By George S, Chris and Finlay",positive
"No movies have grabbed my attention like this one has. You see, I have wanted to watch this movie again for over twenty-five years. The one and only time I saw it was as a teen-ager which may have been the year it was released, 1977.<br /><br />What I do remember of the movie is that it touched those deep-held emotions so profoundly that there is still an overwhelming desire to watch it again. The intrigue this movie provides by the human element of father/son seeking and searching is sure to touch every human soul who watches it. Why this movie has not been brought out of storage and shown as often as many other movies of lesser depth, I do not know.<br /><br />Postscript: Received copy of movie and after watching it again was delighted to see that my memory held true. Rating reflects movie content. Would like to watch this movie on DVD as seeing this 1977 production on a used VHS tape took away from the overall quality.",positive
"I really enjoy this movie. The first time it was on Turner Classic Movies. All the actors did very well but Brynner steals the show again like always ( he is so sexy!).This is one of the movie that you do see Brynner's emotions. Actually this movie this is the first I ever seen him laugh because he plays very strong, larger-than-life and serious roles in other movies. In this movie you see both a masculine, tough and sensitive side of Brynner .Brynner seems to be a ""ladies'man"" in this movie.That is amazing how Brynner eats the glass cup and speaks in his Russian tongue it drives me crazy in love. I don't understand when both Brynner and Kerr ( they both have very good chemistry) stars in a movie together and then Brynner always die at the end it kind of reminds you ""The King and I"" in a way.",positive
"Doug McClure has starred in a few of these British produced genre adventures and this one has got to be the worst of the lot . I know THE LAND THAT TIME FORGOT has its critics but please at least that movie featured location filming and relatively good production values . That's the problem with this movie - The production values go way beyond "" So bad they're good "" affectionate territory and become "" so bad I think I'll go and see what's on the other channels "" <br /><br />One case in point is the first scene featuring the intrepid Cushing and McClure encountering a monster . It's painfully obvious the monster is an average sized man dressed up as a rubber monster being made to look over twenty foot tall via overblown back projection . It becomes even more painfully obvious that our heroes are trying to escape the monster by running on the spot . Have I mentioned that this is one of the more convincing set pieces ? No really this looks like it was filmed in somebody's living room with the spare change left over from that year's DOCTOR WHO budget . Even former DOCTOR WHO Peter Cushing is bland and what should have been an amusing line "" You can't mesmerise me - I'm British "" is delivered in a very flat way ( A very similar line is spoken by Cushing in HORROR EXPRESS ) in a script devoid of characterisation , plotting and memorable dialogue . It's not just the fact that the dialogue is unmemorable it's also infrequent and rare since the monsters don't speak . Wouldn't it have been better having the chief bad guys humanoids like in WARLORDS OF ATLANTIS so that they could explain the plot . Does anyone here know what the plot actually is ? <br /><br />A very tedious British movie that even the twin talents of Caroline Munro can not save . The whole mood of the movie is summed up by the final sequence featuring two keystone cops",negative
"Being a huge die-hard Monkey Island fan, I fugured this one would be terrible since Ron Gilbert didn't make it. Boy was I surprised! Although it's still not as good as the first two, it has the comedy that I wanted. I was a little nervous about the new graphics, new SCUMM engine, and just the fact that it was on a CD. But it all came together, and it was interesting to finally hear the voices of your favorite characters. I especially enjoyed that SWORD FIGHTING had returned. And the whole story about finding the big uncursed ring was just incredible. Go ahead and try out this two-CD adventure. And now we can rejoice, because Monkey Island 4:Escape from Monkey Island is coming out REALLY REALLY soon! This fall!",positive
"The whole point of making this film, one of the earliest and best international color releases of cinematic opera, was to make it more accessible to the masses. And it succeeded admirably in doing so. The general public would not sit still for a love story about two young exotic lovers in ancient Egypt if played by the typical 300 pound over 40 tenor and soprano with the vocal equipment to sing the glorious music properly. Hence the visual substitution of the beautiful principals (a young Loren, handsome Della Marra, and a slinky Ms. Maxwell)who make the story much more believable, giving those not familiar with the plot or the music a better chance at being wooed into the lovely arias who otherwise might not be. Altogether, an enchanting introduction to one of Verdi's great works. I remember seeing this when I was in junior high school and it certainly awakened my interest in opera, a form with which I was then not well acquainted. I still regard this film fondly and would recommend it highly to those who might appreciate the great music accompanied by better than average visuals. Luciano Della Marra was a standout as Radames, and unfortunately for audiences did not appear in any other films.",positive
"I was excited at the concept of my favorite comic book hero being on television... and sorely disappointed at the end result.<br /><br />The only ""amazing"" thing was the wall crawling (despite the visibility of the cable). I didn't think Nick Hammond was Peter Parker... and he was visibly of a different build than the guy who did the stunts in the spider suit. You could tell they were two different actors.<br /><br />Granted, I can also spot in the modern Spider-Man movies when I am looking at Tobey Macguire and when I am looking at CGI. But that is from a trained eye and experience working with CGI. Still, the 70's version could have been better despite lack of Special FX.<br /><br />The webs were hokey and looked like ropes that seemed to wrap around things rather than stick to them. And what was up with giving him a spider mobile to ride around in. Hello? He's the web slinger people.<br /><br />Sorry... didn't mean to get so worked up, but our beloved wall crawler deserved better.",negative
"I really really love this show! I have always liked the 1990's shows of Space Ghost! This show was hilarious and I can't believe why Cartoon Network's Adult Swim would take such a funny show like this off the air. I hope they put this show on DVD or something. The show is about Brak (from the Space Ghost cartoons, SGCC and Cartoon Planet) who lives his every day life with his Mom and Dad and his best friend who likes to drop in a lot, Zorak! My favorite episodes were the one where Zorak gets this really good singing voice and then his voice doesn't give him any money that Zorak made from singing at all. Another episode I like is the one where Brak and Zorak didn't finish their homework and then they go back from Sunday to Friday and they just goof off and then they go back to the day homework was invented and then when they go back to the present homework didn't exist! Another episode I like is the one where Brak's Dad and their next door neighbor, Thundercleese the Robot keep getting into this agrument and then they get eaten by a giant worm. Another episode I liked was the one where Zorak makes a bully stand and then some new guy took over his stand. I also like a lot of the other episodes! One thing that never fails to make me laugh is when Zorak is getting beaten up, blasted and zapped!",positive
"Most people, when they think of expressionist cinema, look to the b&w German films of the silent and early sound eras--films that emphasized canted angles, extreme contrasts of light and dark, exaggerated performance, and occasional uses of surrealism to create a dreamlike atmosphere in order to diverge from traditional, naturalistic modes of cinematic representation. If we're willing to accept that the Germans were not the only filmmakers to create expressionist cinema (and that those above-mentioned characteristics are not prerequisites for expressionist film), then I would argue that Dodes'ka-den (DKD) is a prime example of this type of film. <br /><br />Like Dreams, DKD is a little unhinged for a Kurosawa film, dabbling, as it does, in the unreal. However, DKD is also, unlike Dreams, a great film and probably my favorite Kurosawa picture. Why? Mostly, I think, it's the colors. This was, I believe, Kurosawa's first color film, and the man saturates the movie with vibrant primary colors, creating a completely unreal contemporary Japan. We are used to the neon lights and gleaming Tokyo skyscrapers; we are not used to a city that appears to have been colored with crayons. <br /><br />DKD is, as I said, a peculiar film inasmuch as many of its characters live in a junkyard, appearing to live in an alternate universe. That is, I think, the point--these are the Tokyo outsiders, the people left behind during the great move forward following World War II. The film also represents one of Kurosawa's more heartfelt movies; there is genuine sentiment here and genuine pathos (such as when the boy's father describes their dream home). It's an amazingly moving film from a man better known for stunning, John Ford-like vistas and samurais. Everyone should have known Kurosawa had in him a movie as touching and thought provoking as this (Ikiru foreshadows the emotional resonance of this film in many ways). <br /><br />I will also argue, to the last, that this is Kurosawa's greatest achievement. His samurai films, though capable pictures, pale in comparison to works by Kobayashi (Hara-kiri is the greatest, most intelligent samurai film committed to celluloid). Rashomon, Hidden Fortress, Seven Samurai, Yojimbo, Sanjuro, Kagemusha, and Ran are all fine films, but they're merely good (and, frankly, I think that word is too generous for Hidden Fortress and Kagemusha). DKD is a great movie, as is Ikiru. They are the crown jewels that show Akira was not a one-trick samurai pony. They reveal his artistry and mastery of cinema.",positive
"Based on an actual story, John Boorman shows the struggle of an American doctor, whose husband and son were murdered and she was continually plagued with her loss. A holiday to Burma with her sister seemed like a good idea to get away from it all, but when her passport was stolen in Rangoon, she could not leave the country with her sister, and was forced to stay back until she could get I.D. papers from the American embassy. To fill in a day before she could fly out, she took a trip into the countryside with a tour guide. ""I tried finding something in those stone statues, but nothing stirred in me. I was stone myself."" <br /><br />Suddenly all hell broke loose and she was caught in a political revolt. Just when it looked like she had escaped and safely boarded a train, she saw her tour guide get beaten and shot. In a split second she decided to jump from the moving train and try to rescue him, with no thought of herself. Continually her life was in danger. <br /><br />Here is a woman who demonstrated spontaneous, selfless charity, risking her life to save another. Patricia Arquette is beautiful, and not just to look at; she has a beautiful heart. This is an unforgettable story. <br /><br />""We are taught that suffering is the one promise that life always keeps.""",positive
"About the baby: Why wasn't big brother assuming he'd be hungry for a bottle or some nourishment or a diaper change? He should have been screaming non-stop after that many hours without care. Definitely stupid to take the baby from a safe place when he didn't need to.<br /><br />And why was the road miraculously clear whenever anyone wanted to drive somewhere? Didn't any uprooted trees fall on the roads and block them?<br /><br />I can't imagine the cops at the roadblock not immediately following after any young person who would crash it, especially when they said it was dangerous to go there.<br /><br />That being said, it was nice to have a movie children could safely watch, for a change.",negative
"I thought this had the right blend of character, plot, futuristic stuff and special effects without going over board. It will take a while to get going, but the acting was good and I was intrigued by the angel who is not to hard to look at. I like the attitude too! Certainly not like other attempts at futuristic stories.",positive
"The first time I had the window of opportunity to see this all but forgotten classic was back in the early 1980's,at one of our art houses as a revival. As I watched this fever dream of an exercise in 1930's sexuality, I thought YOWZA! They got away with murder in Europe back in the day. Unfortunately, this film was heavily cut in it's original U.S. release by the blue nosed Hayes Office (the staunch government censorship board,started by the ""holier than thou"" Bible thumper, Will Hayes...a former Post Office official,if you can believe that),due to it's overall theme of human sexuality (Heaven's forbid humans actually had sex in the 1930's). The plot of Ecstasy concerns a young woman (played by Hedy Lamarr)who marries a much older man,and later regrets it. She (Lamarr)meets a handsome younger man & has an affair with him, resulting in a divorce from previous husband (another no no in Hollywood movies back then---Divorce!). Despite the fact that the film was produced in 1933, it was probably the director's first time working in the sound format (i.e. the film seems to possess techniques that were used mostly in silent films---i.e. 1920's expressionism's). It's still worth searching out for a window into early European talking pictures,along with Luis Bunuels L'Age Dor (1930),and Karl Gustav Dryer's 'Vampyre' (1931). Not rated,but contains that infamous nude swimming scene & some thinly veiled sexual references, which would fare little more than a PG-13 by today's standards (but would have easily landed the dreaded 'X',back in the 30's,if it existed then)",positive
"I must admit that this is one of the few Lou Costello films that I actually saw in the theater. Most have now been seen on T.V. and I must admit that Lou is really enjoyable and he gets the girl,too. This was my first time seeing Dorothy Provine perform and of course I fell in love with her like so many others that day. I have seen most of the work she has done and enjoyed each one. Her performance in The Great Race is one of the reasons I bought the disc in the first place!<br /><br />Every comment on this movie tells that this is the one movie that Lou Costello did with out Bud Abbott,which is true,but if Lou had lived he would have made many more. He really does a good job and doesn't have to rely on his old routines to get laughs. I for one am sorry that the little man from Patterson,N.J. didn't get the chance to do that.<br /><br />I hope this comes out on DVD some time so I can add it to my comedy/sci fi collection.",positive
"This happens to be one of my favorite horror films. It's a rich, classy production boasting an excellent cast of ensemble actors, beautiful on-location cinematography, a haunting musical score, an intelligent and novel plot theme, and an atmosphere of dread and menace. It's reminiscent of such classic films as ROSEMARY'S BABY and THE SHINING, wherein young, vulnerable women find themselves victimized by supernatural forces in old, creepy buildings with a macabre past. Here, CRISTINA RAINES plays a top New York City fashion model named Alison Parker. Her happy, outgoing exterior masks a deeply conflicted and troubled soul. This is evidenced by the revelation that in her past, she attempted suicide twice- once as a teenage girl after walking in on her degenerate father cavorting in bed with two women and having him rip a silver crucifix from her neck and toss it on the floor, and the second time, after her married lawyer-boyfriend's wife supposedly committed suicide over learning of their affair. Telling her beau(played by a suitably slimy CHRIS SARANDON) that she needs to live on her own for a year or so, she answers a newspaper ad for a fully-furnished, spacious one-bedroom apartment in an old Brooklyn Heights brownstone. This building actually exists and is located at 10 Montague Terrace right by the Brooklyn Heights Promenade off Remsen Street. The producers actually filmed inside the building and its apartments, paying the residents for their inconvenience, of course. The real estate agent, a Miss Logan(AVA GARDNER), seems to be very interested in having Alison take the apartment- an interest that cannot be solely explained by the 6% commission she would earn. Especially when she quickly drops the rental price from $500.00 a month to $400.00. Alison agrees and upon leaving the building with Miss Logan, notices an elderly man sitting and apparently staring at her from the top-floor window. Miss Logan identifies the man to her as Father Halliran and tells Alison that he's blind. Alison's response is very logical- ""Blind? Then what does he look at?"" After moving in, Alison meets some of the other residents in the building, including a lesbian couple played by SYLVIA MILES and BEVERLY D'ANGELO, who provide Alison with an uncomfortable welcome to the building. Alison's mental health and physical well-being soon start to deteriorate and she is plagued by splitting headaches and fainting spells. When she relays her concerns to Miss Logan about her sleep being disturbed on a nightly basis by clanging metal and loud footsteps coming from the apartment directly over her, she is dumbstruck to learn that apart from the blind priest and now herself, no one has lived in that building for the last three years. Summoning the courage one night to confront her nocturnal tormentor, she arms herself with a butcher knife and a flashlight and enters the apartment upstairs. She is confronted by the cancer-riddled specter of her dead father and uses the knife on him in self-defense when he comes after her. The police investigate and find no sign of violence in that apartment- no corpse, no blood, nothing. Yet Alison fled the building and collapsed in the street, covered in blood- her own, as it turns out. But there's nary a mark on her. What Alison doesn't realize until the film's denouement is that her being in that brownstone has a purpose. She was put there for a reason- a reason whose origin dates back to the Biblical story of the Garden of Eden and of the angel Uriel who was posted at its entrance to guard it from the Devil. She is being unknowingly primed and prepped by the Catholic Church to assume a most important role- one that will guarantee that her soul, which is damned for her two suicide attempts, can be saved. At the same time, the ""invisible"" neighbors, who turn out to be more than just quirky oddballs, have a different agenda in mind for her. This is a competent and intelligently done film and one that surprisingly portrays the Church and its representatives in a mostly sympathetic light.",positive
"I don't go for that many ""heist"" comedies, and I might not care for this one if it weren't for the actors, when it was made, and when I FIRST SAW it (just a few years later). It's almost too similar to ""The Happening"" (even though it's obviously a much less serious comedy than that one) - Mafia figure takes over his own kidnapping, or rather, turns it in a different direction altogether. Of course, Raquel Welch didn't play the kind of sharp character Faye Dunaway did in The Happening, but that doesn't make it a sexist film either - she was practically playing a stock character, almost HER version of a ""moll""! But, I'm completely biased - it's among the first films I ever saw with her, and at the time I saw it, you couldn't turn around without seeing a poster of her (luckily). I think Robert Wagner was really just right as the neither thoroughly likable nor dis-likable leader of the group, as were Edward G. Robinson (naturally) and Vittoria De Sica. And Godfrey Cambridge, an actor who always managed to be funny.",positive
"Back in 1994, I had a really lengthy vacation around the Fourth of July - something like 17 days off in a row what with two weeks paid vacation, weekends and the holiday itself. I stayed in town during that time, hanging out at my parents' house a lot.<br /><br />I didn't have a TV in my apartment so I used to watch my parents' tube. I had just finished watching a segment of the X Files when a program came on called Personal FX. I was hooked instantly. I had always been fascinated with items in our home that had come from my parents' family homes and through inheritances from relatives' estates, and often wondered about their history, value, etc.<br /><br />After my long vacation, I used to go to my folks' house on my lunch-hours just to catch Personal FX.<br /><br />I can remember one episode during which co-host Claire Carter announced that the New York apartment in which the series was filmed was being renovated and that once said renovations were complete that Personl FX would return to the air.<br /><br />It never did! Personal FX was the first -and best - of the collectible shows. And it vanished from the air! Almost fifteen years later, I'm still sore.<br /><br />Way to go, FX.",positive
"""Ambushed"" is no ordinary action flick. It's much to bad to be ordinary. One man walks toward another with a machine gun blazing. The other man fires one round and fells the man with the greater fire power without so much as a nick from the hail of lead raining down on him. Guess which one is the good guy. Duh. Such is ""Ambushed"" through and through. Not a good action flick, not a good drama, not a good movie, ""Ambushed"" fails on all levels with it's cast of B-movie veterans mechanically going through the motions almost as though they know they're making a real loser. Not recommended for anyone.<br /><br />",negative
"Annie Rooney lives with her officer father and brother Tim in the slums of New York, where she is constantly getting involved in many fights with the other neighborhood kids. Annie secretly has a crush on Joe Kelly (whose little brother Mickey is head of the gang that Annie constantly battles), who is in a gang that is headed for trouble, says Officer Rooney. Kelly sponsors a dance, where Tony plans to shoot Kelly in order to get even with him for making him look like a fool in front of his girl, but Officer Kelly gets fatally wounded instead. Tim (part of Kelly's gang) is told by Tony, and friend Spider, that Kelly shot his father, so he goes after him in vengeance. Annie learns of this and goes to stop her brother, if she is in time. Very good mix of humor and heart in this film, even though the plot doesn't start until the 40 minute mark of the film. Pickford is enjoyable (even though she was 33 playing a girl no more than 12-13) and really gets into her character. Haines doesn't play Kelly as tough as he should, but is able make the audience feel for him on an emotional level. The scenes where the officer tells Annie of her father's death and the ending really put a lump in your throat. The mix of all sorts of kids throughout the film are fun to watch. Rating, 8.",positive
"After his classic film noir homage Chinatown Roman Polanski returned to the themes that had given him his greatest hits in the 60s with this creepy psychological horror which, like Repulsion and Rosemary's Baby, deals with the paranoia and claustrophobia generated by apartment living.<br /><br />Claustrophobic environments are the ones which Polanski is best at creating, and this has to be the most suffocating and confined picture he ever created. The emphasis on side walls and distant vanishing points is greater than ever, and even in the small number of exterior scenes the sky is rarely glimpsed. But The Tenant is not just confined spatially, but also in the intensity with which it focuses on its protagonist. Trelkovsky, played by Polanski himself is not only in every scene, he is in virtually every shot. When he is not on screen more often than not the camera becomes Trelkovsky's point of view. And of course almost everywhere he looks he sees his own reflection staring back at him in a mirror.<br /><br />I can't think of any film that is more about the internalisation and solitude of one character. Some psychological thrillers, like M or Peeping Tom, manipulate us into feeling sorry for the mentally ill protagonist. Others, like Psycho, attempt in-depth scientific analysis of his mental condition. The Tenant fits into neither of these categories  it simply immerses us completely inside Trelkovsky's experience without demanding we actually understand or appreciate what is going on inside his head. We feel his paranoia and obsession even though it is constantly revealed to us that they are irrational.<br /><br />Polanski was also a master of the slowly unfolding horror film. Often in his horrors there is an ambiguity as to whether there is actually anything sinister going on, but they are among the most effective at frightening audiences. Why? Precisely because they unfold so slowly and invest so much time in painstakingly setting up situations that they immerse the viewer in paranoia. A much later Polanski horror, The Ninth Gate is a bit of a mess plot-wise but at least it still manages to achieve that creeping sense of dread.<br /><br />This is a rare chance to see Polanski himself in a major role. His talent in front of the camera was as good as behind it, and he is absolutely perfect as the meek Trelkovsky. Another standout performance is that of the all-too-often overlooked Shelley Winters as the concierge. In actual fact it is rather a stellar cast, although many of the familiar faces look out of place in this strange, Gothic European movie. Also sadly many of the French actors in supporting roles are atrociously dubbed in the English language version.<br /><br />The Tenant is more polished and less pretentious than Repulsion, but it lacks the suspense and the character that make Rosemary's Baby so engrossing and entertaining. The Tenant is good, with no major flaws, and Polanski was really on top form as a director, but it's not among his most gripping works.",positive
I can't get over how lazy the director is with this movie. Instead of setting up scenes in a creative way he relies on boring old zombie clichés.<br /><br />Where the two unarmed leads have to get down the college steps into the van he surrounds them with zombies yet neither of the leads is bitten. He can't be bothered to direct a decent fight scene so we see the leads shove their way down the steps.<br /><br />Sometimes the zombies limp about and at others they run like the wind. This is really convenient for the director because he can set up anything he likes without bothering with continuity in the behaviour of the zombies.<br /><br />With careful planning and a lot more inspiration this movie could have been so much better.,negative
"This piece of crap might have been acclaimed 60 years ago, but it is one of the most racist movies ever made with the Native American Indians played by white men. The right-wing Republican James Stewart was a huge racist in real life, just like his close friend John Wayne. In 1971 Stewart had actor Hal Williams fired from ""The Jimmy Stewart Show"" (a short-lived series that mercifully flopped) just because Williams was black. As if that were not bad enough, this film is very dated and boring. Watch ""Dances with Wolves"" instead for a less racist view.<br /><br />Stewart was in his forties when this awful movie was made, and even with his ridiculous wig he still looked like a paedophile chasing after 16-year-old Debra Paget. I'm surprised it was even allowed.<br /><br />0/10.",negative
"With a catchy title like the Butcher of Plainfield this Ed Gein variation and Kane Hodder playing him will no doubt fly off the shelves for a couple of weeks.Most viewers will be bored silly with this latest take on the life of Ed Gien.<br /><br />The movie focuses on Ed's rampage and gives us a(few)glimpses into his Psycosis and dwelling in Plainfeild.Its these scenes that give the movie a much needed jolt.<br /><br />What ruins this is the constant focus on other characters lives and focuses less on Eds.Big mistake here.<br /><br />Kane Hodder is a strange choice to play Gein,but He does pull it off quite well,and deserves more acting credits than he gets these days.Prascilla Barnes and Micahel Barryman also show up.<br /><br />3/10",negative
"SWEET SIXTEEN (1983) **/***** 86 minutes Director Jim Sotos Cast Bo Hopkins, Susan Strasberg, Aleisa Shirley, Patrick Macnee, Dana Kimmell<br /><br />Fifteen year old bad girl Melissa is new in a desert town and it isn't long before folks around her start dying off. The detective has to put together the clues with the help of his Nancy Drew good girl daughter played by Friday the 13th alumni Dana Kimmell. The local Native Americans are prime suspects since they seem to upset the prejudiced townsfolk. These events all lead up to the revealing of the killer at Melissa's sixteenth birthday party.<br /><br />This below average slasher isn't too memorable. It has a made for TV feel, without much score besides the title character's own corny theme song which plays a couple times throughout. Lines like ""the killer will turn us into coleslaw."" Fit into standard eighties slasher screenplays. Marci calls Melissa a bad name then somehow immediately they develop a friendship. Apparently Marci sees how hard it is to fit in because Melissa knows how to wear make-up. This movie would be hard-pressed to be made today with the main character being fifteen and the director inserting multiple gratuitous close-ups of her. The social commentary on Indians wasn't developed enough to be taken seriously. I am too surprised at the fairly high rating this movie gets. Both Sweet Sixteen and Ed Hunt's Bloody Birthday had the potential to capitalize on that time honored tradition of the birthday party to create an intense sequence of carnage but I feel failed to deliver. But on the bright side releasing obscure movies like this on DVD gives hope that others will follow.",negative
"Most movies I can sit through easily, even if I do not particularly like the movie. I am the type of person who recognizes great films even if I do not like the genre. This is the first movie I could not stand to watch. Cat in the Hat is the worst movie I have ever seen--and I've seen a lot of movies. The acting is okay (Myers is good as the cat, it's just that he is REALLY annoying). The silly songs the cat sings were boring and monotonous, even for the children in the audience. The plot drags on and on, and viewers must suffer through poor dialogue. The ""witty"" parental remarks are disgusting, not funny (I remember some awful comment about a garden hoe being compared to, well, a type of person people call a ""ho""). Even though the movie is really short, it seemed to last FOREVER. Do not waste your time. I know small kids who hated this movie. If children can't stand it, I do not know how any adults can. I would like to fume more about this film but I do not even feel like wasting anymore time writing this review about it. I HATED IT! So, in summary, do not spend 90 minutes of your life watching this! See a GOOD movie!<br /><br />1/10 stars--the lowest review I have ever given a movie.",negative
"Although many audio recordings of great musicians like Jascha Heifetz survive, the cinematic or televised record is limited indeed. This is why musical offerings like ""They Shall Have Music"" are such rare gems. While, with modern eyes and ears, one can quibble about the plot, the perceptive viewer should put this film's unique delights in their proper perspective. The plot was designed to appeal to both young and old audiences of the era, but it remains enjoyable to this day. A important aspect of the experience of watching classic films is to see them through the eyes of the moviegoer of that era.<br /><br />I must take issue with reviewer who complains about a film that is in black and white, or who feel obliged to report that their students express such reservations. These are juvenile complaints which reflect a limited historical perspective. For the teacher, this should offer up an educational opportunity to explain the unique qualities of black and white photography and its place in cinematic history. Color can, in fact, get in the way of a good storyline, or the music. For example, the black and white photography of John Ford's ""Stagecoach,"" is, like the still photographs of Ansel Adams, an artistic masterpiece.<br /><br />As for Heifetz being wooden, I could not disagree more. If you want blatant emotional posturing, go to a rock concert. The role of a classical musician like Heifetz is to move the audience, not him or herself. Heifetz's emotion is conveyed through his playing, not through his body language. He had a rare ability to extract every emotional nuance out of the music and transfer it to his listeners. It is the listener who should be moved, not the artist.<br /><br />Incidentally, one reviewer asked about seeing Heifetz on YouTube playing the 1st movement of the Tchaikovsky Violin Concerto, with Frank McHugh in the audience. This is from the 1947 film ""Carnegie Hall,"" not ""They Shall Have Music"" ""Carnegie Hall"" is an even greater treasure of many great classical artists in their prime. We are blessed that there were film producers who, at least in these limited instances, chose to showcase these artists. In was still an era not totally overwhelmed by the lowest common denominator tripe we get today.",positive
"For me personally this film goes down in my top four of all time. No exceptions. James Cameron has proved himself time and time again that he is a master storyteller. Through films such as Aliens, The Abyss and both Terminators it is clear that he was a brilliant and confidant director as far as action and science-fiction goes. He sees a story and adds a strange quality to the film. But Titanic is so much different to his other strokes of brilliance. The film is exceptionally moving and allows room for surprises, plot development and interesting character developments in a story that everyone knows. The story of the famed voyager sinking on her maiden voyage is legend so the challenge was for Cameron to make a truthful, interesting and entertaining film about it. The acting is wonderful as Leonardo DiCaprio who plays Jack and Kate Winslet who plays Rose became superstars overnight with the release of this film and in most films I get annoyed when the supporting characters aren't given a lot to do but in this film it is more purposeful because as an elderly Rose (Gloria Stuart) tells her story it is quickly apparent that it is Rose's and Jack's story alone, no one else. Emotionally it is entirely satisfying and can leave no dry eye in a theater or home. The music has become iconic and legendary. It is composer James Horner's finest soundtrack ever and evokes so much from the film and the audience. The song after so long has become annoying but I still appreciate it for the phenomenon it is and this film is. Only one problem, the usual James Cameron problem, is the dialogue which is memorable but in a bad way as in how cheesy it is at points but all that aside. James Cameron has delivered a masterpiece and a romantic epic that sweeps you away on a journey of a lifetime. My heart won't go on from this one.",positive
"As a South African, living in South Africa again after a 32 year stay in the UK, I am sorry to say that this movie is a huge disappointment. The three main problems I had with the movie was a) why Swank and Ejiofor - an American and a Nigerian - to play the leads. This country is bursting with talent and has no need of imports... b) Gillian Slovo has been trading off her Struggle credentials for years now. She's a very mediocre writer and even her novel doesn't stand up the flaccid direction of Mr Hooper... and c) Hilary Swank again, such a great actor, as proved in Million Dollar Baby (but that's Eastwood too), here dressed in the contemporary New York style whilst roaming freely around the poverty of the Karoo. Where was the consideration and sensitivity needed by the costumer and director? Yes, the film is ultimately moving - how could it not be? - but the overall mood at the conclusion is one of tremendous letdown. Heart's in the right place but needs a pace maker.",negative
"OK, first of all, Steve Irwin, rest in peace. You were loved by many fans. Now...this movie wasn't a movie at all. It was ""The Crocodile Hunter"" TV program with bad acting, bad scripts, and bad directing in between Steve capturing or teaching us about animals. He was entertaining as an animal seeker/specialist. Millions will miss him. But the whole movie idea was a big mistake. The plot was so broken, it was almost non-existent. Casting was horrible. The acting wasn't even worth elementary school-level actors. The direction must be faulted as well. If you can't get a half-way decent performance out of your actors, no matter how bad the script is, you must not be that good in the first place. I could have written a better script. I wish I had never been to see this movie. Of course, I watched it for $3 ($1.50 for me, $1.50 for my son.) while out with friends who insisted upon seeing this instead of Scooby Doo Live Action. My son, who is not so discriminating, liked the movie alright, but he still has never asked to see it again. If you want fond memories of Steve Irwin, buy his series on DVD. Avoid this movie like the plague. If I were Steve, I know I wouldn't want to be remembered for this movie. Respect him: avoid this movie!",negative
"The US appear to run the UK police who all run around armed to the teeth and did you know that CID officers change into uniform when they stop work and go down the pub! This has got to be one of the most unrealistic films with the worst portrayal of ""real"" UK police that has ever been foisted on the unsuspecting public. I can see that Mr Snipes might have needed the money to pay his back tax bill but what the heck a good actor like Charles Dance was doing in it is a mystery.<br /><br />Worse than the worse low budget ""B"" film of the 50's. An hour and a half of suicide and time I will never get back.<br /><br />Avoid it like the veritable plague.",negative
"I'm not really sure how to even begin to describe how bad this movie is. I like bad films, as they are often the most entertaining. I love bad special effects, bad acting, bad music, and inept direction. With the exception of the music (which was better than I had expected), this movie had all of those qualities. <br /><br />The special effects were amazingly bad. The worst I've seen since my Nintendo 64. Some scenes to watch for include the Thunderchild, the woman being crushed by the mechanical foot, the Big Ben scene, the train wreck... Wow, there are so many bad effects! On the plus side, though, SOME scenes of the alien walkers are well done.<br /><br />The acting was about as bad as it could possibly have been, having been based directly on H.G. Wells' book. For having such good source material, it's almost as though the actors were trying to be so over-the-top as to make it funny. And then there's the mustache... the single most distracting piece of facial hair I've seen in a long time. Of course, only half the movie contains acting. The rest is characters walking around aimlessly and poorly rendered effects shots.<br /><br />To say that Timothy Hines is an inept director would be an injustice to inept directors. With the use of different colored filters between shots for no particular reason, the use of poorly rendered backgrounds for even inside scenes, the bad green screening, it's amazing to me how this man ever got approval to direct a movie. I wouldn't imagine it would be possible to turn a brilliant book into this bad a movie. Bravo, Mr. Hines. Bravo. <br /><br />My advice to anyone who plans to see this movie is to do what I did: have some friends who enjoy bad movies over, drink, play poker while watching it, keep drinking, and maybe you'll make it all the way through. It does make for an excellent bad movie, so have fun and laugh yourself silly with this disaster.",negative
"I was a little to old for this show I was 6 when it first came out. First off when I was a young child there were a few children's shows that were on sesame street which I did watch and learned from, but other than that there wasn't much else. My Cousins were all born a few years after me 7 years was the first one more came latter. Barney was a very big part of what they watched. When I first saw this show I told my grandmother how it doesn't teach anything just uses magic to fix everything. I was 9 at the time, how many 9 years old have any idea what is really going on with a TV show. More and more that I saw or heard what the teachings of Barney were the more and more I told people how bad the show was. The funny thing is my parents who had a young child in the mid to late 80's which was me by the way. They agreed and said the same thing as I did. The sad thing about this is my cousins who are older now 13 and such still agree with what they saw. Its not cheating its creative, its not right to think differently than what someone tells you to. Its o.k to steal if the person wont find out or mind that it is gone. Lets be honest with ourselves, Barney is out to make money not teach children anything. The more flashy the program the more inclined children will be to watching it. Children are stupid not because they are not educated they just do not know any better, second Barney put on a show and parents bought it. I never believed that TV could affect people the way Barney does. If you have a young child read to them watch a show that teaches them numbers, do not let them get involved in this show. Barney is like smoking once is to much, smoke a few and your hooked let your kid watch this show they are hooked and one day their kids will watch the same crap and buy the same crap you bought",negative
"I was very lucky to see this film as part of the Melbourne International Film Festival 2005 only a few days ago. I must admit that I am very partial to movies that focus on human relations and especially the ones which concentrate on the tragic side of life. I also love the majority of Scandinavian cinematic offerings, there is often a particular deep quality in the way the story unfolds and the characters are drawn. Character building in this film is extraordinary in its details and its depth. This is despite the fact that we do encounter quite a number of characters all with very particular personal situations and locations within their community. The audience at the end of the screening was very silent and pensive. I am still playing some of those scenes in my mind and I am still amazed at their power and meaningfulness.",positive
"I love Sarah Waters's Fingersmith, and was worried about the TV adaptation as I'd been disappointed by the BBC's version of Tipping the Velvet (which although beautiful to look at was let down by Keeley Hawes not being able to sing, and Rachael Stirling not being able to act). Fingersmith is a very tightly plotted novel with breath taking twists and turns and I wondered if this could be done justice to in just 3 hours.<br /><br />I needn't have worried. The adaptation was excellent, very little cut out, and went along at a cracking pace (although I did wonder whether if you hadn't read the book, would you miss things?). It had the look and feel of a BBC classic costume drama and i kept having to remind myself that this is a contemporary book.<br /><br />The acting was stellar. Sally Hawkins acting her heart out as Sue Trinder, and Elaine Cassidy, a slow burner, who by the end of the story was incandescent as Maud Lilley. The love, the passion, the realisation of the acts of betrayal both would have to perform, were written on their faces. It was a joy to watch.<br /><br />I hope Rachael Stirling was watching: that's how you play a Sarah Waters character!",positive
"''The 40 Year Old Virgin'''made me laugh a lot. I don't care if it is considered to be a very sexual comedy, I just enjoyed many of the jokes and scenes present in this movie. Steve Carell is perfect as the virgin nerd Andy Stitzer and I think the scene where Andy has his chest hair removed by wax one of the coolest, specially because it is real. Many of the actors and actresses present in this movie are well known or already famous,by the way.<br /><br />Andy Stitzer has a peaceful life. He is a little bit strange and collects lots of toys, but seems harmless. One day, while playing poker with his friends of his work, they discover that Andy is in fact...virgin! And he is already 40 years old! After this surprising revelation, all his friends are trying to make Andy sleep with a woman...the problem is the confusions in which Andy gets in,specially now that he is really starting to like Trish, a woman he met when she was buying a DVD player in the store he works at.",positive
"This is an excellent anime movie. It is well animated, has a good intricate plot and very good music. I understand that some may think of it as a little long, but I think that it is a good length and the animation is good traditional anime.<br /><br />THREE CHARACTERS:<br /><br />The way they use Tenkai is masterly. For example the body double showing up at all these locations adds to the ominous tone of the movie. The design of Tenkai is good too, the way he looks as a monk and in the end scene the armour he is wearing.<br /><br />The old man Andou is down to earth and a very likable character. When Jiro meets him it's a turning point in the movie.<br /><br />Sanpei, the Satsuma Shinobi who infiltrated Tenkais clan saves Jiros life twice. He stays in the background most of the movie though, but he is really one of the heroes of the movie.<br /><br />THE PLOT: The plot is good. It is traditional without being unoriginal. The historical time it is acted out in is interesting, The meiji restoration. The treasure is sought after by Tenkai to restore the shogunate while when Jiro finds it he uses it to help the anti-shogunate forces overthrow the shogunate.<br /><br />The way Tenkai tricks Jiro is interesting and has sort of a ""Hamlet"" feel to it. There is also a sweet irony to the fact that if Tenkai had not gotten Jiro to become a shinobi I don't think that he had been able to kill him in the end(Maybe by firearm, but not hand to hand combat weapons).<br /><br />The plot with all the death makes it mostly very dark, but there's some light moments when we see some of Jiros childhood memories. All in all it's a good, dark, intricate plot.<br /><br />THE MUSIC: The opening theme for example is very good with the electric guitar and drums. They occasionally in that piece use what I believe to be taiko drums, but i'm not sure.<br /><br />There is a lot of good music. Like the one played while they are traveling to the Iga shinobi. I believe the piece is called ""Numatou"" and has an incredible flute in it. The flute might be a pan flute, but more probably a shakuhachi.<br /><br />The end theme ""Kamui no komoriuta"" is calm and delicate. The vocals are beautiful and so is the song in general.<br /><br />THE ANIMATION:<br /><br />The animation, while good, is not perfect and the blood that runs down the characters do sometimes appear to be orange. The transitions are interesting and I think some transitions are very nice. One example of a nice transition is when Jiro and the Iga shinobi are running, there is the sunset in the background and the music is playing. The transition is simple, but effective and has a nice feeling too it.<br /><br />MY FINAL WORDS: I think that the plot, the animation, the music and the characters make this into one of the best anime movies I have ever seen.",positive
"This movie could have been an impressing epic, but the makers seem to have done their utmost to make it appear foolish. Even God Himself is not spared in this movie, in that His words are drenched with childish jokes. The result is blasphemous and annoying. Only people who don't care to see a cheap parody on the biblical story may perhaps watch this film without embarrassment. The makers of this tasteless production should see 'Il Vangelo secondo Matteo' (The Gospel according to Mathew), a film of Pier Paolo Pasolini, who shows that it is unnecessary to pervert the words of the Bible to make a good story; the most impressing result is obtained by a sincere rendering of the plain text itself.",negative
"Considering 'A Star is Born' had been made twice already by the time the 1976 film came into production, the latest remake has a freshness about it that can be attributed to the fantastic chemistry between the entire acting ensemble. A viewer could be forgiven for believing that Kris Kristofferson & Barbara Streisand were a couple off screen as well as on, with their incredible displays of pure affection towards one another.<br /><br />The film has been described in the past as a 'Barbara Streisand concert on film, set to a soap opera storyline' however for anyone that enjoys watching a film that takes you beyond the living room into a world where the characters seem truly alive - A Star is Born is well worth the hiring price.<br /><br />With its incredible soundtrack, flawless acting and touching reality in regards to human emotions and the true frailty of life; A Star is Born is a film that draws you into the world of Esther Hoffman & the love of her life John Norman Howard.<br /><br />A film for anyone that sees the beauty in real love - the kind that keeps you devoted to a person even as they break your heart...",positive
"During a sleepless night, I was switching through the channels & found this embarrassment of a movie. What were they thinking?<br /><br />If this is life after ""Remote Control"" for Kari (Wuhrer) Salin, no wonder she's gone nowhere.<br /><br />And why did David Keith take this role? It's pathetic!<br /><br />Anyway, I turned on the movie near the end, so I didn't get much of the plot. But this must've been the best part. This nerdy college kid brings home this dominatrix-ish girl...this scene is straight out of the comic books -- or the cheap porn movies. She calls the mother anal retentive and kisses the father ""Oh, I didn't expect tongue!"" Great lines!<br /><br />After this, I had to see how it ended..<br /><br />Well, of course, this bitch from hell has a helluva past, so the SWAT team is upstairs. And yes...they surround her! And YES YES! The kid blows her brains out!!!! AHAHHAHAHAHA!!<br /><br />This is must-see TV. <br /><br />",negative
"Repugnant Bronson thriller. Unfortunately, it's technically good and I gave it 4/10, but it's so utterly vile that it would be inconceivable to call it ""entertainment"". Far more disturbing than a typical slasher film.",negative
"What could've been a great film about the late poker pro (pre-poker craze) Stu ""The Kid"" Unger turned into a disappointment.<br /><br />You can tell the filmmakers were working on a short-string budget. Everything look filmed on the cheap. Timelines seemed a bit off to me.<br /><br />Casting Michael Imperoli from the Sopranos was also a bad casting choice. He looked too old to play the baby-faced Stu, he looked way too healthy for a coke addict (if you look at footage from the 1997 WSOP main event, the real Stu was so skinny and he practically had no nose from too much cocaine so he wore those sunglasses to hide them), and I kept expecting Adriana to pop up and yell ""Chris-tu-phur!!!"" <br /><br />Also they skipped over the fact that he had a son from Angie's previous relationship that committed suicide in the late '80s.<br /><br />Every time I saw Vincent Van Patten appear, I kept thinking he was going to announce ""Show tunes going off in Stu's head."" like he does on the WPT.<br /><br />If you're looking for real Stuey footage, check ESPN Classic because they rerun the 1997 WSOP Main Event every so often. Or try YouTube. Avoid this move like a bad beat.",negative
"""Caligula"" shares many of the same attributes as the 1970 ""Fellini Satyricon"" with bizarre sights, freakishness, and depictions of sexual excesses all set in the ""glory"" of ancient Rome. But Fellini it ain't... First of all it is not as entertaining. Far too much screen time is devoted to bug-eyed, rubber-faced McDowell in the titular role. His performance is far too fey and campy to be convincing. The portrayals by Jay Robinson in ""The Robe"" (1953) and David Cain-Haughton in ""Emperor Caligula"" (1983) are far more persuasive and believable, with the latter being the most nuanced. Relief could have been judiciously provided by developing the surrounding characters more fully. As it is, they are little more than cyphers. One example is the role of Macro, played by Guido Mannari who has tremendous screen presence in an important role, but is mostly left in the background. The only positive features to credit are the adroit use of some Prokofiev and Stravinsky themes in the music score and the inclusion of some of the distasteful but nevertheless accurate actions of the despot. These two factors are far less than what is needed to relieve the prevailing tedium, however.",negative
"This film is a fun little private eye detective story like they aren't made any more. It's all there: Tom Conway is the suave detective called The Falcon, Goldie Locke (what's in a name) is his wisecracking bumbling sidekick, Louisa Braganza is the damsel in distress, and of course there are the damsels maid, the professor with the secret formula, the bad guy that wants the formula, and the police inspector who's after The Falcon. There is a murder, and The Falcon gets implicated. The scenery is night clubs, expensive hotel rooms, a luxury train, the suburbs, and beautiful cars. Go watch this little gem when you see it pass by on afternoon TV!",positive
"What can you say about this movie? It was not terrible, but it was not good! Two days earlier I had watched Lillies and that was one of the best Gay films I have ever seen. So this was not the best time to watch a mediocre Gay flick.<br /><br />The story was silly and the acting was OK. It was not bad enough to turn off, but it had some bad moments and some terrible stereotyping. It was not very well cast either.<br /><br />Would I recommend this movie? No you would be wasting your time and money. I don't understand why movies like these are made and who is funding them. Spend your time Watching Noah's Arc on Logo instead. I think this is where this movie was trying to go but never got there.",negative
"The quality you're likely to remember after viewing The Big Knife is how claustrophobic it is. It's pacing is sacrificed to a uniform texture of dialog. It's talky in the extreme. Modern viewers will feel every point has been made (and then some) but the movie will still not move on, or do the viewer a favor and change the scenery. It's very inert. At the 45 min mark I was sure I had watched two very slow hours. My beleaguered response was, ""Good God, where is this going?"" It feels like Odets was paid by the word...<br /><br />This is a good place to note the decline of drama from it's high point in the 40s through the conceit-laden projects of the 50s and 60s until actual filmic merit was rediscovered in the 70s, only to vanish again. Here we get show-offy, conventional, emotional outbursts from Steiger, Lupino et al. and camera moves pre-arranged to meet over-practiced blocking. This is due to the rise of the Method; the regrettable trend of sacrificing every other merit of film, to grant actors their most selfish wishes. ""Great acting,"" ho-hum, has killed thought in movies.<br /><br />Jack Palance's forehead & pompadour retract and thrust forward every time he reacts to something. It's disturbing.<br /><br />This is awfully boring stuff.",negative
"Here's a real weirdo for you. It starts out with another take-off on the PSYCHO shower scene, on campus, then gets crazier when several coeds and their doofy boyfriends head south for Spring Break. The trouble starts when they drive into the redneck county ruled by homicidal Sheriff Dean. One of the college cuties wanders into the woods, witnesses a murder by the sheriff and has her head blown open. Then it's lets-rip-off MACON COUNTY LINE-time as Dean stalks, traps and slaughters the witless witnesses one by one. Tony March is on-target as the evil, shotgun-happy Dean. The movie's overall tone is truly disturbing. The ending is so abrupt you almost think the director ran out of film; it's also a study in despair. SHALLOW GRAVE is a must for misanthropes, misogynists and nihilists the world over.",positive
"I have been an avid Jane Austen fan for many years. I had never seen this adaptation, so when I had heard of it, I came here and read all the excellent reviews. On that basis I eagerly ordered it from Netflix. What a cruel disappointment! They have taken one of the most subtle and bright comic novels and made it dull. Each character seems to have been dealt a single facial expression, a single tone upon which to base their flat characters. Although this adaptation seems to have used every word that Jane Austen wrote, they appear to have been passed around to characters in a random fashion. Even though it was done as a miniseries, this adaptation manages to confuse and feel as rushed as if it had been done as a movie of the week.<br /><br />Mr. Bennett too harsh, Mrs. Bennet just a chattering chipmunk, Mr. Darcy as lifeless as a nutcracker, the Bennett girls almost indistinguishable and Mr. Wickham a man who no one would look twice at - hardly the appealing cad! I'm quite put out!",negative
"My parents may enjoy this show, but I fail to find the humor in it. What is so funny about a dentist husband impregnating his hygienist assistant and the oldest daughter getting impregnated by the captain of the high school football team? Absolutely nothing! It's a shock to me sometimes what people think constitutes humor nowadays. Blame that on shows like ""The Dating Game"" and ""The Newlywed Game"" bringing the issue of sex to the forefront in the mid-1960s. Sure, the series has its touching moments, still that's no excuse for the content that otherwise went into this series. This is nothing like the family-oriented days of ""I Love Lucy"" some five decades before. <br /><br />An answer I would have to why this series plays on the Lifetime cable channel is because that channel's brass think women can relate to Reba's character! I absolutely dislike the character of Reba Hart's daughter, Kyra. She is best described as a ditsy and bitter teenager! Funny, I wonder if the actress who played Kyra; Scarlett Pomers, is like that in real life away from acting. Who plays the blockhead ex-husband dentist, Christopher Rich, is not much better. Barbara Jean, played by Melissa Peterman, is ditsy in herself! The characters of Van and Cheyenne are also very annoying.<br /><br />Something else that baffles me is why the dingbat-of-a-series creator, Allison M. Gibson, decided to set the series in where I live 25 miles away from; Houston, Texas! Reba McEntire isn't even from this state, she's an Oklahoman! Why is it during one season or more they decided to make the incidental music sound like a pig snorting? What I mean by that is where we hear this baritone saxophone being played with drums accompanying it, but the melodies are basically tuneless!",negative
"Neatly skipping over everything from the coup in Cuba to his undercover entry into Bolivia, part two of Soderbergh's portrayal of Che Guevara is that of the tragic hero. As with Che  Part One, this rather rambling guerrilla warfare escapade through the colourful mountains of Bolivia is probably destined to disappoint more people than it will satisfy, so why was the film (and particularly Benicio Del Toro's performance) so loudly praised at Cannes?<br /><br />James Rocchi, for instance, called it, a work of art that's, ""not just the story of a revolutionary,"" but, ""a revolution in and of itself."" The Guardian's Peter Bradshaw called it a ""flawed masterpiece."" I return to my original contention for Part One  that the value lies particularly in depiction of a hero figure. And in an age when there is a surfeit of poor hero role-models, could it not be salutary to see a strongly honourable one, even if stripped of some of the less endearing episodes of his life? This is the psychological hero enshrined by the great Scottish essayist, Thomas Carlyle, in his seminal book, Heroes and Hero Worship. Heroes can be real or imaginary (or somewhere in-between). But should genuinely inspire us to higher goals, a higher purpose. Compare this with the unrealistic 'heroes' of standard Western storytelling: where a person undergoes trials and tribulations before obtaining a barely-believable reward  usually everlasting love or material wealth  as if by divine studio intervention. Real heroes have an excess of moral courage  not Lost Ark dare-devilishness or James Bond super-toys. They rise, and empower others to rise, to be the best that they can be. In Part One, Che succeeds. In Part Two, he fails. It is not for want of moral courage but since a) not all good plans can succeed and b) being human, mistakes are inevitable.<br /><br />Guevara's intellectual clarity is flawed when he equates conditions that justify armed struggle with conditions that make that armed struggle able to succeed. It is a serious miscalculation.<br /><br />High in the mountains from La Paz, the colours are breathtaking. There is an air of mise-en-scene authenticity that was occasionally lacking in Che - Part One (The U.S. would not allow Soderbergh to film in Cuba.) Visual treats are heightened by maximising natural light and the extreme flexibility and realism offered with groundbreaking RED cameras. This is a high performance digital cine camera with the quality of 35mm film and the convenience of pure digital. Designed for flexibility and functionality, the package weighs a mere 9 lbs. ""Shooting with RED is like hearing the Beatles for the first time,"" says Soderbergh. ""RED sees the way I see . . . so organic, so beautifully attuned to that most natural of phenomena  light."" If Che had stopped with the successful Cuban revolution it would have enshrouded him with an almost mystical invincibility. That he fails in Bolivia shows not only that he has human limitations but that it is his moral virtues that are remembered, not the political triumph. Critics will say  and with some justification - that his armed struggle inspired much less noble characters to achieve tin-pot dictatorships. His development of guerrilla fighting tactics are not good or bad in themselves (and have since been used for both).<br /><br />But for all its praiseworthiness, the film often seems to lack dramatic and narrative tension. We stumble from one escapade to another, knowing that he will eventually meet his death. I found myself glancing at my watch and thinking it could have been shorter. But the work that has gone into this  interviews with people from all sides and even getting one of Guevara's ex-comrades to coach actors on the minutiae of the Bolivian operations  make the film a commendable achievement. It might not be top-flight entertainment, but it demonstrates integrity in documenting a significant slice of history.<br /><br />There is also another very important point in the Che 'hero' figure here. It's about failure. That if you try your utmost, even if you fail, your effort will not have been in vain because it may give others hope and moral courage. One could cynically call it a 'martyr' complex, and it is found, of course, in many religious figures as well. But Che does not 'sacrifice' himself. He does what he does best, to the best of his not inconsiderate ability, and so provides an example. Success or failure in any particular instance become mere details.<br /><br />With the U.S.'s longstanding and illegal blockade of Cuba (all in the name of 'freedom'), I am tempted to write that Che Parts 1 & 2 are too good to be wasted on the U.S. But that would be to invite a contention that the film has sought so earnestly to avoid. One must hope that many viewers will have the skill to view Che without politics and the bias that inevitably engenders. Whatever its faults, it rehabilitates Soderbergh from the populist nonsense of Oceans 11.<br /><br />But if you haven't heard of Che Guevara or seen Part One, or if you can't get past the phrase 'murderous Marxist' without frothing at the mouth, I might struggle to imagine what you would get from this film. The same can be said for many who have, and can.",positive
"Basil Rathbone and Nigel Bruce as Sherlock Holmes and Dr. Watson respectively, the second of the Universal series, where it's again established by means of a written prologue that the famed detective is legendary and spans time. This helps to comfortably set things up here in the ""present"" era of the early 1940's.<br /><br />In this offering, Holmes goes through a few different disguises (with Rathbone's very prominent features, is it likely that people really wouldn't recognize his true identity?) as he protects a physicist from the hands of the Nazis as well as from Holmes' greatest nemesis Professor Moriarty (now played by Lionel Atwill). The scientist has developed a bomb sight which will greatly aid in aerial bombardment, and he's promised his plans to the British. But Moriarty wants to get hold of it so he can sell them to the Nazis.<br /><br />A good entry boosted a bit by the participation of the properly villainous Atwill now cast as Moriarty (though George Zucco was no slouch himself in THE ADVENTURES OF SHERLOCK HOLMES). It's always intriguing watching Holmes and his greatest enemy engaging in witty banter together (""the needle to the last, eh, Holmes?"").",positive
"I first saw this in the theater in 1969 when I was 9 and immediately fell in love with it. I'm sad that Sony has not seen fit to release this on DVD (""but one day, one day...""). I recently obtained a VHS copy of this on eBay and sat down to watch it 39 years later. I'm happy to report it still stands the test of time. The acting is spot-on, John Williams' orchestrations are lush and Leslie Bricusse's songs memorable (""When I Am Older,"" ""You and I,"" ""Fill the World With Love,"" ""London Is London"" are just a few of the standouts. And not enough can be said about Peter O' Toole, Petula Clarke, Michael Redgrave and Michael Bryant's acting. Terence Rattigan deserves an A+ for his update of the James Hilton story. There really is nothing not to like about this film. It's a good cheer-me-up selection. Glad they have released the original soundtrack as a three-CD set with lots of extras. Wish Sony would hurry up and do the same with the film.",positive
"This is superb - the acting wonderful, sets, clothes, music - but most of all the story itself.<br /><br />I am amazed there aren't more reviews of this movie - certainly one of the best of the 1980s.<br /><br />It's also a wonderful movie to see in tandem with the great ""Random Harvest"" which has much the same opening crisis <br /><br />-- a middle aged, unknown English W.W.I officer is in a hospital toward the close of the war, suffering from shell shock and complete amnesia without any idea of his name, origin, or anywhere he belongs - he proves to be a very wealthy established man - when he ""recovers"", he will not remember the years before the war -- <br /><br />But there the movies' resemblances end.<br /><br />My warmest thanks to all who participated in the movie - particularly the actors Ian Holm, Alan Bates, Ann Margret (what a great and surprising casting choice), Glenda Jackson, Julie Christie.<br /><br />This one stays with you forever.",positive
"THE FALCON AND THE SNOWMAN is a superb example of an anti-80s film. While many other films of the decade in general lacked substance, this film is pure substance. There's nothing stylish or fake or superfluous about it. It boasts two superb performances: Timothy Hutton and Sean Penn as lifelong friends Christopher Boyce and Daulton Lee, respectively. Hutton, Penn, and Tom Cruise were a triumvirate of early 80s actors who all looked headed to much bigger and better things (all 3 starred in TAPS). While Penn and Cruise's popularity soared, Hutton has been largely forgotten about, and that's a shame. Actually, Hutton is the first of the 3 to win an Oscar for supporting role in ORDINARY PEOPLE in 1980, but I think his performance in this movie is even more outstanding.<br /><br />Hutton really captures the post-Vietnam war rebelliousness in his character Chris Boyce. A failed seminary school student, Chris has a love-hate relationship with his father, well played by the great character actor Pat Hingle. The scene where Chris quotes the poem his father thought he'd long forgotten is a particularly powerful one.<br /><br />Chris gets job at Dept. of Defense and uses his hatred of U.S. gov't and its foreign policy to sell seemingly useless plans of old projects to the Soviets. He gets his buddy Daulton, a hyper drug-dealing self-server, in on it to be the courier of the project plans on microfilm. While Chris is doing it based on his beliefs, Daulton is doing it strictly for the money. The Soviet liaison is excellently played by David Suchet. Penn and Suchet have a real quirky chemistry and it's a kind of funny set of exchanges between them. But, make no mistake, this film is anything but that. It is a serious character study about pessimism, malaise, paranoia and mistrust.<br /><br />Again, the leads make this film. Hutton delivers a brilliantly understated performance as Chris, a rather smart young man who had so much potential. Penn, as usual, does a tremendous characterization as Daulton, a pathetic loser who acts before he thinks, and most of the time doesn't think at all. The ending of this fact-based film is very saddening on several levels. A truly powerful character study.",positive
"As winter approaches, our state-owned broadcaster, the ABC, has decided for some reason to have a partial Jane Austen Festival on Sunday nights. This commenced with a twelve-year old movie length version of ""Emma"" last Sunday; more recent versions of three other novels, ""Persuasion"", ""Northanger Abbey"" and ""Mansfield Park"" are to come.<br /><br />The curious thing about this production by A&E Television Networks, with script by the ever-reliable Andrew Davies, is that it appeared almost simultaneously with two much bigger budget movie versions, one starring Gwyneth Paltrow, and ""Clueless"", a ""modernized"" version, starring Alicia Silverstone, which transported the plot to Beverly Hills. Perhaps as a result, even with Kate Beckinsale in the lead, this production sank without trace.<br /><br />As a general rule, much is lost when novels are shrunk to fit feature movie length. The adaptations one tends to both enjoy and remember are those which have adequate room to develop both story and characters. An outstanding example is ""Brideshead Revisited"" which had 13 50-minute episodes back in 1982. You only have to compare the very ordinary movie-length version of ""Pride and Prejudice"" in 2005 with the brilliant 1995 six-part TV mini-series. It's not that a novel should be filmed page by page, and some novels (often not very good ones) adapt wonderfully to film (""Atonement"" is a recent example), but novels of the Jane Austen sort need some time and space to exert their full charm.<br /><br />Given the shortcomings of this type of adaptation, this production is OK. Kate Beckinsale gives Emma the right mix of self-assuredness and vulnerability and Mark Strong is a forthright Mr Knightly (he reminded me that Jane tended to recycle characters  Knightly is a more articulate version of the moody Mr Darcy of P&P). Samantha Morton was a rather limp Harriet but Prunella Scales got the blabbermouth Miss Bates perfectly  Sybil Fawlty on speed. Bernard Hepton as Emma's feeble father was also excellent. We saw the damp countryside, the mud and the poverty as well as the posh interiors, in case anyone thought this was a particularly idyllic age for everybody.<br /><br />Even though this was a condensed adaptation it was oddly slow in places  some of the conversations were rather stilted, even allowing for the formalities of the times. I'd have to look at the film again to be sure, but it might be due to the under-use of reaction shots.<br /><br />If you do like filmed period stuff this is a perfectly nice example, and compares well with the Paltrow version. Anyway, there is more to come!",positive
"This movie was fun, if all over the board.<br /><br />It essentially follows the comedic romp of two grave-robbers in 19th century England, who move from conventional body snatching to trafficking in vampires, zombies and dead Roswell aliens. (I have no idea what the Roswell alien was doing in there, and neither did the producers, I think.) <br /><br />But was it funny? You bet. Even Ron Perlman, who is often the kiss of Direct to DVD Death was pretty good in this one as a priest who turns out to be the ringleader of a rival gang of body-snatchers.<br /><br />A real joy to watch this hilarious little film, and a good example of what you can do when you don't have larger than life egos on either side of the camera.",positive
"I know it's not original, but what the hey? What else can be said about it? I feel unutterably silly just paying any attention at all to ""From Hell It Came"". The movie makes the important political and social issue of fallout from atmospheric atomic tests seem a matter for joking and dismissal, not the concern and alarm being raised by scientists all over the world at the time.",negative
"the film itself is absolutely brilliant, its that buzz, that rush that makes you just want to go out, blow your wages and loose yourself. It's what the weekend is all about, its our sanitation where we can come together as one and be ourselves without a care in the world. The film is layered in depth and the dialogue in places is just spot on, especially with Jip. The characters themselves are instantly likable, one in particular is obviously dyers character and his views on what ""Star Wars"" is really about, genius.<br /><br />If ever you've got an hour to kill before going out, stick on this, you'll immediately feel yourself growing in confidence, definitely recommend it.",positive
"0*'s Christian Slater, Tara Reid, Stephen Dorff, Frank C. Turner, Mathew Walker, Will Sanderson. Directed by Uwe Boll.<br /><br />Based on the video game director Uwe Boll attempts to recreate the game into an action-packed nail biter sadly he doesn't succeed. Instead he makes one of the worst movies ever MADE! Even though he gets minor celebrity such as Christian Slater, Tara Reid and Stephen Dorff his movie lacks the necessary fundamentals that a movie needs to be good such as a story line, and some basic relativity of what's going on in the dark and the light. The movie bounces all around and Uwe Boll has no creative control. And not to mention the bad CGI used on making the monsters. Even though they did look cool and the feedings were well, a little lame. Honestly this is one of the worst movies ever made. My final rating 0/10.",negative
"I saw this back in '94 when it was finally released. Apparently because Orion pictures was in bankruptcy, I think, the movie had not been released a couple of years earlier.<br /><br />I have problem remembering details partly because I haven't seen it in a long time, but I do remember it as a very dull movie. I kept debating whether to walk out of it. The store was not at all interesting or engaging. Was a 3rd rate America Graffiti imitation. <br /><br />None of the performances make it worth watching either. One of the biggest disappointments since a local newspaper reviewer gave it a high rating.",negative
"Wonderful family film that should be a staple at Christmas time. It's a mystery to me why it isn't. A true lost film that I first encountered, flickering away on my old 19"" black and white RCA, when the Million Dollar Movie was still in vogue on Channel 9 in New York City. This Rudolph Mate directed fantasy should be nestled under everyone's Christmas tree. But it has never been released on home video. Too bad. I believe I saw part of it on AMC a few years ago, before they cut many of their older films from the rotation. TCM should take up the slack and play it at Easter or on Christmas Eve. Any movie with Santa, Aunt Bee, the Hostess Cupcake Lady, and an actor with the first name King, can't be bad. Ann Blyth as ""Sally"" is a bundle of energy. During her school years, she rushes over to the chapel to pray for St. Ann to help and give guidance to her mixed-up and financially strapped family. It works. So, after she graduates, she places a statue of St. Ann in her own bedroom. At one point the entire O'Moyne residence is moved to another address. I think this was done to put an end to a neighbor dispute between the O'Moynes and the dastardly fellow next door. Blyth is cute as a button. Edmund Gwen can play the reclusive grandfather in his sleep. All-in-all, this is a satisfying movie experience.",positive
"I enjoyed every moment of this beautiful film and was intrigued about this female painter I had never heard of before. So I set out exploring her life and work afterwards. As could be expected, I found out that the film was not exactly historically accurate. I was a little astounded however by the very negative comments on the film because of this inaccuracy. Come on, guys, a film isn't and shouldn't be a biography (nor a novel!). Any historical film distorts reality, because it should be a work of art in its own right. A film director is fully entitled to use elements from reality and history to create a world of his own. Artemisia is a wonderful film and I think it brought many people (including some that now give negative comments) to explore the life and work of this fascinating artist.",positive
"Miscast, badly directed and atrociously written, this is watchable if you have an hour or two to kill or are suffering from insomnia, but only just. Robert Carlyle fully realises his potential as an actor of supreme mediocrity with only one expression to his repertoire (that of a chronically constipated football hooligan nursing a crippling inferiority complex), which he manages at times to alter slightly by flaring his nostrils and baring a row of skewed yellow teeth (this to indicate anger, tenderness, grief, surprise, horror, hilarity, compassion, etc.) In his role as ""the best marine engineer in the UK"" and son of a university professor he is about as convincing as my neighbour's cat. Tom Courtenay, equally miscast, slurring and mistiming every line, appears permanently soused to the eyeballs, and would seem no more able to tell a flood from a puddle of his own urine if he were standing in it. All in all, another silly attempt on the part of the British to imitate Hollywood pulp at its most rubbishy. The dialogue is a series of badly-delivered clichés; the action is disjointed; the plot is pointless and amputated; and the characters, if you can call them that, do not even make it into the basic two-dimensional sphere of their American counterparts.",negative
"I've been looking forward to the release of this movie since I first heard the concept two years ago, and I was not disappointed. I won't bother summarizing the story since everyone else has, but I will say that it was just plain entertaining throughout. The performances were great, as was the music, and the main characters were likeable.<br /><br />My only complaints are: (1) the story was definitely lacking; the movie wrapped up very abruptly- in fact the writing became pretty lax in the second half, as though the writers weren't sure what to do with the plot. Since the plot wasn't nearly as important as the music and the action, this didn't really affect the entertainment value of the film, so this is not as major a complaint as it would seem.<br /><br />(2) This is really nitpicky, but the music that the characters in the movie were listening to was sometimes dated after 1985, when the movie was set. INXS' Devil Inside was from 1987 and AC/DC's Are You Ready was from 1990, among other mistakes. This bothers me a bit, since they obviously went to lengths to make a good period piece, they could have checked the copyright date on these songs to make sure they were 1985 or earlier. Again, not a big deal.<br /><br />Oh, I thought of something else that was strange. The Steel Dragon band members were supposed to be English, but for some reason Dokken bassist Jeff Pilson and Ozzy guitarist Zakk Wylde played band members, and they each had a couple of speaking lines in AMERICAN accents. That was kind of lazy also, but it was still cool to see actual musicians playing musicians, so I will forgive that as well.<br /><br />I could probably nitpick all day, but I don't want to give the impression that this wasn't a super entertaining movie. I will probably buy the DVD when it comes out, and I will certainly buy the soundtrack CD simply for the six Steel Dragon songs (some of which were sung by the singer from the band Steelheart, if you remember them!). The highlight of the film was possibly a great outtake where Mark Wahlberg is lipsynching to a rock song on stage and suddenly someone plays ""Good Vibrations"" by Marky Mark and the Funky Bunch. The surprised look of Mark's face is priceless. Classic rock and roll flick! Score: 8/10 due to extreme entertainment",positive
"The film begins with a little girl (Rita) seeing her father killed. He apparently was a criminal who squealed on his fellow crooks. Later, and this part makes little sense, the girl has grown to adulthood and STILL her father's past haunts her! A bit later, Rita meets a good-for-nothing and dates him. During one of their dates, he's a bit intoxicated AND driving like a total fool. The cops give chase and he speeds away--killing a pedestrian in the meantime. Here comes the Really stupid part. He convinces her to confess to the crime, as he assures her his lawyers can get her off scot-free. Why, oh why, would she agree to this?! Yet she does and spends the next couple years in prison!! And, soon after her conviction, this boyfriend disappears--showing that he's a total heel. What a chump!!! Later, after her release, her friend (Jack La Rue) informs her about the truth about the boyfriend. Then, he explains, the boyfriend's family is loaded and she should shake them down for lots of cash for all the trouble he put her to by taking the rap. Frankly, this does make sense--as they certainly owe it to her--especially since they knew she'd go to prison and had every intention of using her and then casting her aside.<br /><br />Now the idea of bleeding money from the rich chumps is a good plot idea. However, there is no way this would have occurred in the first place because it's hard to believe anyone could be so stupid as to take the rap for a hit-and-run! In an interesting twist, the dumb lady decides on a life of crime--donning a wig and picking up a rich guy--taking him into the desert and robbing him at gunpoint! Wow...how she's changed! Apparently she loves the idea of stealing from ""phonies""--i.e., rich hypocrites. However, and this made no sense, she soon stopped doing this and began shaking down the father of the old boyfriend--why she bothered to do some petty robberies in the meantime made little sense. And, what also was a bit hard to believe was that instead of wanting money from the old jerk, she was interested in getting him to put his influence behind a mob-controlled man for mayor. Odd...very, very odd.<br /><br />In the meantime, another plot develops involving a young Alan Ladd. He's an undercover agent who has infiltrated the mob. He was chosen because he just happens to be a dead ringer for a real crook--what a cliché! But what makes no sense is that this real crook isn't in jail and is out committing crimes while the fake one is infiltrating the mob in another town.<br /><br />Eventually, evidence that Ladd is able to uncover is enough to issue warrants to the mob kingpins--including Rita. This is a case of very bad timing, as in the interim, she's made a decision to become a decent and legitimate woman, as she's met a really nice guy who she wants to marry! Wow,...what are the odds?! Overall, this is a goofy and rather dumb movie that suffers from ""kitchen sink syndrome""--in other words, there is way too many plot elements and weird twists to make the movie the least bit believable. Plus, since the movie is only a little over an hour long, it all seems very forced and contrived. It's a relatively bad B-movie from crap-studio PRC of note only for the performance of Alan Ladd just before he gained great fame the following year at Paramount.<br /><br />By the way, this DVD was released by Alpha Video---a company which sometimes releases some wonderfully obscure titles (mostly public domain) but which NEVER cleans up the prints or adds closed captions. In other words, the DVD production values are strictly 3rd-rate...at best.",negative
"Well...now that I know where Rob Zombie stole the title for his ""House of 1,000 Corpses"" crapfest, I can now rest in peace. Nothing about the somnambulant performances or trite script would raise the dead in ""The House of Seven Corpses,"" but a groovie ghoulie comes up from his plot (ha!) anyway, to kill the bloody amateurs making a low-rent horror flick in his former abode! In Hell House (sorry, I don't remember the actual name of the residence), a bunch of mysterious, unexplained deaths took place long ago; some, like arthritic Lurch stand-in John Carradine (whose small role provides the film's only worthwhile moments), attribute it to the supernatural; bellowing film director John Ireland dismisses it as superstitious hokum. The result comes across like ""Satan's School for Girls"" (catchy title; made-for-TV production values; intriguing plot) crossed with ""Children Shouldn't Play With Dead Things"" (low-rent movie about low-rent movie makers who wake the dead); trouble is, it's nowhere near as entertaining or fun. ""The House of Seven Corpses"" is dead at frame one, and spends the rest of its 89 minutes going through rigor mortis, dragging us along for every aching second...",negative
"Despite Louis B. Mayer reportedly not being interested in signing the young Greta Garbo to a contract, this first American and MGM film for the actress looked quite beautiful. It's obvious that the film was assigned some amazing talent to film the production and make matte paintings, as it has all the nice polish and artfulness you'd expect from the best pictures the studio could produce. It simply looks beautiful--even 84 years later.<br /><br />As for Garbo herself, like her other very early American films she, too, looks different. While she's quite recognizable, her makeup is much softer than it would become just a year later--giving her a less severe look and a gentleness about her you just didn't see in subsequent films. I kind of wish they'd kept this look, but considering how famous she'd become with the trademark look, who am I to say they shouldn't have gone that route?! The film is about Garbo and how she and her family are unfairly forced off their land by the landlord. While the landlady, the much esteemed Doña Bernarda, claims it's because the bank has demanded payment, it's because her son has fallen for Garbo--and what better way to get rid of her than to force them out on the streets! Nice lady, huh?! Years pass and by now Garbo has become a new singing sensation who is world-famous. When she returns to her hometown years later, her old boyfriend (who HAD promised to marry her but wimped out when his mother, Doña Bernarda, refused to allow it) sees her. His new love for another lady is now tested--will he be content to marry this lady who is the heir to a huge pig fortune or will he want his old flame? And, more importantly, will Garbo even take him back after he behaved so spinelessly? In the meantime, a huge rainstorm hits. The land begins to flood and homes soon are being washed away by the deluge. Cortez and a friend make a mad dash as the dam breaks! In a scene where they obviously superimposed his row boat over the cascading stream, he eventually makes it out alive and to the home where Garbo is now staying. She welcomes them inside and they stay with her until the storm passes. Then, he admits that he still loves her and had braved the storm to make sure that she was safe. She tells him to get lost! Next, you see Ricardo about to get married to his second choice, the daughter of the Pork King. He obviously has little enthusiasm for this--and you feel sorry for the lady, as she did nothing wrong. Soon, Cortez is seen wandering back to Garbo's home--he's love-sick and needs her. In this scene, Garbo is quite luminous and can't tell him to leave--as they dissolve in each other's arms. Once again, he tells her of his love for her.<br /><br />When Doña Bernarda learns of this, she is not pleased. Evidently, a Pork Queen is a better catch than an internationally known singer. Because of the meddling of this nasty old lady, Garbo leaves--unwilling to come between the mother and her wimpy son. But, Cortez comes running--announcing he MUST have her and won't rest until he has her as his wife. Moments after making this proclamation, a family friend talks to Cortez and convinces him to give her up for the good of his career and reputation. So much for ""won't rest until he has her for his wife"", huh?! Despite Cortez being a wimp through and through, for some reason she cannot bring herself to hate him. And so, he marries the Pork Queen and lives a very dull life. When years later Garbo meets Cortez again, he is a dull looking middle-aged man--while she is as beautiful as ever. And, not surprisingly, she tells him, once again, to get lost.<br /><br />At the time this film was made, Garbo was not a star in the US and Cortez was. So, in light of this, it's surprising they gave Cortez such an unlikable character to play. Instead of the usual confident Valentino-like role they'd been giving him, here he is an indecisive wimp--a HUGE wimp. And, from here on, his career was on a slow downward spiral. As for Garbo, the role helped establish her as a big star--as she was THE focus of the film and played a character much like her later personas.<br /><br />As for the film, the new music composed for it was very nice, though a tad repetitive. The print, oddly, was nearly perfect throughout except for the intertitle cards--which could use some restoration.<br /><br />A most enjoyable film--expertly constructed, wistful and worth seeing. And, for one of the few times I can think of it, I have no real complaints in this excellent film.",positive
"Not all movies should have that predictable ending that we are all so use to, and it's great to see movies with really unusual twists. However with that said, I was really disappointed in l'apartment's ending. In my opinion the ending didn't really fit in with the rest of the movie and it basically destroyed the story that was being told.<br /><br />You spend the whole movie discovering everyone and their feelings but the events in the final 2 minutes of the movie would have impacted majorly on everyones character but the movie ends and leaves it all too wide open.<br /><br />Overall though this movie was very well made, and unlike similar movies such as Serendipity all the scenes were believable and didn't go over the top.",positive
"Greetings again from the darkness. Director Alejandro Amenabar creates life against all odds in this based on a true story version of one man's struggle to control his destiny. The great Javier Bardem is fascinating to watch in his role as Ramon. His eyes and head movements leave little doubt what is going on in his mind. The dream and fantasy sequences are not overused so prove very effective in explaining why he wants what he wants. Rather than force us to answer the euthanasia question, the real question posed is , What is Love? At every turn we see people in love, looking for love or dying to be loved. The script is tight and keeps the film moving despite being filmed mostly in one room. The supporting cast is wonderful and we truly feel their pain and how each family member deals with Ramon's decision. This is a gem and deserves to be seen.",positive
"Wow! An amazing, lost piece of Australiana AND a lost 70s glam-rock film rolled into one. This film warrants viewing simply to see what can be done with next to no budget but a lot of enthusiasm. As a retelling of the Oz story, the film borders on becoming too obvious but it is saved by it's eccentricities. The chance for a glimpse at how glam rock manifested in Australia will delight fans of the genre. This film used to be double featured with the Rocky Horror Picture Show, an indicator of the type of film that Oz is. While not as frivolous or well constructed as RHPS it's hard not to have fun with Oz.<br /><br />Surprisingly, Oz has aged well- perhaps a by-product of how determinedly set in the real Australia of 1976 it is. The passage of history shows that many of the ideas being explored would eventually enter the mainstream. The willingness of the film to give prominence to gay characters is notable, especially as it dates to the 'revolution' period for the Australian gay rights push.<br /><br />The performances range from flinchingly amateur to finely nuanced brilliance. The direction is lacking in subtlety and much of the dialogue may have benefited from an extra draft or two. Somehow, these flaws add to the appeal of the film which is mercifully unpretentious. Much like Australia in the 1970s this film has a certain naive charm.<br /><br />There are several connections to the original Australian stagings of the Rocky Horror Show which will keep obsessives on their toes.<br /><br />Oz is most certainly a minor classic and a potential cult favourite worthy of review. Laugh at the atrocious 70s fashion, swing along with the AusRock soundtrack, leave ANY expectations at the door and Oz is likely to delight.",positive
"This film is worthwhile despite what you may hear. The performance of Marie Dressler (I hope I am spelling it right) as a drunken old sot is reason enough to see this film. It is an amazing performance. She is in a drunken stupor in three scenes for a good long while and she never does the same thing twice. You can actually smell the alcohol when she is done. Amazing. And Greta of course speaks her first lines on film and shes great. The Eugene O'Neill story is solid and like most O'Neill stories, very deep and intense. This is not light entertainment but if you appreciate those great character actors from the 30's and 40's you will like it. Some of the film is technically fuzzy but all in all worthwhile.",positive
"I don't see why all the people are giving this film negative reviews?!?! I loved this movie! Bled is a form of abstract art, and if you don't appreciate art, I can see why you would not like this film. It was a great twist from the average, played out vampire movie. If you are looking for a fresh, new and ingenious new vampire movie, then this is for you. But if you want one of those turn into bats, wolves and melt in the sunlight movies, then go watch your old played out Dracula flicks. Sure, it is a bit on the low budget side, but they did a great job with the budget they had. I'm very happy that I found this movie, because I was about to give up on the vampire genre fro good. I thought this film was brilliant! I give 2 thumbs up to the writer, director and everyone involved in the film.",positive
"This BBC series is excellent. I am no Paleontologist, but this series gives the best historical representation of dinosaurs I have ever seen. The 3D animation and animatronics are very good and make you believe you have travelled back in time. The BBC deserves a pat on the back for such a fine series as well as Tim Haines who must have spent a great deal of time getting this series to air.",positive
"The following ""review"" is one from the wrong side of the tracks, meaning two things: You will hear nothing but praises coming from me and don't be fooled by my rating. I also could tell you that this review contains no spoilers, but technically... that's a lie.<br /><br />Well,... Screw the review. I'm just going to ramble a bit. It has been a while since I had so much fun with such a bad film. And if you cannot enjoy this piece of utter drivel, then you simply have no sense of humor. First off, this movie was meant to be taken seriously, and that's the main aspect were the fun is coming from. The story? A doctor's son is terminally ill. Daddy-Doctor decides that a hart-transplant must be the only way of saving his son. So, in true mad-doctor-style, he decides that the heart of a gorilla will do the trick. Of course, the gorilla-heart is ""much too potent for a human"", so sonny-boy transforms into this hideous Ape-Man that immediately breaks free and goes on a killing and raping spree (because that's simply what any horny beast would do, isn't it?). The make-up of our Ape-Man is hilarious. There's simply no other way of putting it: The guys' face looks like a turd! I'm talking human excrement here, the solid brown kind! Beautiful! The gore in this flick is wonderful too: Aside from real footage of an open-heart surgery, we also have incredibly fake (but quite nasty) looking blood & gore effects: a decapitation, an eye-gouging, a throat-ripping, the scalping of someone's skull,... It's hilarious, and indeed it's quite incomprehensible why NIGHT OF THE BLOODY APES ever made it to the notorious UK Video-Nasties list, because all of the nasty things portrayed in this film are simply too ridiculous to be taken seriously. Oh, and there's only one bloody ape running around in it too, by the way. So, needless to say that LA HORRIPILANTE BESTIA HUMANA is a much more accurate title for this terrifying and convincing tale of science gone horribly wrong.<br /><br />When not trying to shock with poorly staged acts of bloody violence or random portrayals of female nudity, this movie manages to be highly entertaining with ingredients like nonsensical dialogues, cheap cardboard sets, plot stupidity and incredibly bad acting. Just a few random examples, maybe? About the sets: One can clearly see that the set-designers just used the same walls, doors, windows (etc.) over and over again to be build various different interior sets (e.g.: One side of the hospital room - the window side - where the unconscious wrestling girl lies, looks suspiciously similar like the window side of the basement-laboratory from where Ape-Man escapes; The set-designers also took one of the side-windows from the laboratory, made it a bit larger and just placed it in the conference-room of the hospital; All the walls in any building are the same grey-ones;...). Then there's the setting of the park. Clearly shot in a studio, you can see (on several occasions) that the grass is loose. Whenever there's some struggling/fighting/raping going on, the grass just shifts and shuffles and you can see the grey concrete from the studio-floor beneath it.<br /><br />Just a few random lines that come out the actors' mouths: <br /><br />-- In the conference-room where all the doctors are debating the disappearance of Unconscious Wrestling Girl (a disappearance that would of course mean bad publicity for the hospital), Daddy-Doctor intelligently utters ""We find ourselves in a situation that is difficult"".<br /><br />-- During that same debate a colleague-doctor cleverly remarks ""A sleepwalker! Any sleepwalker gets up."", hereby providing a solid excuse for the disappearance of Unconscious Wrestling Girl.<br /><br />-- After our investigating detective, through the amazing process of his own logical deduction, concludes and tells his superior that the murderer must be a half man/half beast, his superior answers that it's absurd, adding the line ""It's more probable that of late, more and more, you're watching on your television many of those pictures of terror""... Truly one of the best lines of the movie.<br /><br />Other sources of laughter: <br /><br />-- The two scenes were Daddy-Doctor and his Igor-like assistant kidnap the gorilla from the zoo and Unconscious Wrestling Girl from the hospital - these well thought-out acts of abduction are like taking candy from a baby.<br /><br />-- Daddy-Doctor speaks to God a lot, doesn't he?<br /><br />-- Sonny-boy calling Daddy-Doctor ""Papa"" on more than one occasion.<br /><br />-- An old lady screaming ""Aaargh!!! A dead man! A dead Man! A Dead Man!! A DEAD MAN!!!"".<br /><br />-- The plot periodically stops to wallow in scenes of women wrestling, only to go on again and do nothing with that concept. Sure, Daddy-Doctor replaces Sonny-Boy's gorilla-heart a second time with that of Unconscious Wrestling Girl, but do you think something spectacular happens after that? Like Ape-Turd-Man growing breasts or something, trying to rape men this time? Our leading living wrestling beauty (Norma Lazareno) doesn't even go into a climactic wrestling contest with Ape-Turd-Man near the movie's finale... But Ape-Turd-Man does start to show some motherly love near the end... almost (and I say ""almost"") in true KING KONG-style (i.e. the top of a building and people on the ground pointing and screaming).<br /><br />Okay, I think that's enough now. I chipped in more than my two cents here. Vomitron's Rational Rating for this sleazy piece of hilarious dreck: 2/10. Vomitron's rating From the Wrong Side of the Tracks: 8/10. Go see this film, people. It is well worth it!",negative
"It is so nice to see Bruce Willis come down off his action throne and let us see that he really is a talented actor. He shines in this film as the near-40-year-old image consultant who has totally lost touch with his inner child--until he meets him face to face. This is one of those rare films that doesn't talk down to its audience and truly offers something for the WHOLE family. It is about caring for each other, keeping some of the child inside you, and realizing that you don't grow up exactly the way you thought you would. Willis seems to be building an impressive track record for working with kids (just witness ""The Sixth Sense"" with Haley Joel Osment), and he has great chemistry with Spencer Breslin here. There is some nice photography and music, and the ending is wonderful and uplifting. A great film to see with EVERY member of your family.",positive
"I remember that the trailer for Legend of Zu was quite impressive and being a fan of A Man Called Hero (my all time favourite), Storm Riders I decided that I must watch this one too. I know that there is way to much critcism on Ekin Cheng's acting ability everywhere but he is my favourite Hong Kong moviestar so far (way better than Nicolas Tse nevertheless)and he is one of the factors that I enjoyed this movie. Without a doubt this film is a work of art from the beginning to the end. I even thought that only the actors were real and everything else was computer generated by the end of this film. They must have put a lot of work into this one and they deserve good credit for that. The storyline of the movie was a fairytale between good and evil with a love story thrown in (I guess Ekin Cheng pulls the girls easily).The story is not very intellectual and deep but that is not what you expect when watcing an action movie. I wished there were more martial arts action with fists and fist instead of battles with magical abilities, but well that's life and it never goes the way you want it to. And why did they sound like supersonic planes in the battle through the sky in the end ? That's way too funny. Legend of Zu cannot be A Man Called Hero in my eyes but it flows like a videogame and that is not a bad thing at all. If a company decides to publish games on this movie I will not get suprised as it carries all the videogames elements. Good work. Please make more fantasy movies like this",positive
"There are so many goofy things about this movie that I can't possibly name but a few:<br /><br />BOGART's character: 1. His name  Whip McCord (too easy, so I'll leave it at that. Boy, it makes `Humphrey' sound good.) 2. His long, curly hair and silly sideburns. 3. His Black Bart get-up, complete with spurs! 4. Not sure what shade of lipgloss they've got him wearing, but it ain't none too flattering.<br /><br />CAGNEY's character (Jim Kincaid ): 1. His lipstick doesn't do him any favors, either. 2. The man is being swallowed by his hat during the entire film! Could they not find a hat to fit him? Even a LITTLE?!!?! 3. His pants are too tight in the rear. 4. He blows the smoke off his gun one too many times, if you know what I mean, and I think you do.<br /><br />If you are a casual Bogart or Cagney fan, and figure it might be a change of pace to see them in a western, do yourself a favor and forget that thought. EVEN THE HORSES LOOK EMBARRASSED! (That is, when they don't look bored.)<br /><br />In all fairness, I admit that westerns are my least favorite film genre, but I've still seen much, MUCH better than this.<br /><br />On a comedy level, or as high camp, The Oklahoma Kid works. Otherwise, it's viewer beware. Therefore, see this only if a) you must see every western out there b) you are a TRUE Cagney or Bogie completist c) any of the above comments appeal to you. Woah..",negative
"I'm not sure what the point of making this film was. It looked as if it was made by some historical society to be shown in your local 'Pistol Pete' museum. At first it appears that it could be the beginning of a Mad TV or SNL sketch. But then the joke is on you when there is no punchline and you realize that someone was taking this seriously. The story wasn't bad but the inclusion of the SASS members seemed to be a ploy (that worked) to get me to see the film. I swear, the trailer listed every character in the film down to ""dead cowboy #5"". The reason Westerns are so fun is the atmosphere and the characters it brings. I just had the feeling I was watching Civil War rean-actors dressed up as cowboys. Not even worth the digital video it was recorded on.",negative
"This film was the first British teen movie to actually address the reality of the violent rock and roll society, rather than being a lucid parody of 1950s teenage life. In an attempt to celebrate the work of Liverpool's Junior Liaison Officers the opening title points out that 92% of potential delinquents, who have been dealt with under this scheme, have not committed a second crime. However, this becomes merely a pretext to the following teen-drama until the film's epilogue where we are instructed that we shouldn't feel responsible or sorry for such delinquents however mixed-up they might seem.<br /><br />Stanley Baker plays a tough detective who reluctantly takes on the post of Juvenile Liaison Officer. This hard-boiled character is a role typical of Baker. Having been currently on the trail of a notorious arsonist known as the firefly and does not relish the distraction of the transfer. However, as in all good police dramas he is led back full circle by a remarkable turn of events, back to his original investigation.<br /><br />His first case leads him to the home of two young children, Mary and Patrick Murphy (played by real-life brother and sister duo), who have committed a petty theft. Here he meets Cathie (satisfyingly portrayed by Anne Heywood) their older sister whom he eventually becomes romantically involved with. It quickly becomes obvious that the squalid environment of such inner-city estates is a breeding ground for juvenile delinquency.<br /><br />The elder brother of the Murphy family, Johnny, is the leader of a gang of rock and roll hoodlums. McCallum does an eye-catching turn as the Americanized mixed-up kid, who owes more to the likes of Marlon Brando, than any previous British star. One is reminded of Brando's character Johnny from 'The Wild One' who led a leather-clad gang of rebellious bikers in much the same way as this film's 'Johnny' leads his gang.<br /><br />Thankfully the preachiness of earlier Dearden crime dramas such as 'The Blue Lamp' is not so apparent. Instead we are presented with several well drawn-out characters on both sides of the law as the drama of the delinquents and the romantic interest between Heywood and Baker takes the forefront.<br /><br />The plot, whilst at times predictable, does deliver some memorable scenes. The disruptive influence that rock and roll music was thought to have had is played out in a scene where Johnny abandons himself to the music, leading a menacing advance on the police sergeant. The most grippingly memorable piece of film however is the climatic classroom scene where a bunch of terrified school children, including Mary and Patrick, are held hostage at gunpoint by Johnny. Obviously in the light of the real-life Dumblaine Massacre this scene seems all the horrifying. Understandably because of this the film is seldom aired or available to modern audiences.",positive
"Who were they kidding with this? There was just too much in this film that was hard to digest. Right from when Arjun (Ajay Devgan) unknowingly wishes death on his father to when he arrives in London with his uncle(played by Om Puri) only to abandon him minutes later. The only problem with that theory is that anybody who has ever passed through London Heathrow knows that such a fête would be impossible to pull off and especially not by an Indian. But the film problems do not end there, there's the issue of the two main leads (Salman Khan and Ajay Devgan) passing as rock-stars on the verge of achieving their dreams. I mean yeah we saw success come to Susan Boyle (a woman in the UK achieving her dreams after age 50) but that was a rare case. It was really hard for me to suspend my disbelief because I felt that the casting of Salman and Ajay was just ill-conceived. They would never cast Madhuri Dixit and Sridevi to play the same roles so why should we be forced to watch Ajay Devgan and Salman Khan (men well into their 40s) prance around desperately trying to hang on to their 20s? Let's not even talk about the most self-conscious actress on screen today, Asin. This is her second film (that I have seen) and she is just hopeless as an actress, so conscious of her looks that she only concerns herself with looking good and voguing for the camera rather than giving in a good acting performance. It's just hard to believe that she turned down all those other movie roles to star in this fluff and then be so fluffy as an actress, nothing to write home about at all. And to top all of that, the film just boringly dragged on. There's nothing special about it at all, trust me you will predict every clichéd thing that is going to happen in it.",negative
"Just bought the VHS on this film for two bucks, Did I waste my money! Hey, I dig Adam ""Batman"" West and Tina ""Giligan's Island"" Louise, but hello! This third rate production is a rehash of a dozen other biker films; crazed bunch of bikers psychos ride into a hick town, beat up everybody and everything, and then are defeated in the man by a dashing hero. Adam West looks the part as a hero, but he's missing cape, and his Batman uniform. Sorry, just isn't the same. Tina L. looks really nervous and frightened the whole show, but at least we know what happened to ""Ginger"" once she was rescued from the island...LOL! The bikers are a motley group, and known of them ever acted again or at least shouldn't have. Hell Riders is Hell to Watch!",negative
"Robert Downey Jr. in a 17th century wig and dress was enough to make me shudder, but I couldn't believe a great actor like Sam Neill actually took a part in this movie. The whole thing was unbelievable. I especially like Merivel's ""cure"" for the crazies. They dance...and hey presto! everyone's happy and they're all better! I guess I just didn't like the character Merivel too much. Therefore, watching a whole movie about his supposed transition from a whoring buffoon into a great physician was grueling. <br /><br />Also, I'm not entirely sure, but I didn't think the plague as well as the famous fire of London took place simultaneously.",negative
"When I go to see movies I would stay up and watch it or if I did not like it, I would go sleep, but this was pure crap, I actually got up and walked out!....This was poorly script and put together, I hated it. Also, they should not have taken Brendan Frasier off, he was much better. This was not as good as I had expected, considering that I really liked George of The Jungle 1, and the graphics weren't as good as the first one, for instance, the bird, and when ever he crashed in a tree. I hope that the director of this takes heed, and next movies he make, he needs to reconsider...horrible! I really would like to give Ursla a job well done, as she made the movie worthwhile (until I walked out)...overall I give this movie a 2 out of 10",negative
"This movie is a true reflection of the Australian resourcefulness that has been required to make this country what it is over the last 200 years. Not pompous like the British, not Gung-Ho like the Americans. If either of those countries had attempted what this crew did, it would have failed dismally. Either due to ignorance on the British part, or too much faith in superior firepower on the American side. ""True"" Australians (i.e. non-imports) are the only ones who can excel in modern military conflicts because they have had to improvise most of their adult lives. Just look at examples like Gallipoli; Paschendale; Tobruk; New Guinea and Vietnam.",positive
"What a master piece. To take the cold war conflict and transport it to the future. This film is satire of the highest order. In my humble opinion it outranks Dr. Strangelove.<br /><br />The clever naming of the two superpowers, as the Confederation and the Market. Cons being commies and Market, The west! outstanding. The Clever use of gen Joxs, was ahead of its time. only are we really seeing the dangers of genetic engineering. Robot joxs tackled the issue head on in 1989.<br /><br />The message of this film is about the comradeship of the humble man and how it can overcome the wishes of government. This movies screams DON'T DO IT YOU FOOLS YOU'LL KILL US ALL.<br /><br />EXCELLENT 10/10",positive
"This movie was NOTHING like the book. I think the writer of the screenplay must have wanted the job of writing the sequel to Gone with the Wind and been turned down. This was his or her way of getting their ideas in anyway. The only similarity between this movie and the story it was portraying was the names of the principle characters and the location of the main action. None of the events that are shown in the movie happened that way in the book. For a Gone with the Wind fan (of both the book and the movie) this was deeply disappointing. If you loved the book Scarlett, don't watch this movie hoping to see it played out on the screen. They only share the title in common.",negative
"I bought this movie sight unseen at a sci-fi convention and I got what I deserved for doing something so silly. Simply put this movie is implausible, boring and unwatchable.<br /><br />I was so bored and disgusted with the lack of plot development that I turned it off to watch a repeat of Mythbusters. I understand that this was a very low budget move, or least it looked like a very low budget move, but that does not excuse the horrible acting, terrible plot and even worse camera work. It looks like something a group of college students did in between classes and getting drunk.<br /><br />Maybe if the villain wasn't so laughable and the plot was something that actually could happen in real life with respect to law enforcement it might become so bad it's funny. This movie isn't funny, it's just bad.",negative
"Every great gangster movie has under-currents of human drama. Don't expect an emotional story of guilt, retribution and despair from ""Scarface"". This is a tale of ferocious greed, corruption, and power. The darker side of the fabled ""American Dream"".<br /><br />Anybody complaining about the ""cheesiness"" of this film is missing the point. The superficial characters, cheesy music, and dated fashions further fuel the criticism of this life of diabolical excess. Nothing in the lives of these characters really matter, not on any human level at least. In fact the film practically borderlines satire, ironic considering all the gangsta rappers that were positively inspired by the lifestyle of Tony Montana.<br /><br />This isn't Brian DePalma's strongest directorial effort, it is occasionally excellent and well-handled (particularly the memorable finale), but frequently sinks to sloppy and misled. Thankfully, it is supported by a very strong script by Oliver Stone (probably good therapy for him, considering the coke habit he was tackling at the time). The themes are consistent, with the focus primarily on the life of Tony Montana, and the evolution of his character as he is consumed by greed and power. The dialogue is also excellent, see-sawing comfortably between humour and drama. There are many stand-out lines, which have since wormed their way into popular culture in one form or another.<br /><br />The cast help make it what it is as well, but this is really Pacino's film. One of his earlier less subtle performances (something much more common from him nowadays), this is a world entirely separate from Michael Corleone and Frank Serpico. Yet he is as watchable here as ever, in very entertaining (and intentionally over-the-top) form. It is hard to imagine another Tony Montana after seeing this film, in possibly one of the most mimicked performances ever. Pfeiffer stood out as dull and uncomfortable on first viewing, but I've come to realize how she plays out the part of the bored little wife. Not an exceptional effort, but unfairly misjudged. The supporting players are very good too, particularly Paul Shenar as the suave Alejandro Sosa.<br /><br />Powerful, occasionally humorous, sometimes shocking, and continually controversial. ""Scarface"" is one of the films of the eighties (whatever that might mean to you). An essential and accessible gangster flick, and a pop-culture landmark. 9/10",positive
"Steve Biko was a black activist who tried to resist the white minority governed South Africa in much the same way as Gandhi tried to resist the British empire's colonialism in India. Richard Attenborough's film Cry Freedom is not about Biko or Apartheid as much as it is about Donald Woods, the white liberal newspaper editor who risked his life trying to tell Biko's story. The film has a jarring point of view switch after Biko dies in prison from tortuous behavior at the hands of South African ""police"". Woods, played by Kevin Kline, must choose whether to do the right thing and flee the country to publish books about Biko or allow his wife, played by Penelope Wilton, to pressure him into forgetting about the books. In that case, Biko dies in vain. What begins as a life-changing friendship between Biko and Woods degenerates into a standard by the numbers escape over the border yarn after Biko's death. Oscar-nominated Denzel Washington is good in only his fourth film as Biko, but something is wrong in a film that tries to depict the struggles of Apartheid by focusing more on the trials of a white family for more than half the film. Attenborough would have served his topic better by focusing on Biko's rise to prominence instead of beginning where Biko befriended Woods. Perhaps a black actor in a leading role in a 2 1/2 hour film wasn't exactly conducive to big box office, but the film was a tremendous box office flop anyway. Film politics aside, the film still entertains and sends a message or two, albeit, in PG-sanitized fashion. *** of 4 stars.",positive
"Interesting topic. Pathetic delivery - script and direction. <br /><br />Our hero, Miles, thaws out and has his emergency world-first life restoration surgery. This is where the fun begins. The underlying issue is that Miles has NO SOUL!!! This is used to explain his quasi-erratic behaviour of being indirectly responsible for two deaths (I believe this to be the total number of deaths in 104 minutes). <br /><br />On the livlier side, Miles prefers the odd glass of brandy, blazing fireplaces and his young, maturing female cousin. The finale does indeed do justice to this film.<br /><br />Some thoughts: 1. Producer $$$ were parted with to create this tripe. J.D. Feigelson was the script writer and a (or sole) producer. Looks like he did not learn a lesson on ""how not to bring an interesting idea to life"" when one views his other writing credits. This will support the credibility of this script.<br /><br />2. Now available on DVD!!! This IS truly scary. Should be forever ""Bottom of the Shelf"" in VHS format.<br /><br />3. A re-incarnated human without a soul will default to an evil entity. <br /><br />4. The score offers minimal support. Not even an in-form Jerry Goldsmith could save it.<br /><br />5. Deserved the 0230 time slot on TV and a touch more entertaining than the infomercials + test patterns it was competing against at the time of my viewing.<br /><br />6. Thankfully did not spawn any sequels ala Wes Craven's ""Nightmare"" franchise. Chiller Too: The Return Return of Miles, or something like that.<br /><br />Despite my rating of 1, I still recommend this movie as a great example of how to kill an acting or script-writing career. This should apply to directing, however Wes Craven will eternally be exempt due to his sole good piece of ""A Nightmare on Elm Street"" 1984.",negative
"""In Love and War"" is a simple feel-good TV-film, and should be viewed as such.<br /><br />(Possible spoiler)<br /><br />It is the story of a WWII British soldier, Newby, captured with his commando by the Italians and imprisoned in a former orphanage. As the Italians surrender to the Allies, the commando is freed, and attempts to flee. However, the Germans arrive and the commando is captured again. Only Newby, injured, remains at large. The rest of the film recounts how he is hidden and protected by the Partisans, and his survival.<br /><br />(End of spoiler)<br /><br />Based on a true story, ""In Love and War"" is a refreshingly straightforward film. Half comedy, half romance, the story is simple and unambiguous. The 'atmosfera' is warm and sunny, and the various stereotypes (the desperately unorganized or romantic Italians, the serious stern-looking Germans and the phlegmatic and pragmatic British), although unoriginal, are still humorous. Nicola Piovani's musical score also adds to the Mediterranean flavour.<br /><br />Although it is far from being a ""Tea With Mussolini"" or a ""La Vita E Bella"", ""In Love and War"" is a sweet simple film that will put a smile, and maybe even a little tan, on your face.",positive
Definitely one of the most witty and twisted who-dunnit I ever seen. Christopher Reeve and Micheal Caine were brilliant and kept me going through the whole affair. <br /><br />Very classy set pieces and the props really lend a sense of atmosphere to the proceedings. The minimalist feel works for the whole picture.<br /><br />My only complain isn't with the film itself but the lack of a decent widescreen edition of the movie on DVD. I own the fullscreen version (which proves I love the film enough to endure fullscreen presentation) but a awesome Deluxe or 'special' edition would most surely get my cash.,positive
"On many levels it's very good. In fact, considering that this was a low-budget British indie by a first time feature-director with a largely neophyte cast, it's a magnificent achievement. I don't know how much it cost. The figure of £8,000 was bandied about in publicity but you never know how reliable a figure like that is. The point is that this film looks like it cost a couple of million quid and it clearly cost a tiny fraction of that Great special effects, terrific production design, effective props and costumes, excellent photography, good acting and direction, an impressive score and an absolutely stunning sound mix. Even having said that, much of the script was great. The characters were clearly identified and all had something to do. This is a movie about ten men all dressed roughly the same in one location and it would be easy for them to be nameless, faceless blanks but these were ten characters - mostly that was done through the dialogue and the way they reacted to things. Throughout the middle act, when the plot was developing, the script told the story well and showed how it affected the characters. If the whole film was like the second act, it would be stunning.<br /><br />Before the ship blows up, twelve people make it to individual escape pods or 'e-pods' which blast away from the ship. They're not much more than automatic metal coffins and the poor sods inside are trapped, cramped and have no real idea where they're going - but that makes sense. I like the e-pods - they're an excellent idea done very well and make more sense than a nice, roomy escape capsule. I also like the way that we are specifically told, later, that they are designed for ship-to-ship escape but can just about make planetfall in an emergency - because, let's face it, these guys were bloody lucky that their ship was blown up so close to a planet. That said, it doesn't look to me like there are 116 unused e-pods still on the freighter and you have to wonder how the prisoner is able to get into an e-pod - but in he gets. (And it has just occurred to me: shouldn't the Captain have gone down with his ship rather than being the first guy out of there?) Anyway, the e-pods all land on a barren planet with nothing but sand and sparse vegetation - or at least on a sandy, sparsely vegetated part of the planet which may have icy wastes and lush jungles elsewhere. Nah, it's a planet in a sci-fi movie - it will be exactly the same all over. We have to accept that all the e-pods come down within a few miles of each other so that the ten survivors are able to meet up, firing flares into the sky to locate each other.<br /><br />The Captain, a muscular mountain of a man who could have a pretty good career in action flicks if he gets the right agent, decides that they should try and contact 'Captain Behan' with whom they were intending to rendezvous. But they cannot do this from the planet, they need to get into orbit. The engineer says that if they combine the power units from two e-pods they can probably give one of them enough juice to lift itself on anti-grav doodads high enough to blast above the atmosphere. It can all be done on automatic but it will need a 'pilot' to send the signal. The captain valiantly volunteers for this but in a commendably sensible move the engineer points out that putting the heaviest man into the somewhat dodgily repaired e-pod is ridiculous and that it needs to be the lightest member of the team. That's Kid. I really liked the way that he now points out that his name is David and the Captain starts using it, treating him with dignity and respect. That was good storytelling and good characterisation.",positive
"If you are in to bad movies for the entertainment of witnessing bad movies, bad acting, bad production etc..aka Mystery Science Theater 3000 quality....you will love Pacific Inferno. Jim Brown will be forever remembered as one of the greatest football players to ever play the game...as an actor he will forever be remembered as one of the greatest football players to ever play the game... I am not sure who Rolf Bayer was...but I am hoping he was 15 or 16 years old when he directed this, perhaps he may have been the next Spielberg in the making...because if he was a grown man directing this...a 15 or 16 year old could have done better.... The basis or plot for the movie probably had some historical merit and maybe even truthfully accurate...but the actual film may be one of worst movies made in American film history...I kept waiting for Lee Marvin, William Holden or Charles Bronson to pop in to somehow save whatever ""face"" was left of this film. I would have loved to have been at the red carpet, black tie gala for the Hollywood opening when this movie previewed...as this movie had to have many a viewer laughing and cringing under their breath... it is on the dime DVD racks now....look for it for entertainment value...this movie is so bad it is too good to pass up...",negative
"Solid comedy entertainment, with musical interludes, it generates a fast pace that carries proceedings along in zestful tempo through a maze of humorous and chiller complications. Boris Karloff, Bela Lugosi and Peter Lorre form a strong setup of sinister villainy. The script contains all the standard mystery film props-sliding panels, secret passageways, thunder and lightning and poisoned blow-darts. Karloff, Lugosi and Lorre go in for heavy leers and obvious melodramatics of the gaslit era. Kay Kyser and his band offered great entertainment for the people living in the 1940's who were trying to forget about the horror's of World War II.",negative
"Having majored in Western History when I was a student in college seeing the views on World War II are quite discomforting and in a whole completely wrong. World War II was the most graphic and bloody affairs to ever occur in world history. While the Axis Powers conducted many crimes against humanity which is still the view today and the correct many people forget that not every German soldier was out to exterminate the Jewish population, not every Japanese soldier swung a samurai sword around and flew kamikaze missions, and not every Italian soldier was a Fascist. Most of these soldiers for the Axis powers were normal people like you and I caught in a terrible conflict and just happened to be fighting for a country they loved.<br /><br />The Battle of Stalingrad was arguably the most lethal battles in world history with over 1,500,000 casualties sustained over the course of the battle. The film Stalingrad follows a German platoon and its leader Lieutenant von Witzland as they are reassigned to the Eastern Front to battle the Soviets at Stalingrad. Von Witzland acts as sort of the main character with two other men, Rollo and Fritzi. They all are normal men and seem to be completely unaware to what is happening back in Germany and Poland.<br /><br />The film follows the course of the battle. The film is overall very bleak when it comes to its portrayal of combat and a soldiers life during the battle. We are shown numerous gruesome battles and intense violence outside of the battles (including a firing squad sequence). Overall the battles are the earliest examples that I know of that portray the loss of limbs and overall in your face death sequences and violence. Much of the inspiration for Saving Private Ryan's battle sequences seem to have come from this film.<br /><br />The film does not aim to make the German's completely innocent of everything in the film. Several of the higher ranking officers of the army are portrayed in the usual view most people are use to, evil. Most of the soldiers are just normal people who often speak of home. The film makes it clear quite quickly that not all Germans were responsible for what happened during the Holocaust, most of the country and army was entirely oblivious to the fact that genocide was taking place. The film makes it clear that the soldiers in the Germany Army was simply fighting for a cause they really didn't understand and most wished just to return home rather than freezing in negative degree temperatures in Russia.<br /><br />The film really shows how hellish war is, especially World War II. The battle scenes will shock you with its gritty realism and the story is quite easy to follow as you are simply following a platoon during the battle. As with most war films do not expect much happiness after seeing it. It will leave you in a bit of a depressed mood just from seeing the life most of the soldiers on the Eastern Front faced. Not recommended for children. <br /><br />4/5 stars",positive
"This is the last time I rent a video without checking in at the IMDB reviews. The Limey is directed by Steven Soderbergh who also wrote wrote the truly awful Nightwatch with Ewan Macgregor and directed such trash as Out of Sight with the anti-talented Jennifer Lopez. Terence Stamp is a fine actor and it is a shame he involved himself in such a bad film. There is frequent confusing editing that seems like it was a last minute decision in order to make up for the lack or story, filming and just plain common sense. This film does everything wrong. What were they thinking?",negative
"Korine's established himself, by now, as a talented and impressive image-maker. The promotional posters for Mister Lonely all include the film's most impressive compositions (though there's one in particular I've yet to see in promo material: that of a blue-clad nun teasing a dog with a stick, surrounded by green forest with torrential rain pouring down). The opening images of this film, of Michael Jackson lookalike (Diego Luna) riding a small motorbike round a track, is strangely compelling and beautiful: Roy Orbison's ""Mister Lonely"" plays on the soundtrack, and the images unfold in slow-motion. There's also a funny and terrific sequence in which the same character mimes a dance, without music (though a radio sits like a silent dog next to him), in the middle of a Paris street; Korine splices in sound effects and jump-cuts that evoke both a feeling of futility and dogged liberation in the character's dance routine.<br /><br />The first instance of the segment dealing with the nuns is also strangely poignant; Father Umbrillo (Werner Herzog) is an autocratic priest about to fly with some nuns over, and drop food into, impoverished areas nearby. In a scene that is both light-hearted and affecting, Herzog must deal with a stubbornly enthusiastic local who wishes to make the plane trip with them in order to see his wife in San Francisco. As the exchange develops, Herzog draws out of the man a confession: he has sinned, and his frequent infidelity is the cause of his wife having left him in the first place. This scene, short and sweet, gains particular weight after one learns its improvised origins: the sinner is played by a non-actor who was on set when Korine and co. were filming - and his adulterous ways had given him, in real life, a lasting, overwhelming guilt.<br /><br />Henceforth, the film is hit-and-miss; a succession of intrinsically interesting moments that add to a frivolous, muddled narrative. Whereas Gummo and Julien Donkey-Boy maintain their aesthetic and emotional weight via coherent structural frameworks, Mister Lonely feels like a victim of editing room ruthlessness. A few scenes were cut from the film, which would have otherwise painted fuller pictures of certain characters, due to continuity errors in costume - a result, no doubt, due to the absence of a shooting script and Korine's tendency for improvisation. One deleted scene in particular - in which 'Charlie Chaplin' (Denis Lavant) and 'Madonna' (Melita Morgan) have sex - would have added much more emotional conflict to a scene later on in the film (I won't spoil it, but it's there to deflate any feeling of warmth or celebration, and, as it is, only half-succeeds).<br /><br />The two strands of the narrative, unconnected literally, are best approached as two entirely different stories with the same allegorical meaning; one compliments the other and vice versa. (It's something to do with the conflict between one's ambitions and the reality of the current situation.) But there's not enough of the Herzog scenes to merit their place in the film, and so any connection between these two allegorically-connected threads is inevitably strained - and the inclusion is, in retrospect, tedious.<br /><br />This is an ambitious step forward from Julien Donkey-Boy that suffers mostly, at least in the lookalike segments, from having far too many characters for the film's running length, a flaw that would have been even worse had big star names played everyone (as was originally planned).<br /><br />With many of the imagery's self-contained beauty, and moments of real, genuine connection with the soundtrack, this feels like it'd be much more suited to an art installation or photo exhibition. As an exploration of mimesis and the nature of impersonation, it'd lose none of its power - indeed, for me, it would perhaps be more impressive. The loneliness attached to iconic performativity (such as that encountered by both the icons themselves and those who aspire to be like them) is well-captured in images such as that wherein 'Marilyn Monroe' (a gorgeous Samantha Morton) seduces the camera with a Seven Year Itch pose in the middle of a forest, or when 'Sammy Davis, Jr.' (Jason Pennycooke) settles, post-dance rehearsal, with his back to the camera overlooking an incredible, tranquil lake.<br /><br />As it is, moments like these, and all those where the titles of randomly-chosen Michael Jackson songs crawl across the scene, are married to one another in a film narrative far less affecting than it should be.<br /><br />(For those who see it, I lost all faith during the egg-singing scene, late on. You'll know which scene I mean because it sticks out like a sore thumb, as some sort of gimmicky attempt at the new cinematic language for which Korine has previously been hailed.)",negative
"I saw one of the stage performances in Denver and have never been less impressed. The word ""vagina"" says it all. A body part. Nothing shocking here. I could say to my doctor, ""My left arm has been hurting a bit after tennis"" or ""My vagina hurts after cycling"" with equal or more social commentary. It could be the ""Tricep Monologues"" for all the entertainment or radical comment I heard. The monologues were dull but delivered with drama, the topics were outdated, and I was alternately bored and annoyed. Once I think I laughed but apparently it wasn't when I was supposed to. Surely this isn't really a hit. Oh, and spoilers: there was a LESBIAN! - oh, wait, maybe not, come to think of it. And Inappropriate Fondling! And a Crack Mama! That about covers it.",negative
"This movie could have had a lot of potential. Certainly with today's technology, one would expect real special effects. But movies are not made with special effects alone, of course acting is needed. This film lacked both!<br /><br />First, let me say to those who are upset with this not following the bible: why can't a movie take artistic license? If you want to know about the story of Moses, read the bible. I have seen very few movies that follow a true story fact by fact. Look at of movie from its artistic quailities.<br /><br />In viewing this movie, you will inevitably compare it to the 1956 version. It fails miserably in that. Heston and Brenner had PRESENCE. They became their roles. You don't see this here.<br /><br />Even if you don't compare, standing on it's own, this movie to too rushed. Parts where a scene should be developed, it does not. It becomes boring.<br /><br />My advice: skip this and watch the other. As campy as the other is, it's far and away the better movie.",negative
"An interesting idea involving an alternative dimension inside a hospital. It recalled - Stephen Kings ""Langoliers"", ""Kingdom Hospital"" and old twilight zone episodes. Atmospherically strong, the set up was great. There were also some very clever 'time loop' moments which always have that head-melt appeal. The story had plenty of vague references which led me to believe that all the ensuing weirdness of - time slips / ghosts / a weird bat winged demon and a rather silly heavy metal attired ghoul-thing would be explained. And THAT was were Dark Floors severely let me down. Based on my viewing the movie gives NO EXPLANATION as to what is behind the events. Whilst, some ambiguity is always expected/welcome in these kind of films. Dark floors took it to new heights of vagueness. I don't expect things wrapped up in a pretty ribbon, but neither should I be left feeling ""Huh? .. is that it? ... Did I dose off? Maybe, I hit chapter skip by mistake?"" Dark Floors left me with a deeply unsatisfying suspicion that ""It was all a dream"" which is a shame because up until the last reel I was very much on board and enjoying the movie.",negative
"This was a shockingly bad movie and I literally gasped the first time seeing the Blue Screen puppets. Imagine the worst Blue Screen special effects you ever saw, make it somehow far worse, and then combine this with poorly made, rubber and Play-doh puppets that look like something from a semi-retarded pre-school art class. Then add some screeching, Yngwie Malmstein-esquire, melodic-metal guitar solos stuff that is way too loud and lasts way too long. The overall film is absolutely awful and makes ""Feeders"" look like ""Rashomon."" Its one of the worst movies I've ever seen, with every quantifiable metric spiraling dismally downward, much like a waterlogged turd in the perpetual, slow whirlpool of a broken Rest Stop toilet. Still, though, a film like ""Actium Maximus"" is not to be missed by the bad movie conesseuirs out there, even if only by looking up clips on YouTube or someplace. This movie is a bit of an eye opener, if you can stomach the ride. I think this director may be mentally ill, though, which is a bit debasing. Watching him discuss the project, you get the sense that he truly believes that he's created something wonderful. I guess he's the ""Star Wars kid"" of gonzo filmmakers. What a mess. :-)",negative
"This has to be one of the most beautiful, moving, thought provoking films around. It's good family entertainment and at the same time makes you think very hard about the issues involved. Every time I see the ""ghost of Zac riding the bike through the puddle at the end I can't help but cry my eyes out. John Thaw's performance is so touching and it is a shame he is no longer with us. Gone but not forgotten. A outstanding film. Full marks.",positive
"I don't understand the low 5.7 rating on this film. It's a delight for people who like a strong suspense plot and dark atmospherics. The tone is reminiscent of Midnight in the Garden of Good and Evil, down to the locale (Savannah). The acting is strong, and I was amazed at the verisimilitude of Kenneth Branagh's southern accent. Famke Jansen is great, Robert Duval is effective in a small part, and Embeth Davitz is the BOMB. Great full nude scene of her,too.<br /><br />The plot is fairly standard but effectively executed.",positive
"Mickey Rourke is enjoying a renaissance at the moment... and fair play to him. I always liked his image and his acting ability in such fare as Angel Heart and Johnny Handsome. You know what you are going to get with Rourke - mean, moody, dirty. But this film gives you much more - and you don't want most of it.<br /><br />First and foremost - this whole thing just doesn't make sense. Rourke is a hardened IRA killer who after killing a bus-load of schoolchildren flees Ireland for London. He is on the run from the cops and from his own Army comrades. He has also vowed to never kill again. It looks like the bus full of kids finally did it for him.<br /><br />However, when he gets to London he is tracked down by a local mobster (Bates - looking like his eyebrows and hair came straight off a Burton's dummy) to kill his main competitor in turn for £50,000 and a boat trip to the US. Rourke reluctantly agrees to do it but is seen by a priest (Hoskins) and confesses the crime to him in the confessional in order to keep the priest's mouth shut. He figures it is better than killing him.<br /><br />A wealth of things arise here which just don't add up : 1. Why pick Rourke to off your competition? As is illustrated by a scene whereby an employee is pinned to a wall by a couple of heavies with what look like awls - these London guys are tough enough anyway to do their own killing. 2. Not only that but the Mobster gets a guy to follow Rourke and witness the killing with his own eyes. Why didn't that guy simply kill the competitor and save all the hassle of dealing with Rourke? 3. Hoskins sees the murder take place and the police let him go off - without protection, I may add - to take confession? No way. 4. Rourke hangs around the church (right next to where he carried out the murder ) immediately after the crime takes place to go to confession. Why aren't the cops checking the place out? 5. Rourke hangs around the church and Hoskin's blind niece in particular, for days afterwards without anybody bothering him. What? He's on the run and he stays put by the very place where he committed another murder? Stupid. 6. The cops actually meet Rourke in the church ""fixing"" the organ and have no idea who he is. Do they not know he is on the run for the school bus bombing? They don't even check up on him? 7. Why get Rourke to kill for you, and then tell him to wait around for a few days to get on the boat? You'd think you'd want to get rid of him immediately. Or kill him. One or the other? 8. Why does Bates' brother suddenly decide to rape the blind niece in the midst of all the waiting? Could he not restrain himself for a few days? At least until Rourke has been safely offed to the States? Ridiculous. 9. Rourke suddenly has inner turmoil after all his years of killing and wins over the blind niece immediately - even after she knows he is a killer, she still loves him? Again - utterly ludicrous. And besides - she falls in ""love"" with him in record time - a few days !!!! 10. The whole bomb thing at the end is just plain silly from Bates point of view. 11. Things happen in parts of this film that just do not make sense or are simply in there to help the storyline (and I say that in jest) along. Bates' houses Rourke in a whorehouse until the boat is ready to sail and Rourke suddenly displays a moral high ground to respect the whore in the house - but yet will bed a blind girl. 12. Rourke asks a henchman on the boat where Bates is - and the henchman practically spurts out the entire movements of his boss in less than 10 seconds. It was embarrassing - the guy was telling Rourke far more than he even asked. 13. Hoskin's priest is an ex-army guy and we see him beat up three henchmen behind a pub. Totally uncalled-for and yet another cringe-worthy scene.<br /><br />I'm gonna stop there at unlucky 13 without mentioning Rourke's hair (so falsely red it is laughable), his accent (which to be fair is not too bad sometimes but deteriorates to a barely heard mumble at other times), his clothes, walk, looks to the heavens etc. Nor will I mention the music and the choppy editing style.<br /><br />Oooppps - I have just mentioned them.<br /><br />Overall - a disaster of a film with some obvious religious imagery thrown in (Rourke on the cross, preaching from a pulpit) which would embarrass a first year film student never mind a top star and director.<br /><br />4/10.",negative
"Now I love Bela Lugosi,don't get me wrong,he is one of the most interesting people to ever make a movie but he certainly did his share of clunkers.This is just another one of those.<br /><br />Lugosi plays Dr.Lorenz,a doctor who has had his medical license pulled for unexplained reasons.He is however doing experiments to keep his wife young and beautiful.It's revealed that she is 70-80 years old yet Lugosi looks to be in his mid 50's so why he is married to this old woman is never really explained.<br /><br />Anyway these treatments or experiments involved giving brides who are at the altar being married some sort of sweet smelling substance whereby they pass out but are thought to be dead.Then Lugosi and some of his assistants steal the body on its way to the morgue and take it back to his lab where it's kept in some sort of suspended animation or catatonic state.Then the stolen brides have a needle rammed somewhere in their bodies,maybe the neck,and then the needle is rammed into the body of Lugosi's wife to bring her back to youth and beauty.We never really see where Lugosi sticks the needle or what it is that he draws out of the brides but it somehow restores his wife .Apparently old age makes you scream with pain because Lugosi's wife does a lot of screaming until she gets back to her younger state.Helping Lugosi in his lab is the only good thing about this movie....a weird old hag and her two deformed sons....one son is a big lumpy looking slow acting fellow who likes to fondle the snoozing brides and the other son is a mean little dwarf....little person, to be politically correct in today's world.At night these three just sort of pile up and sleep in Lugosi's dreary downstairs lab.Who these 3 are and how they came to be Lugosi's scared assistants is,like a lot of stuff in this film, never explained.<br /><br />So anyway a female reporter is given the assignment by her gruff editor to find out where all the stolen brides are going to.She quickly figures out that the one common thing among all the stolen brides is a rare orchid that is found on them.So she asks around and is told that there is a world renowned orchid expert living nearby who just happens to be the one who developed this particular orchid.This expert turns out to be creepy Dr.Lorenz.She quickly tracks him down and upsets his little house of horrors.I'm not sure where the police were during all this but they came in to mop up after the reporter had done all the dirty work.<br /><br />It seems that Lugosi's movies always had some sort of unnecessary silly plot line that just made the whole thing stink to high heavens.I mean a world famous orchid expert kidnaps brides by sending them a doped up orchid he himself is known to have developed? D'OH!<br /><br />And then later it's revealed that the young ladies don't even have to be brides for the procedure to work so why would Lugosi keep kidnapping brides from heavily guarded churches for his experiments and create all the attention and newspaper headlines? Why not just grab a prostitute off the street like a normal weirdo pervert would do? This clunker reminded me a lot of another Lugosi stinker,""The Devil Bat""....same silly plot lines and bad acting and same silly 'reporter gets bad guy' deal.<br /><br />But Lugosi is always good--he is creepy and sinister enough to keep you interested at least enough to keep watching him.The woman playing the reporter was just a terrible actor....she had no emotion whatsoever,she just delivered her lines like a machine gun ,spewing them out as quickly as she could.Everyone else pretty much blew too,when it came to being good actors.<br /><br />But this thing is watchable ,if only for Bela Lugosi fans.Lugosi was always so intense even when the picture was a dog.He must have known he was doing terrible pictures but maybe he also knew that if he gave it everything he had a little of that intensity might shine through past all the bad plots and bad acting which surrounded him.<br /><br />And he was right----we horror fans will always have a love for Bela Lugosi.He gave it his all every time he was in front of the camera.We do give two f**ks for you,Bela.",negative
"I usually don't walk out of a movie, but halfway thru I did. This movie promised something different, but I kept thinking haven't I seen that before? Spoiler Alert! Back in 1, the spaceship crashes and lands on earth, well, all these years later, with a super adult on board no less, this thing still manages to burn up and crash! What, this advanced civilization can't seem to develop landing gear? For an industry that's so liberal, we get to see another Woody Allen movie, no blacks please! Superman runs around saving people, making sure he sticks to Europe and the US, don't go into darkie areas please. Maybe I could stomach this about 30 years ago, but now now.",negative
"Of course, how could he. He obviously co-opted several aspects from that excellent movie, which was also based on the sensational French case of the self-described ""doctor in the World Health Organization"" who murdered his family and himself when finally unmasked as a fraud. Emilio refers to his son as ""monster,"" he sings to the radio in his car, he hangs out on park benches, and he specializes in investment schemes to defraud his family and friends -- all of this and more directly lifted from ""Time Out,"" which came out the year before ""Nobody's Life."" It's too bad because this movie is pretty good on its own, with good acting and writing. Whereas Vincent from ""Time Out"" is a much more subtle character who seems to have a sense of ethics even though at times it gets twisted into knots, the protagonist here seems devoid of any character at all save for his winning looks and charm. Seriously, the part where he used X-rays that show his mother-in-law's cancer to bilk more money from his father, then utilizes a subtle twist on the same scam to avoid eviction from his fancy home for failing to pay the lease on time -- it's almost too much. The guy has no shame whatsoever, In fact, he's more like the lead in ""Stepfather"" than some poor schmuck who gets fired and is so humiliated that he can't face the disappointment of his family and friends and feels forced to invent a shiny new life for himself, as Vincent did in ""Time Out."" Thus, one could feel the tension mounting in ""Nobody's Life"" and the violent conclusion coming. One thing ""Nobody's Life"" has that ""Time Out"" definitely lacked was a love interest apart from the protagonist's trusting wife. It's not hard to understand how the sexy babysitter was able to fascinate and ensnare Emile to the degree that he ignored the danger of her natural curiosity and allowed it to lay bare his less than carefully constructed con. Given the reservations mentioned, this is a pretty good movie that we found entertaining. If you long for something touching on similar elements that goes a might deeper and is more intellectually and spiritually satisfying, I strongly suggest ""Time Out.""",positive
"This is like a school video project and a propaganda film that puts the whole class as well as the teacher to sleep.<br /><br />Utterly boring long silent(yes, silent) strings of unrelated video clips.<br /><br />Instead of this movie watch the paint dry or the grass grow- it will be more interesting unless you enjoy seeing Arabs being malicious to everyone around them.<br /><br />Sulieman (the Director) should be embarrassed of this lame waste of film.<br /><br />It deserves a one for the movie quality, a zero for the ridiculous propaganda message and a negative number for the script (or lack thereof.)",negative
"Great characters, great acting, great dialogue, incredible plot twists in plain language one of the best shows I've ever seen in my life. Do yourself a favor and watch this show, you won't regret it. This show re-writes the book on Sci-Fi!",positive
"Like in a circle the movie leads back to its point of departure, the image of the cranes that are crossing a Muscovite sky. They represent the freedom to realize your life as you wish, in order to aspire the greatest possible fulfilment.<br /><br />In the beginning Veronica and Boris experience such a promise of happiness, and their eyes follow the path of the cranes in exhilaration. It seems as if they might be able to live according to their dreams.<br /><br />But Man is not a bird. Life draws up its own rules, from which no human can escape and which we cannot change - not even by making a supreme effort. War breaks out, and without much hesitation Boris signs up for the front in order to fulfil his patriotic duty. He cannot even say good-bye to Veronica, for she arrives late at the assembly point from which the soldiers are sent away. Surrounded by a jubilant crowd all her attempts to attract Boris' attention must inevitably fail.<br /><br />Boris eventually gets killed in war, without Veronica learning about it for the moment. His brother Mark, a vigorous musician, who obtained the exemption from military service by corruption, is eager to take his place. Veronica initially resists, but in a frightful night of bombing she finally falls victim to his charms. A marriage takes place, which is never accepted by the family.<br /><br />Soon feelings of guilt seize hold of Veronica and she realizes that Boris' return is the one and only thing she actually longs for. She therefore eases her bad conscience and despair by the self-sacrificing work in a field hospital.<br /><br />When war finally is over, once again a crowd of enthusiastic people gathers in order to cheer the victorious soldiers. Again Veronica is among them, forcing her way through a wall of bodies. In her hand she is carrying a bunch of flowers, until she finally has to give it away to complete strangers, for one of the homecomers has just dashed her hopes by confirming the sad certainty of Boris' death.<br /><br />Once again the cranes invade the sky, drawing their wayward lines. But now Veronica is watching them on her own, and the look in her eyes is a different one. She has had to accept the impossibility to live according to preconceived plans, to follow the guidelines of your dreams. For all humans are nothing but helpless puppets hanging on the inscrutable strings of fate.<br /><br />",positive
"Okay, it was very good...but Best Picture? Please, not even close. Munich was better, Capote was much better, Good Night and Good Luck was much better...Brokeback Mountain - well, that should have won! The Academy voters seem to act like the current day Democrats - please just a little of everyone, but don't dare take any concrete positions. That's why we have a complete moron in office in the US.<br /><br />This has been the WORST AA presentation ... and forget 1987 ... since way before that. Hollywood is so afraid of it's bottom line, that it can't be set ""straight"". Many voters apparently didn't even see Brokeback Mountain. Get real and get with it.<br /><br />This was the most pathetic year since I have been watching in the mid- 60's and I was only two.<br /><br />Wake up, whoever you are. Hollywood IS mainstream, and that's what happened to the Box Office in 2005. King Kong, the last Star Wars film, another Batman film, a re-make or whatever of Charlie and The Chocolate Factory, and much more to come in 2006.<br /><br />At least there were original best pictures, i.e. Munich, but heard that one before, Capote - great; Katherine Keener should have won, even though now we know Reese can sing like a Cash/Carter, etc., Syriana was a much better picture than Crash. That film has been done, since the early 1960's and we have to make that the best film? What a horrible Oscar night and a horrible year to end with in 2005 and another boring year in 2006. At least the BAFTA for best picture went to Brokeback, and what about the horrible song that won? Pathetic. I think we only have about 20 years left as America or the USA, before someone comes in and changes up things a bit. Maybe it will be China since they own so much of this country ... or India, because they have all the high-tech jobs and are the largest democratic country in the entire world.<br /><br />America has become the land of the fat, the pathetic, and the stupid. Trash can be found in more places than Florida, West Virgina, South Dakota, and in the mid-West.<br /><br />Drive-through a local McDonald's or Burger King for goodness sake. Order all you want until you get a heart attack. Put yourself out of your misery.",negative
"A gritty presentation of the decay of family values and human dignity in the wake of Soviet communism, Vasili Pichul's 1988 film Little Vera is a landmark film of modern Russian cinema. Pichul's brutal drama marks a strong departure from the images of sanitized idealism promoted in Soviet times (as in Aleksandrov's Circus), brashly moving the social chaos of his time into the public spotlight. A contemporary Ukrainian setting further intensifies the effect, first by the immediacy of the film to its time period, second by its utilization of a locale not only struggling for identity in lieu of a Soviet system, but also as a nation distinct from the Russian idiom that had dominated the U.S.S.R.<br /><br />Vera, the film's title character and protagonist, is a rebellious adolescent girl with a ""dysfunctional"" family including a hard-drinking father and a mother care-worn. Rejecting her would-be beau Andrei, Vera begins a destructive (and primarily sexual) relationship with a college student named Sergei. Despite her parents' dislike for the lazy Sergei, and despite Sergei's rude contempt for her parents, he moves into their cramped apartment. Tensions escalate until Vera's father drunkenly stabs Sergei. Vera must decide if she will stay loyal to her intolerable family by testifying her father acted in self-defense, or continue to support and defend the ever-detached Sergei. <br /><br />Unbearable in almost every imaginable way, Little Vera masterfully captures and communicates the inescapable void left in social life after the collapse of communism. The sexual aggressiveness of the film (it was the first film to show explicit sex) combined with the unrelenting presentation of social reality (a marked distinction from the socialist realism demanded by Stalin) effectively confronted the conditions of former-Soviet life. Most interesting, however, was public reception. While many wrote hate mail to the director and star, the film was wildly popular. Here the double-edged nature of ""film as social criticism"" emerges: if done correctly, the film will make the audience uncomfortable. Because no easy solution presents itself, some viewers will hate the film and filmmakers for ""bringing up"" the issue. Many films come to mind as somewhat comparable in this regard: Larry Clark's Kids, Harmony Korine's Gummo, even popular movie's such as John Hughes' Breakfast Club. <br /><br />I recommend this film to those viewers for whom the prospect of nearly two hours excruciating domestic conflict and social miasma is not overly daunting. The film is absolutely beautiful, and incredibly challenging. Despite the difficulties of watching the film, some moments within it are profoundly beautiful. Of course, the socio-historic and cultural significance of the film cannot be overlooked, and in fact operate as an even more assertive reason for watching this film.",positive
"I really wanted to love this film. I have read the book to my daughters and we all loved it. The book is marvelous. This film is very far from the book. The book is splendid - this film is an awful adaptation.<br /><br />In the book, Sara is honorable, kind, strong, and NEVER does anything spiteful to get back at anyone. That's the POINT of the book! She behaves as a ""princes"" regardless of circumstances. An important part of behaving like a princess is to not return unkindness. It is to behave honorably regardless of how you are being treated.<br /><br />In the book, she endures much and touches the lives of others. Other people change their behaviors after they witnessed her kindness and ability to endure without sinking to spite and vengefulness. Sara does what is right simply BECAUSE it is RIGHT.<br /><br />Outside of the bakery, she comes upon a beggar girl who is more poor and hungry than she is. She has half a dozen hot buns. She is VERY hungry. She gives one bun to this wild looking little girl huddled on the doorstep of the bakery. When she sees how ravenous the girl is and watches her gobble the bun, she gives her another. She continues to do this until she has given 3 or 4 I think - I don't remember how many.<br /><br />The baker is watching through the window. She is so moved by what she has witnessed, she takes the beggar girl in and raises her as her own daughter. Other people are similarly influenced by Sara.<br /><br />And in the book, her father has died. The man next door is her father's partner - he has been looking for her. Her father did not lose his money after all - the man is thrilled to find Sara; he takes her and Becky into his home and raises them as his daughters. And Sara has her full inheritance, of course.<br /><br />Miss Minchin is not a chimney sweep. In fact, she remains in her same post at the school. But she is humiliated as Sara has told her new guardian of the cruel treatment she received. And Sara does speak to Miss Minchin in the end - Miss Minchin is trying to minimize her treatment of Sara and Sara with a calm steadfast demeanor, instructs Miss Minchin that she had been cruel.<br /><br />There is no comeuppance for Miss Minchin. She continues on in her miserable existence. It does not matter - what matters is that Sara has a home with a guardian who loves her - and her dearest friend in the world, Becky, is now for all intents and purposes, her sister.<br /><br />The book is about love and honorable behavior under the worst of circumstances. It is about self control and humility. It is a wonderful book. This film does NOTHING to capture the true story and messages of the book. My wife was so disgusted with it, she wanted to leave the theater in the middle, but we decided to stick it out. We were not rewarded.<br /><br />I cannot for the life of me think of a reason the film makes should alter this excellent book in such a bad direction. Perhaps it was the influence of the ghastly screenplay from the book that Shirley Temple acted in. I don't know - but this film is so far from the book in character and values that I do not recognize it.<br /><br />Don't waste your time - buy the book. It is unforgettable... even for a dad!",negative
"Early 80's creature feature concerns a long abandoned gold mine that some intrepid miners are determined to check out. Naturally, they find no gold down there but one very hungry monster that slithers along in search of prey.<br /><br />While I have to be honest and admit I found it dull at first (I personally prefer the thematically similar ""The Boogens""), it actually grew on me as it went along. Now, the characters aren't too interesting nor the actors either. The closest to an interesting character is Morgan, played by Keith Hurt. In any event, female lead Terri Berland is quite good looking and Rolf Theison makes his domineering jerk an easy person to hate. The writer played by effects man Mark Sawicki wears thin quickly.<br /><br />It begins in a comfortably predictable enough way, with a nighttime set piece in which two victims are claimed to get things off to an acceptable start. The monster itself is intriguing for its design (as you can imagine, it gets revealed a bit at a time until late in the game) and for being the product of stop motion animation when this process was no longer used very much. Director Melanie Anne Phillips (directing under the pseudonym of David Michael Hillman) and crew deserve some credit for their creation of atmosphere. They manage to make the film look quite claustrophobic and gloomy, and their use of lighting works well. The film does build in intensity towards a pretty good ending. Suffice it to say, they do the best they can on their low budget.<br /><br />An obscure little item worth looking into for die-hard horror buffs.<br /><br />7/10",positive
"I really enjoyed this movie and it was a little difficult do that when your brother is making stupid comments in it ever 30 seconds. But this movie I enjoyed, mostly because I'm used to the usual HK action films. Most of the films like this are don't watch it for the story line, watch it for the mindless action. And mindless action is right. You get to see Jet Li Jump, spin, kick, punch, shoot, make impossible jumps and dodge countless bullets. It's true that this movie was released to a broader audience after Li was in Lethal Weapon 4. That is one of the reasons the ratings on this movie dropped. Most people were probably expecting to see a movie that was as polished as a North American film. But you need to remember most HK film budgets aren't nearly as high as a North American film, and the style in a HK action film is usually very different usually requiring in wire work in a lot of them. If you want to see a good action film you should see this just try to ignore the dubbing.<br /><br />My rating was an 8.",positive
"The movie is about two brothers that are supposed to be alike - but are not in any way expect for being smart - one is a surgeon and they other is able to write a computer code. Geniuses as they like to call themselves which sounds very exaggerated if you compare it to personal characteristics can you perceive from the material of the title.<br /><br />I honestly didn't like the style of the movie. I believe that anxiety, confusion and deep blues it brings are there for a purpose, but what I don't get is why there is so much of it. The movie is cheap on scenes and tells the story basically with no human aspect in it at all. It gives the comic book like experience. However it's visually numbing the viewer, it somehow brings him inside the blues with brief dialogs, monotonic scenes, dynamic cut, music and abrupt noises.<br /><br />The movie's storyline is very simple, most of what's going on is being dramatically pictured for long minutes, mostly in confusing delirium simulating effects of drug use and dynamic cuts.<br /><br />I will say openly that this movie didn't meet my expetations a tiny bit.",negative
"Probably the most accurate Stephen King adaption yet. Not surprising, since King himself wrote the screenplay. The story follows the Creed family moving into a beautiful Maine house. One of the other residents is Jud, a pleasant old man who knows a few things about the area. One is the highway that runs right through their frontyard. The other is a path leading to the Pet Sematary, where children for decades have buried the animals killed by the highway. Soon enough, Ellie Creed's cat, Church, is found dead. Luckily, this happens while the family, with the exception of Louis(the father), is away for Thanksgiving. Jud takes Louis to another burial ground, beyond the Pet Sematary, where Church is to be buried. Later, Louis is greeted(not so politely) by Church. He's returned, appearing to have chewed his way out of the bag he had been buried in. Maybe he was buried alive. Maybe not. Nothing more I can say without ruining the story.<br /><br />Of all the King adaptions I've seen this would be the most terrifying. The characters are real and the situations are normal. Mary Lambert does a great job directing the proceedings. Suspense is kept fairly high throughout the film, due in part to the plot development. The scene where Gage is killed will stick in your mind forever. Then, of course, we have the conclusion. Easy to determine what's going to happen, but Lambert pulls off some genuinely scary, and sometimes disturbing, moments.<br /><br />Overall, this is a good film and an excellent adaption. If you enjoy being scared and don't mind being haunted by some occasionally disturbing images then ""Pet Sematary"" is just what you're looking for. Non Horror fans will want to avoid this.",positive
"The movie Angels of the Universe is a pure masterpiece and it proves once again that you can make a brilliant movie on a low budget, e.g American Beauty and Blair Witch Project. The Director Fridrik Thór Fridriksson gives the novel Englar alheimsins a new life on the white screen. The movie is a breakthrough in Icelandic film making because it's the biggest and the greatest movie that has been done in Iceland.<br /><br />The music in the film, played by Sigurrós, is very symbolic for the film, it is absolutely brilliant. I recommend everybody who are able to think to go and see this film as soon as possible, you won't be disappointed. I would bet on this film to win the best foreign film award next year  all over the globe!",positive
"The brands in this film, like Suit Supply, take away from the story, cause it's supposed to be set in the eighties. It's not a very thrilling film. Also, the single from Intwine on the soundtrack is very bad, it has a chorus that is repeated numerous times', like ""I'm a cruel man, I take it all away, I'm a cruel man I'm here to stay.."" Jeeez couldn't those asswipes have come up with something better than that? I guess they wrote it in a couple of minutes..<br /><br />It's really annoying, just like the product placement in this filmproduct,that cashes in on the controversy and publicity around a criminal who should not be a celebrity like he is now made out to be, but should be forgotten like rats ought to be.",negative
"This is only the second time I stopped a video/DVD part way through.<br /><br />I was willing to give this film the benefit of the doubt at first, even though it managed to be both shallow, clichéd and stupid.. AND joyless, plodding and pretentious.<br /><br />It was like an After School Special directed by that weird grade nine kid who thinks nobody understands him... creepy and sad, with voice-over narration that only the most deluded adolescent would consider poetry... and some singing, and... no, really, the poor child's suffering...<br /><br />Enough, already, especially when it morphed into a brazen, clumsy, and insulting Clockwork Orange ripoff. And did I mention the singing?<br /><br />This isn't the worst film I've ever seen, but certainly the one I've felt least compelled to sit through. I don't recommend it to anyone.",negative
"In this forgettable trifle, the 40-ish Norma Shearer plays a fluttery, girlish socialite in Monte Carlo, caught in a tussle between George Sanders and Robert Taylor. It would be tempting to blame this movie's failure on the dull, talky script, or director George Cukor, who never seems interested in livening up the film's generally comatose state. Mostly, though, it's the fault of Shearer herself, who desperately wanted to keep playing ""young"" parts as long as she could get away with it. Inadvertently, this makes ""Her Cardboard Lover"" a bizarre monument to an aging woman's vanity.",negative
"In Frank Sinatra's first three films, he was purely a speciality act: ostensibly playing himself, he merely shows up to croon a song during a nightclub sequence in somebody else's movie. In his fourth film, the very enjoyable 'Higher and Higher', Young Blue Eyes transitions into an acting career by playing an actual role ... a task made easier because he's playing himself in a fictional story that gives him a chance to croon a few numbers.<br /><br />Sinatra's entrance is quite funny. Michele Morgan hears a knock at the door, and asks who's there. From outside, a Hoboken-toned voice answers 'Frank Sinatra'. Sure enough...<br /><br />The opening credits of 'Higher and Higher' may confuse some viewers, as the names of songwriters Rodgers and Hart are prominently displayed. In fact, they only contributed one song to this musical: 'Disgustingly Rich', which this cast manage to toss off as a sort of intro to an entirely different song, 'I'm a Debutante'. Interestingly, that Rodgers & Hart song -- one of their weakest -- is perhaps the least enjoyable song in this movie's score; several others are lively up-tempo numbers, notably 'It's a Most Important Affair', 'When It Comes to Love, You're On Your Own' and 'I Saw You First'.<br /><br />Sinatra's good in this movie, but he would do better work (and sing better material) elsewhere. The real merits of 'Higher and Higher' are the delightful turns by some performers who rarely made films. Paul and Grace Hartman were an extremely popular husband-wife dance team who starred in several Broadway revues: genuinely graceful ballroom dancers, they put plenty of physical comedy into their dance material. (Here, Grace does a high kick that knocks a shoe out of Paul's hands.) Grace Hartman, who died of cancer at age 48, did almost no film work, so it's a real pleasure that this film gives us a rare chance to see her close-up, to hear her beautiful singing voice and to notice how sexy she looks in her maid's uniform. After Grace Hartman's death, her husband had a long career as a character actor, just occasionally dancing solo. (Or alongside Ken Berry in one memorable episode of 'Mayberry RFD'.)<br /><br />Also quite attractive in a maid's uniform here in 'Higher and Higher' is the vivacious teenage singer Marcy McGuire. Why didn't this talented girl make more movies? Perhaps she was just a bit too similar in personality to Betty Hutton. I enjoy Hutton's performances but I like Marcy McGuire even better. Near the end of 'Higher and Higher' there's an amusing bit of physical business featuring McGuire and Mary Wickes as waitresses, taking it in turns to move from table to table in a nightclub. The alternating strides of short McGuire and tall gawky Wickes are hilarious! Regrettably, although Leon Errol plays a large role in 'Higher and Higher', he is given almost no comedy business: not once does he do his famous rubber-legged dance. Jack Haley, despite his prominent billing, is also wasted.<br /><br />Very well-represented here is Dooley Wilson, inevitably remembered as Sam from 'Casablanca'. In that film, Wilson did his own singing but faked his keyboard performance of 'As Time Goes By'. (In real life, Wilson couldn't play piano.) Here in 'Higher and Higher', he sings pleasingly and gives some amusing reactions to the other players. Less enjoyable is Mel Odious, I mean Mel Torme. Victor Borge gives a rare film performance here, handling his dialogue deftly but never doing any of the keyboard comedy which he later did successfully in his stage shows.<br /><br />The plot? Forget it. 'Higher and Higher' is nobody's idea of a 'great' musical, but it's an enjoyable delight, and I'll rate it 8 out of 10. Director Tim Whelan, who worked in Britain as well as in Hollywood, deserves to be much better known.",positive
"So, Steve Irwin. You have to admire a man who is not only willing to throw himself into a river that clearly is filled with crocs, snakes, lizards, tons of poop from the aforementioned reptiles, and mud, not only daily, but with enthusiasm. He was never able to make ME want to do it, but he managed to make his wife come close.<br /><br />This movie does not fall into my parallel universe of film category - the films for people who just had their teeth drilled, have a migraine, or have no film experience and therefore like quiet mediocrity (currently well populated by Disney films). It's too noisy. Well, Steve is too noisy. He's just so happy all the time, and would cut right through the blasé' teenager (I can hear it now: ""that movie was so STUPID"") or the Tylenol with codeine. I'd say his enthusiasm is catching, but if it was, I would own a room full of snakes, and that hasn't happened yet. I agreed they're beauties, but I'm still not going to pet them.<br /><br />Plot was indeed predictable. Bad guys were so bad, for a minute there I thought I was shopping at a consumer electronic superstore. But the movie was filled with animals, and Steve and Terri, which is why I watched it. That plot (if you could call it that) was really more of a reason to throw yet another croc in a truck. My expectations were low and stayed that way.<br /><br />I was hoping, though, that there would be a bit of a sequel, where Steve and Terri (having worked on their acting skills) have a movie with a real plot and more animals with fur. I still can't believe we won't see Steve anymore. I hope that Terri and the children continue to be involved in the Australia Zoo and the discovery channel, at least. I can't imagine seeing a crocodile without having some member of the Irwin family telling me forcefully how wonderful that croc is. Crikey!",negative
"this is film is probably one of the best i've seen so far. i would put it only second to All About Lily Chou-chou because it kind of gives me the same vibes....'9 souls' is about 9 prisoners who have just escaped prison to go and find some counterfeit money stored in a time capsule at Mount Fuji Primary School. they later find out that there wasn't much there and set off on their own ways. the first half of the movie is just a time for the characters to be introduced and for the main points to be stated. it is a comedic yet serious part of the journey. the second half, moved me to tears. as the movie progresses, each character goes and tries to fulfill their dreams, but unfortunately ending somewhat badly. in the end only 2 of the 9 escapees are left. the way that each character left the scene was very sad and you will probably feel tears in your eyes. a beautiful film directed fantastically. this is a movie for people who have enjoyed Toshiaki Toyoda's other films such as 'Blue Spring'.",positive
"Largely dense road movie with some comic relief provided by the excellent John Cleese (although he is really sending up his performance in Fawlty Towers). Seems to flip from over the top slapstick to slushy sentimentality at the drop of a hat, and the worst part of the film is that Martin and Hawn have to ""find themselves"", who they are, etc. See it at your peril.",negative
"This is my kind of film. I am fascinated by strange psychotic nightmares and this movie is just that. But it is also a dark comedy. While I see it mostly as a horror/thriller, there will be others who might see it as a black dramatic comedy.<br /><br />But either way, it is a fascinating descent into madness. The ending caught me off guard, but what an ending! It leaves the viewer a lot to think about.<br /><br />Powerful performances, a complex and detailed plot, a great script filled with dread and dashes of humor, and an eerie atmosphere make this a film worth watching.<br /><br />Personally, I think that I will need to watch this several more times to pick up and understand all the subtleties that are within. But it is such a film that it will be a pleasure and not a chore so to do.",positive
"A brilliant Russian émigré devises the Stanislavsky' system for winning at contract bridge - which makes him and his beautiful wife the GRAND SLAM Sweethearts of America.<br /><br />What could have been just another silly soap opera is elevated by fine production values & excellent acting to the status of a very enjoyable little comedy. A few unexpected touches are thrown in to keep the viewer's attention engaged - the way in which the principle cast is introduced as faces on a deck of cards; the introduction of a zany acrobat into the plot for no other reason than to enjoy a bit of lunacy; and the way in which a wide variety of different kinds of Americans are shown to be transfixed by listening to the broadcast of the concluding game.<br /><br />Paul Lukas & Loretta Young do very well as the Bridge Sweethearts - Lukas suave & sophisticated and Miss Young passionately loving and beautiful (even if the script keeps her puffing on a cigarette a bit too much). They are fun to watch, even when their behavior is not always the most believable or compelling.<br /><br />Frank McHugh gives another good performance as a relentlessly cheerful ghost writer who adores Miss Young. The delightful Glenda Farrell eschews her customary wisecracking persona in a small role as McHugh's ditsy gal pal. Roscoe Karns handles the fast-talking dialogue as a brash radio announcer. Diminutive Ferdinand Gottschalk is wonderful as a snobbish bridge expert.<br /><br />Movie mavens will recognize Dewey Robinson as a belligerent nightclub patron; Emma Dunn as a sob sister reporter; Paul Porcasi as the owner of the Russian nightclub; Charles Lane as a Russian waiter; and Jimmy Conlin as a kibitzer at the final bridge game - all uncredited.<br /><br />The film takes advantage of the fad for contract bridge which had swept across the country since its development in the 1920's. It expects the viewer to have a basic knowledge of the intricacies of the game and makes no attempt to explain anything to the uninformed.",positive
"This movie is George C. Scott at his very best, Bernard Hughes at his very best and Diana Rigg at her most pithy, and of course Paddy Chaevsky writing at ""masterpiece"" warp! There are also very brief snippets of future biggies like Susan Sarandon, Stockard Channing etc., who have one scene lines that you don't necessarily spot until your fifth or sixth time watching. Nancy Marchand as a young to middle age nurse supervisor is also superb, as well as practically every ""face"" in Hollywood of 1970.<br /><br />It is one of the few movies that gets better the more times you see it. Watch for the ""surprise"" scene ala ""Wait until Dark""! This is one of the few movies I have ever bought on DVD. It is that superb.",positive
"I grew up watching Inspector Gadget. It was, and still is, one of my favorite cartoons, if not my absolute favorite. I learned a lot of geography and history from the spin-off Inspector Gadget's Field Trip. I wanted to slip on a banana peel and become the greatest detective ever.<br /><br />But the film has ruined the reputation of the wonderful cartoon.<br /><br />Matthew Broderick, an actor with potential, was definitely NOT the role for Inspector Gadget. First thing- in the film, Inspector Gadget is smart. Not so in the cartoon. In the film, Gadget solves the mystery mostly by himself. In the cartoon, it was almost always Penny, Brain, and the awesome book (I still want her book!). If Gadget solved the mystery, it was by accident. Gadget in the film seems to be a competent detective, but in the cartoon was pretty dumb, which was where the humor came from.<br /><br />Another thing is that it's too much ""Good Guy v. Bad Guy"" in the film. It's not just meant to be a silly Saturday morning cartoon. Also, Gadget never should have a love story, but Disney Corporation is filled with idiots.<br /><br />Also I miss the true gadgets that Gadget had, and especially the Gadget car. In the movie it was a chic convertible. In the cartoon it was a sedan police car and could turn into a van. It also barely had any gadgets and was mainly there to get him from place to place.<br /><br />But if anything, the one thing that was terrible about the movie was that it was a feature movie. Inspector Gadget was a silly Saturday morning cartoon. The movie was too serious, too overdone, had too much of a plot and wasn't even remotely as funny.<br /><br />Tip for those who haven't seen it: NEVER see it. EVER. Watch the cartoon, it's a true classic.",negative
"Just to clarify, Matthew Poncelet wasn't a real person, but a character combination of 2 killers who were BOTH convicted and sentenced to die for a murder of two teenagers.<br /><br />I read the User Comments and they react as if Matthew was real. The character is based on a mixture of two killers, Elmo Patrick Sonnier and Robert Lee Willie (who murdered separate people) and the murder itself was based on the one Willie committed. The conflict of both Willie having someone else present and both parties swearing the other did the killing is worked into the story as well.<br /><br />Prejean's approach is unique in that she not only is ministering to the convicts as they wait for their death and aiding them in taking responsibility for their actions, she also reaches out to the victims' families, to help them know that the convict did, indeed feel remorse for what they did-effectively aiding both parties.<br /><br />Everyone posting here seems to have strong beliefs on the Death Sentence. It's not my place to say it's right or wrong-in theory punishing death with death makes some sort of Karmic sense, however denying a person their freedom for the rest of their days, although costly, makes more sense to me-being stuck in a small room 23/7 (with one hour of exercise)for the rest of their days to be reminded of the cruel thing they did seem a more apt punishment-they are technically alive, but denied living. Say someone killed someone so they could get out of the responsibility the person they killed required (like Susan Smith killing her poor kids by shoving her car into a lake). I find it fittingly ironic that they would not get that ""freedom"" they craved and would now have to spend the rest of their days imprisoned.<br /><br />Prejean's point comes through the story very well. She has my respect-she manages to find that balance-she isn't supporting a killer, she is guiding them to accepting what they did. If they didn't feel some kind of remorse, they wouldn't be asking for spiritual guidance.<br /><br />Ona final note, when Poncelet apologizes to Delacroix parent for killing his son, the parents of the girl who was also murdered mutters something about why he didn't apologize for her death. I think the point was that throughout the movie, Poncelet denies killing both kids. There is doubt in Prejean's mind he did both killings-there is a friend who was sentenced but not to death-my thought is that Poncelet killed the Delacroix boy and the other man murdered the girl-hence Poncelet was taking responsibility for what he did. Had he been responsible for the girl's death, he probably would have apologized for that as well.",positive
"So you think a talking parrot is not your cup of tea huh? Well, think again. Paulie is a wonderful film filled with touching moments.The characters are all lovable especially Paulie as he enters the lives of many people on his journey.It is journey worth experiencing. Don't miss it! It is available on home video.",positive
"The operative rule in the making of this film seems to have been ""never make a 1 minute scene when you can make it a 10 minute scene."" This was a principle set right from the start with an interminably long portrayal of the graduation of the Harvard class of 1870. The point of that scene, I suppose, was to introduce some of the primary figures in the story and give a bit of their background - which is somewhat effective when comparing the idealism of the Harvard graduation ceremony to the realism of life in Johnson County, Wyoming, but it just keeps going and going, and that sets the stage for a film that features repeated stretches of mind-numbing nothingness, made even worse by the fact that I found a significant amount of the dialogue to be almost incoherent. In the end, I couldn't even watch this in one sitting. I got through about half of it and had to set it aside for a couple of days before I could drag myself back to see how it turned out.<br /><br />My reaction to this movie in many ways is a shame, because there are positives here. The performances are generally of a high calibre, especially from Kris Kristofersson as Averill, Christopher Walken as Champion and Isabelle Huppert as Ella. The basic story - interspersed as it is around that ever-present mind-numbing nothingness - is potentially interesting, focusing on the efforts of immigrants to establish themselves in Johnson County and a local cattle company's efforts to stop them by killing a number of them in collaboration with the government and the military. There's also some absolutely breathtaking scenery shots. Having said that, the whole thing could frankly have been done in half the time - and should have been. In the end, all those potential positives are washed out by - again - the mind-numbing nothingness that the movie seems to revolve around. Seriously - 2/10.",negative
"Just about everything in this movie is wrong, wrong, wrong. Take Mike Myers, for example. He's reached the point where you realize that his shtick hasn't changed since his SNL days, over ten years ago. He's doing the same cutesy stream-of-consciousness jokes and the same voices. His Cat is painfully unfunny. He tries way to hard. He's some weird Type A comedian, not the cool cat he's supposed to be. The rest of the movie is just as bad. The sets are unbelievably ugly --- and clearly a waste of millions of dollars. (Cardboard cut-outs for the background buildings would have made more sense than constructing an entire neighborhood and main street.) Alec Balwin tries to do a funny Great Santini impression, but he ends up looking and sounding incoherent. There's even an innapropriate cheesecake moment with faux celebrity Paris Hilton --- that sticks in the mind simply because this is supposed to be a Dr. Seuss story. Avoid this movie at all costs, folks. It's not even an interesting train wreck. (I hope they'll make Horton Hears a Who with Robin Williams. Then we'll have the bad-Seuss movie-starring-spasitc- comedian trilogy.)",negative
"I got a chance to talk with the co-creator, Rebecca Cammisa at the 2002 High Falls Film Festival in Rochester, NY. She said that her style is to be completely open and uninhibited in filmmaking but was very happy to be so severely constrained in the tight quarters of the group home. The narrow hallways and small rooms were expertly shot with a realism that would have been lost with more controlled and deliberate camera work.<br /><br />Sister Helen herself is a remarkable character, coming from tragedy in her own life to being an unusual combination of caring, tough, and street smart. The way the film introduces us to her past is excellent, spending only a few carefully selected minutes sprinkled throughout.<br /><br />In all, I can't begin to correctly heap on praise for this film. It really is a treasure of cinema and the subject a treasure of humanity.",positive
"**** WARNING: here be spoilers **** Why do I waste my hastily fleeing years watching garbage like this? This film is an impressive collection of clichés, poor writing, worse directing, and then we haven't even got to the acting yet. <br /><br />And of course, you can predict the whole story from beginning to end.<br /><br />Hero expert fights against stupid, corrupt and incompetent henchmen. One avalanche goes off, burying all the heroes who somehow manage to get out alive in spite of going through all sorts of cliffhanger perils. Corrupt partner who caused the whole thing gets fried alive together with his payoff money. Second avalanche heroically deflected by renegade expert's adventurous experiment. Evil henchmen in the end turn out to have a heart as well. Troubled teenager falls into the arms of her crusty stepmother after being saved by her. Etc, etc, etc, etc, on and on it goes. <br /><br />In fact, there's little reason to warn for spoilers. You could probably work the whole plot out if I gave you the basic ingredients. At least, I wasn't too wide off the mark most of the time, anticipating what would happen next.<br /><br />And then we haven't discussed the factual errors.<br /><br />I agree with a previous commentator that even though there are usually SOME redeeming features even of a bad movie. you'd be hard pressed to find any in this one. I suppose I gave it 2 out of 10 for some nice scenery shots, but that's it.<br /><br />It's been some time since a film made me groan, but this one certainly did.",negative
"Admittedly, Parsifal is not an opera that can appeal to everyone, although it is a favourite of mine, Knappertsbusch, 1951, in particular. Syberberg's entire approach is so static. Whenever the music suddenly begins to swell ... Syberberg keeps the cast moving at the same pace. The takes on Amfortas and Klingsor are endless. Whatever happened to film editing? The result is physically exhausting to watch. The viewer is never spiritually transported. Your impulse is to rush home and play a recording again to confirm that Wagner got it right, Syberberg got it wrong. And that set decoration with those ""clever"" reminders of Wagner's anti-Semitism -- will there ever be a viewer of this film with no prior knowledge of Wagner?",negative
"Oh my lord, what were they thinking about with this one. It not only is frantically unfunny, but worse, a very good original was trashed in the bargain. Jane Fonda, believe it or not, actually turned in the performance of her life in that one. Even better than where she plays the whore in the other so called performance of her life. Maybe she is just flat good as a crook. Any other time, wow, what a waste of time. But she and Segal team up beautifully, so if you even remotely got a glimpse of anything funny in this baby, catch the anvil upon which it got beaten into a pulp from.<br /><br />Because very very very little of that one remains, to this ones horror. Nothing in this baby is remotely funny except for maybe a couple of moments when Dick and Jane are bulging lipped up as lepers and cant kiss..... and uhh........oh my lord, that's it? Well, looks like it. <br /><br />It truly is that bad a film.",negative
"Just as Tom Berenger put you into the soul of Sgt. Barnes, he has done it again with Thomas Beckett. If I thought his world was folding in on him in the first scenes, it was nothing compared to how much more I felt during the last scenes. Great movie, even for a girl.",positive
"Can I just start by saying I'm a fan of bad movies. And this is a really bad movie. It states on the front 100 passengers, 3000 snakes, but I think it's more accurate to say 12 passengers and about 20 snakes.<br /><br />The snakes don't do anything particularly interesting, the whole movie in fact just blunders on with little happening. Although there is occasionally a great gore shot of pulsating arms and green goo puke (bad movies have to have green goo don't they?).<br /><br />But then the ending comes along and will quite literally smack you off you seat in hysteria. and for that, this movie gets a boost up to a 2* rating.<br /><br />There are certain movies about in the world that you will want to show to your friends, just so you can watch there reaction when a certain event happens in them.<br /><br />For example The arrival of 'Big Man' in R Kelly's 'trapped in the closet' 'The LINE' in 'Shark Attack 3' (you'll know it when you hear it) The arrival of the mama shark in 'Shark Attack 3' Almost every scene of 'troll 2' The ending of 'Dracula 3000' (just for utter disbelief and confusion) and the end of this movie proudly sits in this category. It's worth sitting through just for that. So get drunk, stoned, whatever your poison is and watch this movie with some mates.<br /><br />Quite simply, if you like bad movies, get this, but don't get it confused with 'Snakes on a plane' ... there's no relation.<br /><br />And don't pay more than a fiver for it either ....",negative
"No more corned beef and cabbage for her!<br /><br />This little romantic comedy clips along from scene to scene with a few exotic twists (some imaginary scenes and a costume party). All of this is centered around the wife of the husband(s) who is looking to break out of the doldrums, played by Gloria Swanson (she is twenty here!). Both the leading men have a natural air that is convincing and of course Swanson is perfect in all kinds of moods, from frivolous to worried to hopeful. <br /><br />Behind all the games and apparent lightheartedness is that old serious problem of staying in love and not straying in love. There's a little corniness, but director DeMille is on top of keeping it snappy and believable in all. As with many films from this period, the subtitles do not just tell what they are saying (or thinking) but often give a kind of philosophical insight, as if to justify the tragedy (or raciness). And there is that higher purpose here, probably better without the instructional text, but it's part of the narrative style, and it's kind of quaint. <br /><br />If you are looking for visual or formal amazement, you won't find it here. But as a story, well acted, and filmed with precision and economy, it's really a great example. The events might not come as a total surprise, but it's such a modern love story, set almost a hundred years ago, it's a gas. And did I saw Swanson was perfect?",positive
"This is one of the few episodes (if not the only one) with an indisputable error in its storytelling. While handling the Ralphie situation Christopher states that he has heard about Pie-O-My's death in the fire accident. This is an important detail because in this context it is quite obvious that Christopher knows from the beginning that Tony is the one who must have killed Ralphie. There is however no way Chris could have heard about the accident. Who should have told him and when? By the time he is torn out of his delirium by Tony's call nobody else was informed. Tony knows that - which makes it even worse! Hearing Christopher talk about Pie- O-My's death could therefore only lead Tony to the conclusion that Chris himself has set the fire. Given the impressively elaborate writing process as told by the writers themselves on the DVD I really wonder none of them realized the problem there. The story just doesn't work that way. Unnecessary to add that I'm a huge fan of the Sopranos. Otherwise, I certainly wouldn't care.",negative
"Being born in the 1960's I grew up watching the TV ""Movies of the Week"" in the early 70's and loved the creepy movies that were routinely shown including ""Crowhaven Farm"", ""Bad Ronald"", ""Satan's School for Girls"", ""Kolchak the Night Stalker"", etc, but this one is just plain dumb.This is obviously the writer's trying to capitalize on the horrific Manson murders from a few years earlier. The movie stars Dennis Weaver of ""McCloud"" and ""Duel"" fame as a father who takes his family camping on a beach. The family encounters some hippies who for some reason decide to terrorize the family. The reason for this is never explained, and Weaver's pacifistic stance is hard to swallow. For God's sake, call the police, beat the hell of them or something, just don't sit there and whine about it. The acting is pretty lame, the story unbelievable, etc. Susan Dey looks cute in a bikini but that's about it. Ignore this if it ever airs on TV.",negative
"I was particularly moved by the understated courage and integrity of l'Anglaise, in this beautifully acted, intellectually and visually compelling film. Thank you so much, Monsieur le directeur Rohmer.",positive
"Watching The Tenants has been a interesting experience for me. It is the first film I have ever seen where I have shuttled at speed through parts of the (non)action - and I can normally watch anything from turgid action movies to Serbo-Croat indie and find them fascinating.<br /><br />The Tenants is frustratingly sluggish and over-orchestrated. One of the main problems of the script is there is little realistic character dialogue, apart from the set pieces where characters 'collide' in a very structured setting (to make this work, the film needed to feel more conceptual, which it didn't). This leads to a lack of realistic character development; everyone seems two-dimensional.<br /><br />The worse for this is the character of Bill Spear, aka Snoop Dogg. I found his characterization very uncomfortable and very unsympathetic. At one point, I even stopped the film because I got so annoyed by the character's aggressive, violent and monotonal delivery, the lack of any other personality layer apart from that of the reactionary ""on"" switch (which gets really predictable after a while) and I so desperately wanted him to have some redeeming qualities. However, one reason for this jar might be the nebulous time scape of the film (supposedly 70s, it feels and looks more early noughties). If it had been more securely fixed in the 70s, his character might have seemed more understandable.<br /><br />The lighting of the film was also awkward. All the way through, the soundtrack attempts to provide a certain gritty, jazz-infused atmosphere that just did not come off, largely because the set was too well-lit.<br /><br />The Tenants, to me, is an unbelievable film. It doesn't depict real people or propose any interesting ways of thinking about race, identity or the life of a writer, be they white or black.<br /><br />Strangely, I came away with the feeling that this project needed David Lynch; his eerie, clastrophobic and obsessive look and feel would have lifted both the actors and the script into something quite remarkable.",negative
"What a terrible film. It sucked. It was terrible. I don't know what to say about this film but DinoCrap, which I stole from some reviewer with a nail up his ass. AHAHAHAHAHHAHAHAHAHAHAHAHAHAHHAHAHAHAHAHAHAH!!!!!!!!!!!!!!!!!!! sigh.. It's not Roger Corman that I hate, it's this god-awful movie. Well, really? But what can you expect from a movie with Homoeric computer graphics. Which is another thing, the CGI sucked out loud; I hate this movie dreadfully. This is without a doubt the worst Roger Corman B-Movie, and probably the gayest B-Movie too. It's-it's--- DINOCRAP! I'm sorry, I must have offended some nerds in these moments. It's just an awful movie... 0/1,000",negative
"The 1983 BBC production of ""Jane Eyre"" starring Zelah Clarke and Timothy Dalton (LOVE HIM) has always been and will always be my favorite Jane Eyre. If you watch any other version of Jane Eyre without reading the book, it will be like watching some regular movie which you will forget the next day. But watching this one almost equals to reading the book. I used to watch these miniseries a lot when I was little, and they inspired me to read the book. At the time I didn't pay attention to how close this television production was to the book. Recently, I watched the 1996 version of Jane Eyre and was very disappointed. It was only 2 hours long and didn't have many important scenes from the book (such as my favorite gypsy scene). After that I fell in love with This ""Jane Eyre"" even more because it includes all the important scenes of the book and it just tells the whole story( the other versions don't, if you haven't read the book). <br /><br />The cast of 1983 Jane Eyre is excellent. It's true that Timothy Dalton is a very handsome actor (handsome enough to play Butler in ""Scarlet"", and Julius Caesar), but he is so great as Rochester that I can't imagine anybody else playing this role. And Zelah Clarke is, without a doubt, the only Jane that follows the description of the book. The other thing that makes this film so great is the clothes and the makeup of the actors. Jane looks so modest and naive, just as Bronte describes her (although she doesn't look 18, but do you actually pay attention to that?...) <br /><br />Some people say that this ""Jane Eyre"" is too long, but I would rather spend my whole day watching it than spend 2 hours watching some other version. Some say the movie is dull and boring because Jane is not passionate enough, or because there are not enough ""kissing scenes"". I hate when they make Jane Eyre some ""Hollywood movie"" with inappropriate kissing scenes. You don't have to include ""crazy, madly in love"" scenes to show the love between Jane and Rochester. And both Zelah and Timothy express this love so perfectly that there are no other scenes needed!! I am 19 years old, and many girls of my age refer to this film as ""boring and old-fashioned"". But I can only feel sorry for them because they don't appreciate the purity and beauty of it. After all, the novel is set in 19th century, and that old-fashioned look makes it more attractive and more like the book. <br /><br />I don't think there will ever be any other version of Jane Ayre that will have the popularity and love of this one. No matter who plays Jane and Rochester in other movies, the real Jane and Rochester (for me at least) will always be Zelah Clarke and Timothy Dalton!",positive
"In Holland a gay writer Gerard (Jeroen Krabbe) gives a lecture. He stays overnight with a beautiful woman Christine (Renee Soutendijk) and has sex with her (by imagining she's a boy). He plans to leave the next day, but gets a look at a picture of Christine's hunky boyfriend Herman (Thom Hoffman) and decides to stay to have a try at him. Then things get strange.<br /><br />A big X-rated art house hit in the US in 1983. Why was it X rated? Let's see...there's strangulation, full frontal male and female nudity, castration, mutilation, simulated sex, a scene in a church with a cross that will shock most people, a gay sex scene in a crypt...and it's all a comedy!!!!! Paul Verhoeven made this after ""Spetters"". ""Spetters"" was attacked by the critics for it's extreme sexual sequences and denounced as trash. So, Verhoeven filled this film with very obvious symbolism thinking the critics would think it was art and praise it. He was right! Critics loved the film not realizing that Verhoeven was playing a big joke on them. Still, it's a great film. <br /><br />It's beautifully shot by Jan de Bont (now a director himself) and there's so much symbolism and obvious ""hidden"" layers in the dialogue that you're never bored. All the acting is great--Krabbe plays a thoroughly despicable character but (somehow) has you rooting for him; Soutendijk is just stunning to look at and plays her part to perfection--the little smile she gives when Gerard agrees to stay with her is chilling; Hoffman is extremely handsome with a great body--he deserves credit for doing the church sequence and going at with Krabbe in the crypt.<br /><br />This is not for people easily offended or the weak of heart, but if you like extreme movies that playfully challenge you (like me) this is for you! A 10 all the way.",positive
"There are some things I will never understand; why underwear comes in packs of threes when clearly thats not enough is an example. Similarly, I will never understand this film, and that is brilliant. If you approach this film expecting an actual movie, you might as well be approaching Satan expecting a hug; although that may well be possible if you greet this film's Satanic figures. Take Pitch for instance; the most ineffectual, camp, unhellish portrayal of a devil since Freddy Mercury and Wayne Sleep joined forces to create a ten foot Satan costume from red body paint and horns covered with condoms. However, it does create some of the most hilarious moments of any film ever. Seriously, this is no understatement. The same can be applied to every other character, bar the little girl who acts so sickly innocent she's probably overcompensating for some serious crime she's part of. Then again, if Santa's inter-space recon station is real, there is no chance she could have avoided him this long. Put simply, if you haven't seen this movie, you cannot consider yourself a serious buff. The achingly funny characterisation, acting, concept, and almost-under-the-radar racism makes this a must see above any film to date (if you're after pure laughter that is).",positive
"Saying this movie is extremely hard to follow and just as frustrating to sit through is putting it very mildly. Also saying that the current available print is dark, dreary, scratchy, abysmally edited, painfully dubbed, seemingly censored and in almost unwatchable shape is also correct. This film is in dire need of a good remastering from the full, uncut, original negative and seeing how it's reasonably atmospheric (and won the director an award at the Catalonia Film Festival), it might actually be worth the trouble. Then again, maybe not... It's just impossible to tell in its current condition what kind of movie it actually is. It starts fairly interesting, if you can discount the completely senseless pre-credits opening sequence, which involves a deranged cat-killing, snake-loving little girl named Gerda. The girls mom, Carla (Mónica Randall, who should have laid off the eyeliner a little bit), splashes some gasoline around in the garage and torches the brat. Seemingly about as crazy as young Gerda, she goes to visit her estranged photographer (ex?) boyfriend Mario (""John""/Cihangir Caffari). He's on vacation from work, but so desperate to get away from Carla that he begs his employers to set him up on an assignment... any assignment. She scowls ""You'll be sorry!"" as he heads out the door. Well, Mario is assigned to photograph ""Witches Mountain"" (somewhere in the Pyrenees, I believe). Before he gets to his destination, he gets sight of a hottie on the beach named Delia (Patty Shepard) and snaps a few pictures of her taking off her bikini top. Only slightly peeved, she claims to be a single writer, the two flirt and then decide it would be a swell idea if they went on the trip up the mountain together. When they stop by her place so she can pack her bags, Mario suddenly hears loud, sinister music. Delia claims he's just hearing things.<br /><br />So the two begin their trip up the mountain, taking a stop at a local inn to spend the night. There they encounter a weird, partially-deaf, crazy-eyed innkeeper (Victor Israel) and Delia claims someone was spying on here through her window. The next day, under some trance, she wanders off up the mountain and is eventually located by Mario, who hops out of his jeep and runs after her. While he's finding out what's up, someone steals their wheels and they're forced to walk a piece, eventually finding the jeep undamaged at the foot of a small, ancient, seeming abandoned village... almost like someone was trying to intentionally lure them there. Well as we will see, that's exactly what has happened. In the village they encounter a friendly old woman named Zanta (Ana Farra) who claims she's the only person still living there and lets them stay in her home. Mario takes some pictures of the ""abandoned"" city and when he develops them they are eerily full of people. Slightly creeped out, he and Delia begin to leave and get stuck in ""treacherous"" fog and have to pull over and camp out for the night. The rest of the movie has to do with voodoo dolls, black cats transforming into sexy women, Satanic rituals performed by ladies in their bras and a deadly fall off a cliff. And yeah, coincidentally Carla the estranged wife turns out to be one of the witches, too. It all takes place in semi-darkness and to be quite honest, I didn't know what the hell was going on most of the time. The inconclusive ""open"" ending is just an additional slap in the face to anyone having to suffer through the rest of this senseless mess.<br /><br />Honestly, there are just a few things that stand out to me as being really good. The first is actress Shepard, who has that great Barbara Steele kind of dark, mysterious beauty. There's also an excellent music score (credited to Fernando Garcia Morcillo) and chanting songs, which aided immensely in making this film as atmospheric as it is. The location work is fairly decent, but as I said, the print is ugly as can be and it doesn't make a lick of sense, so proceed with caution on this one.",negative
"OK i own this DVD i got it new at amazon... i mean i think its badass and a pretty cool flick and melissa bale the slutty/bitchy girl they pick up is hot as hell ..., the acting sucks and the whole polt just sucks the clown is some huge guy wearing a mask and its disgusting but its OK i wouldn't recommend it if like u wanted to rent a good entertaining flick after a hard days work but if u have nothing else to do and ur obbsessed with this stupid movies like i am, watch it sometime, and i do not know how artisan DVD has S.I.C.K. in its DVD collection , s.i.c.k. is not good enough to be owned by a half way decent movie company OK well thats all",negative
"The above seemed a much more appropriate title when me and my suicidal underlings decided to watch this masterpiece of modern bullshit <br /><br />Erotic,Scary, Suspenseful, Well thought out, these are all the things this film fails to be.<br /><br />It is however incredibly funny, the slow sound effects and bad dubbing add to this to make one of the greatest comedies I have seen in recent years. And yet this film doesn't even try to be funny and that is one of the movies grand achievements, it becomes a comedy without even attempting to amuse.<br /><br />Throughout the film an old guy who looks amazingly like Santa Claus goes around ploughing over zombies and smashing vampires into the ground. This made me fail to believe the films title, if this was vampires vs zombies why were the vampires and zombies not fighting? Oh well whatever, besides there were more flaws to this rental than the title. Such as this one; there has been a virus sweeping through America creating zombie like beings who go around acting a lot like your average tourist. And yet there's only four zombies in the entire film. Another problem is besides one shop everywhere is deserted. Surely you'd see zombies roaming about in the woods or in the background a bit. In fact I believe they just drove around in a circle of forest over and over again since they didn't have a high enough budget to film in a wider location, that or the director didn't want to waste his precious time filming in different areas of wood he was to busy sitting in a trailer jerking off to be bothered with such trivial matters.<br /><br />In fact the director had so much fun doing this that he didn't have enough time to hire a big enough cast or even an editor. And so he told the eight members of the cast to dress up as different people and try not to act inconspicuous, whilst I assume he changed his name and began randomly snipping at the film reels ""editing isn't a hard job anyway right?"" The only reason this ""movie"" found it's way into our bag was because somehow we got it confused with Freddy vs Jason, strange how these things happen isn't it. And the only way we made it though the night was by strapping gas masks on and bolting them to our skulls to avoid the stink of this nauseating mess.<br /><br />Oh yes we did laugh at the end, but I'm sure one does that a lot when he has lost his sanity...................",negative
I´m only joking. This was potentially the worst film I have ever had the misfortune to sit through. How anybody in the 1950´s could have raised a laugh at this innane rubbish is beyond my comprehension. I jest not.,negative
"While thinking of ""The Great Escape"" I allowed my mind to wander back to this little gem of a movie from my childhood. I had read and re-read the autobiographical novel from 1949 which inspired it, and when it came to the only cinema (we never used that word then , actually) in town that showed ""foreign"" films, I was first in line to buy my ticket.<br /><br />As someone brought up on wartime newsreels and propaganda films during WWII, I had an avid interest in exploring the realities of that conflict as reflected in the memoirs and stories of men who were there in person. That extended later to a keen willingness over the years to buy any book on the subject, and eventually to read the equally compelling novels of Hans Helmut Kirst and Erich Maria Remarque, which provided an even deeper sensibility. The movie versions, however, were unlike this one in that they rarely delivered the goods.<br /><br />The medium of black-and-white film has never been served so well as it was in those years. I have never seen any technicolor version of war that seems as authentic as do the deep chiaroscuros of films like ""The Wooden Horse."" If it is true that we are destined always to be captive to the images of our childhood, then I confess it freely.<br /><br />And there will never be another the likes of Leo Genn as the emblematic British war hero on film. Not even Sir Alec.",positive
"This movie should be called ""plan 9 from joseph smith."" i think its weirdness is underappreciated. the playwright seems to have read paul ehrlich's ""the population bomb (1968),"" and crafted a musical response made especially for mormons. the whole point of the play is that having as many children as you can is part of ""heavenly father's"" (god's) plan. and anything that stands in the way of having more babies is very bad. get it?<br /><br />This version was filmed in 1989, which is confusing. it's utah, so it looks and feels like 1983, the play was actually written in 1973, and of course, the theology is part 1840's, part battlestar galactica. some of the action takes place on earth and some in the ""pre-existence, an aimless romper-room where annoying kids wait to get their bodies so they can come down try not to slam the door on the missionaries, losing their shot at celestial glory.<br /><br />it is as stagey as they come, but don't let the poor theatrics spoil your appreciation for this demented mormon universe where the 'cool kids' are all into population control, (presumably) counseling their parents not to have any more children!! having big families was, at the time the play was written, the cultural norm in the lds community, and more importantly, considered part of God's plan. the church has since done a 180, and have made family planning a choice of the parents, and large families are much less the cultural norm now. making the entire doctrinal premise of the movie for a modern-day mormon moot!<br /><br />ahhh but it's really only as good as the music. there are some catchy tunes here that just won't let this movie die the 1970's death it was pre-destined for. the brother and sister sing some love songs to each other that make you wonder if maybe something else was going on there --wink. and the tough, cool kids make new kids on the block look like metallica. so cheers to all that! gather the family around, make some jell-o shooters and enjoy the show!<br /><br />",negative
"Project A II is a classic Jackie Chan movie with all the kung fu, crazy stunts and slapstick humor you expect. Not as good as the prequel but still it is a great movie if you just want something fun to watch. The story is simple, jackie chan versus the evil men. So if you want a movie that you don't have to be a braniac to understand, i would suggest this one.",positive
"The superb star quality of Gerard Philipe, who died way too young, leaps from the screen in this witty, funny, sly swashbuckling comedy with plenty of sword fencing and knockabout antics. Charmingly loopy in its' storytelling, impossible to resist. A sweet romantic comedy with a very young Gina Lollobrigida as the love interest. A movie one will remember with great affection.",positive
"I first heard of this film when Patton Oswalt talked about it on his ""Werewolves and Lollipops"" CD. He said it was a lost classic that is completely ridiculous. Being a lover of terrible cinema, I knew I was in for a treat.<br /><br />This film is, hands down, one of the weirdest I've ever seen. Certainly one of the weirdest shlock films. Basically, a demon took human form years ago for a woman, the woman died or something, the demon cried blood, the blood fell on the bed, the bed is now possessed and it now eats. Along with fruit, flowers and chicken, it also has a taste for people. The people can range between horny teens, mayors, gangsters, servants or professional orgy throwers. There's also a sick guy who the bed ate but put his soul behind a picture in the room.<br /><br />Most movies let you figure out the plot through exciting action. Death Bed takes another path: it basically tells you through narration exactly what's happening while slow, dull murder scenes take place. Also, I must say everyone who's eaten by the bed are surprisingly quiet. I would think if a bed is eating you through the ways of a 5th grade science fair experiment, it would sting a little. I guess nerve endings weren't invented until 1981 or so.<br /><br />The story is wacky, the direction is slow and pretty awful, the sets are sparse, the acting it fairly painful and the brother is one of the unintentionally ugliest actors I've ever seen. Probably would make a great party film if alcohol and smart-asses are involved. Certainly one you shouldn't miss.",negative
I've heard a lot of different opinions about this film and then to find out that Paris Hilton was in it as well didn't give Me the best impression of the film .... then to be dragged to the cinema by a group of my friends and sit there expecting a pile of pants i was shocked to find that i was scared stiff all the way through the film ... it was predictable yes but the build up of the deaths and the whole atmosphere of the film made it REALLY scary for me ... i was watching through my fingers the whole way through. So i say go watch it and decide for yourself and if the fact that its a scary film doesn't convince you to go watch it then it also has Chad Michael Murray in it which can't be bad to watch for a couple of hours eh?,positive
"i love bad shark movies. i really do. i laugh hysterically at them. and the scifi channel was having a marathon of them, culminating in the premier of their new original picture, hammerhead: shark frenzy. based on the previews, it looked like it was going to be HIGHLY amusing. essentially a remake of benchley's creature, really. it was prefaced by a showing of shark attack 3: megalodon, which is shark movie hilarity at its best. i was in the mood; i was ready to go. bring it on, hammerhead-mad-scientist-man! oh, god, was that movie wrong.<br /><br />wrong, wrong, wrong.<br /><br />sick. twisted. MESSED UP.<br /><br />this is theoretical reproduction at its very worst, my friends. when a drugged-out girl is brought out of suspended animation and strapped to a table screaming her head off because the shark-human hybrid fetus the absolutely insane ""scientist"" deliberately implanted in her womb wants OUT... Jesus monkeys. that's what i call disturbing.<br /><br />that's really how the plot works: hmmm, thought the mad scientist. my son died of cancer, but i brought him back to life by combining his dna with that of a hammerhead shark, because sharks don't succumb to cancer and further hammerheads reproduce via placenta. oh, look! a perfect amphibious being! i've created the next evolution of the human race! I KNOW! let's make him reproduce! but darned if all those shark genes have't made my son bloodthirsty; instead of raping the hot babes i keep sending into his little jungle paradise, he keeps eating him. but check this out! among the random people who have, by way of some unimportant plot twist, ended up on my research island, is the woman to whom my son was engaged before he died! i bet he'll do HER! all this leads up to an extremely touching and heartfelt reunion: woman: you're going to impregnate me? mad scientist: no. he is. (indicates thrashing shark-person in tank) how sweet.<br /><br />DO NOT WATCH THIS MOVIE. ever.",negative
"Why oh why don't blockbuster movies simply stick to their selling point? Everyone in the cinema, young and old, was there to see talking animals make jokes, and whilst they did that we were all happy... And then, as with Lost In Space, came the two killer blows - plot and sentiment. Who really cared what happened to the tiger or whether Eddie Murphy made up with his daughter? Not me, that's for sure.",negative
"""Journey of Hope"" tells of a poor Turkish family and their odyssey of hope which spirals downward into despair as they travel to Switzerland in search of prosperity. Although this Oscar winning film is fairly well crafted, it is lacking in substance and has many implausibilities. Much of the film's 1.7 hour run time is get on the bus, get off the bus, get on the boat, get off the boat, get in the van, get out of the van, etc.; time which could have been better spent or left out completely. The story has a predictable conclusion, especially for those who have an awareness of the common crime of trafficking in illegal immigrants. A worthwhile and reasonably entertaining watch but over-rated.",positive
mature intelligent and highly charged melodrama unbelivebly filmed in China in 1948. wei wei's stunning performance as the catylast in a love triangle is simply stunning if you have the oppurunity to see this magnificent film take it,positive
"Um .... a serious film about troubled teens in Singapore, a country I have not much knowledge on but have the previous wrong impression that all the kids there are highly disciplined and controlled by their family and government. Well, I guess I am wrong, just like other cities/ countries, they also have their troubled teens who also lead the not so surprising rebellious way of life of drugs, fights, bad language, and .... many other obvious signs of being a bad boy. The surprising part of this film isn't really about how these kids running around causing themselves and others trouble, but rather the subtle gayness hidden behind their so call loyalty between them. The bond between these ""brothers"" may very well originated from an unconscious gay tendency inside these boys. Though it isn't uncommon for str8 guys to have very close friendship with each other, but watch this film closely, it should be entering all sorts of gay film festivals and I would not be surprised that it may win itself a lot more awards toward this direction!",positive
"An excellent documentry. I personally remember this growing up in NYC in the early 80's. This movie is for anyone that wasn't around during that time period.This shows the one thing the African American Gay Underclass felt was solely theirs and the love and camadrie you see is real. The people are real and sadly few are still alive as this is being written. The balls are still held but not to the extent that they were in the the nineteen eighties. That time is gone forever. This is a good pre ""homo thug"" movie. When Queens were really proud to be extroverts. Goodbye to Storyville this is another era gone but greatly documented all hail film!",positive
"I first flicked onto the LoG accidentally one night while waching television: since then, I have never missed an episode.<br /><br />It's humour is very weird, like a cross between Brass Eye's social commentary, the Fast Show's excellent one-liners, and an amazing plot that seems to develop each week without ever going anywhere. The best example of this was Hillary Briss's special stuff - what was that all about?<br /><br />The humour will not appeal to all. Some will say it's just too sick, and it's easy to see where they're coming from. Nonetheless, give it a try. If you don't like it, don't watch it, but if you do like it you'll be very glad you took my advice.",positive
"Along with Fernando Fragata, João Mário Grilo, Abi Feijó, Leonel Vieira, étc...(other commercial directors), Diamantino Costa is one of the best Portuguese Directors; ""O Lampião da Estrela"" was his (Diamantino Costa) First movie, before he made several successful commercials. This title is starred by one of the best Portuguese comedians of all times, Herman José and José Pedro Gomes are great. Its a very funny movie!! (28/07/2000)<br /><br />BOA SORTE DIAMANTINO...",positive
"Every time I watch this show I just want to turn it off and curse the makers for wasting my time week after week. The dialogs, or monologues rather, as everybody just rants on endlessly about nothing, are just becoming so tedious. For example, the episode I watched yesterday began with a seemingly unending rambling about how a particular dish (I forgot what it was, pasta with meatballs perhaps) always manages to turn the Gilmore family dinner into all-out war. And these were just the few seconds or so.<br /><br />So it seems every time, lots of lines, with absolutely zero content. The scripts they use must be enormous.<br /><br />But then every once in a while something happens. The babbling stops and suddenly there are these wonderful silent, emotional moments. For example, this week it was Lorelai's breakdown at the estate agent's. I just thought it was the best piece of TV I have seen for a long while.<br /><br />Almost makes everything worthwhile.",positive
"I had two reasons for watching this swashbuckler when it aired on Danish television yesterday. First of all, I wanted to see Gina Lollobrigida - and here I wasn't disappointed. She looked gorgeous. Second of all, through reading about the film I had gotten the impression that it featured absurd humor not unlike that which can be found in Philippe de Broca's films. On this account, however, I was sadly disappointed. I found the jokes predictable (apart from a few witty remarks on the topic of war) and the characters completely one-dimensional. Also, the action scenes were done in a strangely mechanical and uninspired fashion, with no sense of drama at all. I kept watching until the end, but I got bored very quickly and just sat there, waiting for the scenes with Lollobrigida.",negative
"This is a great example of a good, dumb movie. No, it is not high art by any means. Nor is the script anywhere close to a Woody Allen or Mel Brooks. BUT SO WHAT! The Killer Tomatoes series (four movies and a cartoon series) are basically good-natured romps gleefully trampling on the kind of territory the Zuckers ruled before they switched to making serious flicks.<br /><br />As the title suggests, this fourth installment of the Killer Tomatoes trilogy deals with the Killer Tomatoes plot against France. In this case, Professor Gangrene (John Astin's 3rd time in the role) has a plan to rule France through an ancient prophecy about the return of the rightful King of France. Steve Lundquist returns as Igor, a humanoid tomato who wants to be a sportscaster and who just happens to be a dead ringer for the long-lost true King of France. Obviously he also plays the aforementioned l-l t K of F, happily skewering the French language.<br /><br />Opposing them is the fearless Fuzzy Tomato (like the others, FT was introduced in the second film and would be a main character in the cartoon) and his human allies. Mark Price, recently unemployed as a result of the conclusion of the FAMILY TIES series, plays a thinly disguised version of himself, passing himself as ""Michael J Fox"" as a way to win the girl of his dreams. And Angela Visser is a dream as Marie, gleefully bouncing between unabashed virginal sexuality and borderline psychosis. Oh that the former Miss Netherlands had had more of a film career! Another returning member of the Killer Tomatoes stock company is Rick Rockwell (now best known as the hapless title subject of ""Who Wants to Marry a Millionaire?""). Like co-creator John De Bello, Rockwell works both in front of and behind the camera in this series.<br /><br />What can you say about Jon De Bello? Not much, really, except that he had a singular vision and managed to pull it off and, having done that, has apparently dropped into obscurity. John, if you ever see this, thanks for giving us the Killer Tomatoes.<br /><br />The script is heavily but not obnoxiously aware that this is just a movie. Like RETURN OF THE KILLER TOMATOES, the action occasionally veers off the set and into the middle of the film crew. And Mark Price has a funny forum to complain about his own lack of success compared to his former costar Michael J Fox. This is the biggest budgeted of all the Killer Tomatoes flicks and is a nice send-off to the series. Okay, the show then moved to Fox Kids as a cartoon series (which was also quite clever), but cartoons just aren't the same.",positive
"NOTHING (3+ outta 5 stars) Another weird premise from the director of the movie ""Cube"". This time around there are two main characters who find themselves and their home transported to a mysterious white void. There is literally NOTHING outside of their small two-story house. Intriguing to be sure, but I thought the comedic tone established for this movie from the get-go was extremely ill-conceived. There needs to be some humour, certainly... and I have no problem with the humour that was eventually derived from the plight of our two heroes (their final ""showdown"" was definitely a hoot)... but I really think the movie would have been a lot better off if it had stayed more rooted in reality in the beginning. After watching the movie I watched the ""Making of"" feature on the DVD and a short trailer at the end is almost totally devoid of the ""sillier"" comedic aspects... making it look like a completely different (and slightly better) movie. The last half hour of the movie is where things really start to come together... similar in a way to the recent movie ""Primer."" The actors are fine when they are not overdoing the comedy shtick. They are really quite believable in their more ""normal"" moments. I was probably ready to write this movie off as a failed experiment at the midway point... but it won me over by the end. (And keep watching past the credits for the final scene... just don't ask me to explain it.)",positive
"One more of those brilliant young men who went all out and dared to make a teen romance film( can i actually call it that?- it would invoke the devil out of its fans)on a micro budget but packed with such taste, sensitiveness and maturity. Peter Sollett- you deserve more admiration and respect.Thanks once again for demonstrating to the powers that be in the ""industry"" that stereotypes can be flushed down the toilet. One location,a handful of rich characters, low budget,good acting(and that too amateurs),decent lighting - worshippers of true indie cinema should watch more of this and STOP watching...well...you know what.",positive
"A labor of love. Each frame is picture perfect and grabs you. Then the sheer emotion and story-telling take you through a dream that stays with you long after the movie. The director gets your heart and leads it through 100 minutes of visual poetry. You are a part of the emotional ride of the characters. I have seen this movie at 2 festivals and it got with standing ovations at every showing. The remarkable story-telling transcends nationality and language and I felt I was a part of the drama unfolding before me. The casting is as perfect as one can get. Vijay Raaz, Camille and Benoit each hold their own. <br /><br />I strongly recommend this film to everyone who appreciates good cinema. I can't wait for the commercial release of this movie.",positive
"This film really disappointed me. The acting is atrocious. Unbelievable. And it's about actors. The story is incredibly obvious: A group of independent actors stage a Passion Play and, in turn, they start to live out the lives of the characters they play. I've been watching a lot of movies lately, thanks to Netflix, and this is the first one I haven't watched all the way through in a long time. I felt I didn't need to see the end; we all know the end of this story.<br /><br />For some, it seems, this ""modernization"" of the Gospels is either sacrilegious or enlightening. I cannot speak to any of this as I wasn't raised in the Christian church. That being said, I was raised in the US and I live in an increasingly Christian culture. I'm curious enough about Jesus and about the modernization of the religion, for better or worse. I haven't seen Mel Gibson's version, but I'm guessing that those who liked that one will like this, except for the most conservative. I just wish this was a better film.<br /><br />Lots of these reviews praise Arcand's direction and especially the cinematography. I liked neither. The film itself is rather prudish and preachy. I didn't believe the characters' personae and I was never involved with their on screen lives. The play within the play is very much dated and would not, I think, carry it's own weight in a real time production. But that's beside the point. What I really needed for this to work would have been stronger development of the characters and the plot to support the philosophical and theological questions the film would like to be about. And the musical choices are obvious and unoriginal.<br /><br />There were two examples of this that come easily to mind. Firstly, there is a reenactment of the parable of Jesus driving the money lenders from the temple: the lead actor, who has fallen for the woman who will play Magdalene and who is also a model and dancer, becomes enraged that she must debase herself by auditioning for a commercial (with a wicked producer and plenty of panting men in the audience) with her pants off. He trashes the place and chases them all out. I guess this is the level that the film wishes to reach. The romance between these two is entirely arbitrary and not at all emotionally realized and the scene is played out like a high-school rendering of Death of a Salesman, i.e., not well. Please stop hitting me over the head with this high-handed ""significance."" The other is the relationship between the other female lead and the priest who has asked them to do the play and who, eventually, turns against them and betrays them to the nowadays-corrupt Church. Why. Why does she sleep with this guy. ""It brings him so much pleasure and me so little pain."" Ah, the saintly whore and the lovable old coot. It seems to be just enough for Arcand to signify but not worth the trouble to enrich and enliven these characters. They are going through the motions and I'm reaching for the eject button.<br /><br />Feel free to write me off as bored, jaded or just not interested. Feel free to watch this movie and see the Passion, in all its beauty, sadness and inspiration, delivered as an amateurish and gimmicky charade. Feel free to have all your preconceived ideas affirmed and see any shred of artistic integrity forsaken for monotonous drivel. But don't say I didn't warn you.",negative
"Viva Variety was a unique hybrid program that was both a parody of and a tribute to the programs it represented. <br /><br />It was most directly a mock up of the classic 1970s favorite, ""The Sonny & Cher Show,"" With Thomas Lennon and Kerri Kenney playing a divorced show biz couple who were somehow forced to host this program together, the female of the pair towering over the male, and the constant barrage of ""insult humor"" the couple tossed at each other, plus sketch comedy bits and performances from what are most kindly described as ""specialty"" acts! <br /><br />The ""hybrid"" was the mix of fact and fantasy. Of course, there was no ""Mr. and Former Mrs. Laupin,"" and the program's announcer, Johnny Bluejeans, was likewise equally fictional. But all the acts that performed were certainly real, and some were even entertaining! But there were also some acts that would have clearly been better suited for the old Chuck Barris ""Gong Show."" <br /><br />The show itself was really more like an extended sketch from ""SCTV"" (it was borne from the MTV series, ""The State,"" after all), and some would suggest that it would have been better as a five minute bit in the mix of a program like that one, rather than a stand alone series. But ""Viva Variety"" certainly should get high marks for original concepts, and even though it was often more odd than funny, it was certainly worthwhile, especially when they road tripped to Las Vegas and brought in even glitzier acts to perform. It's unlikely we'll ever see anything like this on television again.",positive
"When HOPPITY GOES TO TOWN he discovers nothing but bad news for his little insect neighbors in the Lowlands. Can this honest, good-natured grasshopper save his sweetheart, Miss Honey Bee, from the machinations of the evil C. Bagley Beetle - and also lead his friends to a safe new home - before it's too late?<br /><br />While not one of the great animated features (a very new art at the time this film was created) HOPPITY is an enjoyable film which should bring pleasure to uncritical viewers. Technically it is well made, with animation of a generally high quality. The movie's main drawback is that none of the characters really have any `heart' - they don't come `alive' on the screen in the way Jiminy Cricket did a year earlier in PINOCCHIO.<br /><br />However, it is ultimately unfair to compare the Fleischer Studio output with that of Disney. Max & Dave Fleischer had their own star to follow; their contribution - and it would be a considerable one - would be in the realm of the one-reel cartoon. With their POPEYE and BETTY BOOP series they created alternate realities as viable as any produced by other cartoon studios. HOPPITY was their second experiment with feature length animation (after GULLIVER'S TRAVELS in 1939), and henceforth they would expend their energies again on the cartoon short subject. In fact, the first in the highly acclaimed SUPERMAN series was already in release.<br /><br />HOPPITY'S story owes a great deal to Frank Capra, with it's energetic, go get em hero up against powerful societal forces. Indeed, the film's original title was MR. BUG GOES TO TOWN, which immediately puts one in mind of Gary Cooper or Jimmy Stewart and their Capraesque adventures.<br /><br />Jack Mercer, famous as the voice of Popeye, here speaks for two very different characters, old Mr. Bumble & Swat the Fly. Movie mavens should be able to catch veteran voice actors Pinto Colvig & Mae Questel, both in uncredited roles.<br /><br />The film has some pleasant songs supplied by Hoagy Carmichael & Frank Loesser, of which `Be My Little Baby Bumble Bee' is the most familiar. `We're The Couple In The Castle' is a fine romantic tune which deserves to be rediscovered.<br /><br />It is unfortunate that the film's initial animation, with its sweep out of the heavens and past the in-depth New York skyline, is obscured behind the opening credits.",positive
"Soldier isn't a great movie, and everyone that hated it has plenty of good reasons. But I liked Soldier alot, partly because my expectations were so low that what I saw surprised me.<br /><br />First, the art direction is tight and well executed. As far as science fiction backdrops go, Soldier was doing things with more design then 90% the genre. The sets, costumes and props were all consistent and competently executed; I didn't love all of their future military style, but I was impressed with the effort. For me, this made the movie worth the time it took to watch.<br /><br />Second, I'm a Kurt Russell fan. I grew up watching this guy in some of the most memorable movies of my youth ... The Barefoot Executive and his John Carpenter films. Soldier is essentially an action movie, and the role of Sergeant Todd is an essential action hero. It's not an award winning role, but Kurt musters up convincing emotion with VERY little dialog.<br /><br />Third, the fight scenes and battles are well choreographed. This isn't iron monkey, or even the matrix, but once again, it far exceeds the average level of quality in the genre.<br /><br />If you haven't seen it, and you like sci-fi action films, pick it up if you pass at your rental depot of choice. Just don't expect the next Bladerunner.",positive
"I gave this more than a 1 because I did think there were some moral lessons in this story and it provoked some thought and comment from my wife and I. The acting and the dialogue were mediocre and I must confess I came out feeling like I had been beaten over the head with the God this , God that and Christ is our saviour stuff. The movie and the story line did not need it. If , as I am , you are a recovering Catholic or Christian avoid this one it will make you nauseous. The movie did a good job of demonstrating the thin line between being a good citizen and how someone could become a potential stalker focused on what might have been.",negative
"I can't believe that I actually sat thru this entire film. A friend rented it because the jacket made it sound good. In it's defense, the jacket was correct; there was a supposed haunted room that someone slept in overnight. From the jacket, it sounded like this was on par with Freddy, Jason, or maybe ""The Shining."" It couldn't be farther from the truth.<br /><br />If you are a fan of minimalist and/or surrealist films, you may enjoy it. If you're looking for a good fright movie, or a couple of thrills, go rent Jason vs Freddy IV -- you'll have a much better night.",negative
"An art house maven's dream. Overrated, overpraised, overdone; a pretentious melange that not only did not deserve Best Picture of 1951 on its own merits, it was dwarfed by the competition from the start. Place in the Sun, Detective Story, Streetcar Named Desire, Abbott and Costello Meet the Invisible Man; you name it, if it came out in '51, it's better than this arthouse crapola. The closing ballet is claptrap for the intellectual crowd, out of place and in the wrong movie. Few actors in their time were less capable (at acting) or less charismatic than Kelly and Caron. My #12 Worst of '51 (I saw 201 movies), and among the 5 worst Best Picture Oscar winners.",negative
"I am in a movie club at my school and I was forced to sit and watch this utterly dismal film. The film's story is not dismal, but the entire movie itself is exceedingly dismal. The acting was absolutely dreadful. The children were overly whiny. A metal pole could have done a better job. I wanted desperately to fall asleep, but because the television was so loud, I was kept from peace. The monkey's are neither cute, nor are they funny. The drama is laugh-worthy. I cannot remember when I saw a more dreadful film. The story is weak, thin, predictable, and completely fake. The adults try to be good actors, but they just can't seem to break through stereotypes. The girl even appears to want to leave the film via falling off a hill during the movie in order to leave it, I don't blame her. Micheal Anderson should publicly apologize for this film. Not just to me, but to everyone else who was forced to sit through this awful film. In fact, I apologize to you. Even if I had nothing to do with this project, I apologize for this film, because this means at least someone will. This film even surpasses the dismalness of films that of Rob Schneider and the Cheetah Girls. I would even go as far to say that it is even worse that Hilary Duff's collection of films, but that's pushing it. Just please don't see this film, or else you'll be pushed to write a review similar to this one on how awful this film is. I'm very sorry.",negative
"A cheesy ""B"" crime thriller of the early '50, the story is droll, the characters wooden, Allison Hayes and Abbe Lane are the only two sexpots that make it an eye-catcher, but one short shot, only a few frames long, shows an ""el"" train crossing the river on the State Street bridge, of the 6000 series Pullman-built cars painted in their original 1950 paint scheme, as they were delivered when new in 1950. For traction fans like me, that one short take makes the picture worthwhile. I think films like this one, Ulmer's DETOUR, D.O.A. with Edmund O'Brien,THE FUGITIVE with Harrison Ford, and others of the film noir genre, (big city crime dramas) make it interesting if for nothing other than the fact that I know Chicago and San Francisco intimately and recognize most of the street locations. Other wise it's a really droll boring film!",negative
"I guess this is the first movie that made me aware of the term ""cult flick"". It is totally a bad movie, but I can't help it, I like this movie. Richard Boone has made better and so has Joan Van Arc, but if you are in to staying up late and watching movies that don't make you think to much this one is for you.",positive
"This movie is silly and very short of being a funny movie. Unhappy 'easterners' are not pleased with being out west; so they hire a drunk wagon master(John Candy)to lead them back east. Sight gags were just not funny enough to carry this one. And Richard Lewis gets on your nerves very quickly; but then I honestly don't like him at anything he does. Ed Lauter is hilarious as the bumbling villain.<br /><br />The movie was dedicated to Candy. He died from a massive heart attack ten days before the movie was completed. A stand in and digital enhancement enabled Candy's character to be seen in the final scenes. Candy was a very good comedian and gave us some real good knee slapping, belly laughs in his career. This movie was just not the caliber of his best.<br /><br />Also in the film, you will recognize: William Sanderson, Gailard Sartain, Ethan Phillips, Ellen Greene and Rodney A. Grant.",negative
"Just got around to seeing Monster Man yesterday. It had been a long wait and after lots of anticipation and build up, I'm glad to say that it came through and met my expectations on every level. True, you really can't expect too much from hearing the plot rundown, but after reading some of the reviews for it, I was ecstatic. I mean, what trash fan wouldn't want to see a gore flick about a deranged inbred hick mowing people down with his make-shift monster truck? I went in expecting a cross between Road Trip and The Hills Have Eyes and got so much more. This was a horror comedy that actually worked. The film makers got it right when it came to making you squirm and making you howl with laughter at the same time. Kudos to Michael Davis for going all out with the gore and pushing the envelope with the sickass humor. Let me list just a few reasons why I love this movie so much: First off is the story. It's been done to death in so many other flicks. A college guy gets wind that his childhood crush is getting married. He, being the 25 year old virgin that he is, hops in his Vista Cruiser and decides to take the road trip to confess his love, hoping that she will fall head over hills and all that good jive. Hidden in the backseat of his station wagon, is good buddy Harley. Harley is the loudmouth, former friend, who laughs and talks just like Jack Black in High Fidelity. You can't help but like the guy, but if he was your friend in real life, you'd have to keep a whiffle ball bat handy(laugh all you want, but have you ever been hit with one?) to keep him in check. So, he's a little on the obnoxious side, to say the least, but you can tell that he's a loyal friend, deep down...Anyway, they're on the road and when they stop in a bar, they aggravate the locals. Now they're being stalked by a leatherface clone in a monster truck. That's it. Yeah, along the way they pick up a gorgeous hitchhiker but I'm too lazy and hungover to go into that right now... so just watch the damn movie.<br /><br />Second thing I love was the humor. This one had some of the sickest laughs of any movie since Cabin Fever. Just how messed up is it? Well, I won't even go into the whole cat scene and as for the ""corpse burrito"" thing, I'll leave that to your virgin eyes as well. The bar full of amputees was somewhat disturbing and that guy who looked like John Turturro bothered me too. Harley, although a totally obnoxious frat-boy type, can really sling off the one liners. Love the clogs, by the way. I need a new pair..<br /><br />The GORE. This one pours it on heavy. While the first hour plays out as a demented road comedy, the last third is all about blood and guts. If the movie hadn't kept such a light tone throughout, it would have been a little disturbing, but seeing how it was all played for laughs, there is no way possible that you will be bothered by it. If you're still in your seat by the time it comes, you'll probably see the humor in it too, but seriously, there were buckets and buckets of the red stuff. There was a big plot turn that I DIDN'T see coming and when the credits rolled, I was completely satisfied. I had gotten exactly what I came for and I'm really glad that I bought it. Much like Cabin Fever, it's going to get a lot of replay.<br /><br />The Look of the movie was outstanding. There was this deliberately cheap look that made the whole thing scream late 80s and I loved the exaggerated colors. It's obvious that Monster Man was done on a relatively low budget, but much like Cabin Fever (sorry I keep comparing the two) it actually works in the movie's favor. Cabin Fever was an ode to the 70s greats, this was the 80s answer to that. So take that for what it's worth. No CGI here. This is what we all needed. I'm not exactly sure why it didn't get a theatrical release because this is everything that Jeepers Creepers SHOULD have been. Thank god for Lions Gate.",positive
"It's nice to see Julie Andrews trying a straight dramatic role here--something she hadn't done in awhile--but her character of Judith(wise they didn't try to pass her off as a 'Judy')has the old refined manners and tomboyish hairstyle of yore, and Andrews enacts 'grown-up' as any other actress would interpret frigid. It's a surprisingly bland drama set in Barbados involving Omar Sharif(not the liveliest leading man around--not even in 1974!)hoping to make Andrews a spy while also slowly leading her into the proverbial bedroom. Unmemorable outing does have some camp value: the James Bond-like credits at the beginning are a cheesy hoot. As for Julie: she's quiet and contemplative, but that doesn't do much for the audience, or for the film. Blake Edwards paces the freakin' thing like a funeral. * from ****",negative
"Ladies and gentlemen: the show begins with this documentary film. It's structured in three chapters, each one chronologically arranged. The first presents the classical physics and links to Einstein. The second studies in depth the quantum physics and enters in String theory. The last reveals the Everything theory... The difficult concepts used here are introduced in a very simple way, with daily objects; although you must believe them without checking by yourself -if you are not a scientist- (and even if you are a scientist!!). The film is not a masterpiece by its fabulous technique or the way it's produced; what really imports is the story, and WHAT A STORY!!!",positive
"This is one of the best and moodiest Vampire Tales ever! I love this movie really. The character are great, even the locations and the story. Indeed the Picture isn't a big budget production, but it is absolutely worth seeing.<br /><br />OK there are some faults (especially the Names of the Castle and the Locations) in this movie, but such mistakes are typically and are almost in every Horror Movie.<br /><br />The scenery fits perfect to the story and is close to reality,I can say that honest, because I visit them once when I was in Romania in my Vacations.<br /><br />In my opinion this is the Best Part of the Subspecies Series.",positive
"Just like all of Mel Brooks' other comedies, Men in Tights is hilarious. But in seeing this as an outrageous comedy, I think many fail to realize that the reason the movie is so funny is that the characters themselves are acted so well. Elwes is the well-spoken former British noble, Lewis is an eternally annoyed king (I hope it's worth all the NOOOOOOIIIISE!), DeLuise is a FANTASTIC godfather, Roger Rees is a worried and cynical sheriff.... The actors and actresses are so loyal to their parts that the jokes flow forth with ease. Yes, we've seen this kind of comedy before, but the only comedy to achieve better character development, in my opinion, is The Big Lebowski. Very very funny.",positive
"The Haunting is a film that boasts a really creepy house, good effects work and sound work, a cast that seems to believe that everything around them is real and that house. There are scenes that make you jump, and the sinister aspects of what went on at Hill House in the past, I found interesting. There are genuinely creepy moments in the film and I liked the way the ghosts manifested themselves in sheets, curtains and the house itself. Jerry Goldsmith's score gave it the right atmosphere and the sound design had voices popping up around you. What I wish could've happened is for something a little more intense. Jan De Bont had a PG-13 rating to contend with and I think that he held back a little too much. Poltergeist scared me silly when I saw it many years ago, and it still holds up. The Haunting could've used a few more scenes of pure terror. The ending was for me, a little anticlimactic. Overall, I enjoyed it. The acting is good and there are moments that make you jump. I just wish it scared me more.",positive
"One thing about Hollywood, someone has a success and it's always rushed to be copied. And another thing is that players give some of their best performances away from their home studio.<br /><br />Rock Hudson got such accolades for his performance in the Texas based film Giant that Universal executives must have thought, let's quick get him into another modern Texas setting.<br /><br />Similarly Robert Stack got great reviews for The High and the Mighty as the pilot who was cracking under the strain of flying a damaged aircraft that it was natural to give him another crack up role.<br /><br />Both of these ends were achieved in Written on the Wind. Before Hudson was the big ranch owner, now he's the son of a hunting companion of Robert Stack's father who took Hudson under his wing. In other words the James Dean part without the James Dean racism from Giant. <br /><br />Lauren Bacall is the executive secretary of an advertising agency that Stack's Hadley Oil Company uses. Hudson likes her, but she's dazzled by Stack's millions and when he woos a girl he's got the means to really pursue a campaign. She marries Stack.<br /><br />And last but not least in the mix we have Dorothy Malone who's Stack's amoral sister who has a yen for Rock, but Rock ain't about to get tangled up with this wild child. <br /><br />Dorothy Malone spent over 10 years in a whole bunch of colorless film heroine roles before landing this gem. She got a Best Supporting Actress Award for her part as Marilee Hadley and it was well deserved.<br /><br />If you like splashy technicolor Fifties soap opera than this is the film for you.",positive
"Dad (78) and I (46) both had a good time watching the flick today. For a guy primarily known for serious roles, De Niro is a heckuva comic actor. Of course, it helps to have his past film images to play against. Consider that one of those roles, 15 MINUTES, was a cop having to deal with the interference of the mass media, and you have an interesting set of compare/contrast performances.<br /><br />Murphy plays another of his Axel Foley sort of characters. Shatner plays a burlesque of himself, a parallel world self who was best known for TJ HOOKER and not STAR TREK.<br /><br />It's interesting to watch how the film comments on the contrasts between the reality of police work and its fictional counterparts in TV and film. Shatner lectures on the proper means of sliding across a car hood; De Niro points out holsters scratch the hood finish. Ironically, as the film progresses, De Niro's character begins to incorporate the illusions of TV-cop reality into the real world case he's working.<br /><br />The film draws its inspiration from a gamut of sources, so one could make the comment it is derivative. Well, so what? Satire needs to derive its humor in order to exist. And besides, the film does have quirky moments of originality. For example, I'm reasonably sure the method of the villain's death has never been done before. <br /><br />One quibble about the reality of the weapons involved-- shouldn't those guns have had some kind of recoil? In order to penetrate steel, those bullets had to have enough inertia to penetrate. And any bullet's highest level of inertia is at the moment of firing. So.... firing a volley of these tank-killer bullets should have driven the shooters back onto their butts. Oh, what the heck... it's a satire. Maybe the guns' lack of recoil is itself a satire on the B-F-Guns used so casually in thrillers. <br /><br />",positive
"I am a longtime fan of the original of this movie (Bella Martha/Mostly Martha), and everything that makes that movie great and enjoyable to watch is missing from this one. I miss the slow pace, the build-up of characters and their style in small gestures, the dominance of lights and moods and moves over dialog. I don't think that the story itself is enough. Martha/Kate is more secluded, and Mario/Nick is not a clown. In most of the cases the things that makes one scene great in the original, its is not working in its copy here. The small alterations take away the tension. My opinion is that you should go and see the original. It'll worth the inconvenience of subtitles.",negative
"DOCTEUR PETIOT, starring Michel Serrault, is a brutal story about a brutal man. A doctor who heals the sick in occupied France, even if their ability to compensate is not there. Yet, he preys on the weakest amidst the populace. The imagery and cinematography are superb, and lend an additional macabre feeling to this complex story. He is the perfect psychopath. Seductive and altruistic, intelligent and caring, calculating and murderous. A movie certain not to be forgotten soon by the viewer. Kudos to Mr. Serrault, for his chilling portrayal.",positive
"Set in and near a poor working class town in the mountains of rural Italy, it's a story of madness. The landscape may be quite picturesque, but there's madness herein, concealed behind the mask of a person who seems outwardly normal. This person kills little children.<br /><br />In style and tone this film resembles Dario Argento's famous Italian giallos, those fascinating whodunit horror films, except that Argento's films are much better looking. Still, the visuals in Fulci's ""Don't Torture A Duckling"" are competent, with some interesting compositions and lighting. Lightning and thunder on a rainy night enhances suspense in one sequence wherein one of the ""ducklings"" is vulnerably alone.<br /><br />In one sequence the gore is a bit overdone. But this is no slasher film. A legitimate theme undergirds the story. And that theme is that madness can take many unexpected forms, not just the obvious delusions of people who practice voodoo or black magic.<br /><br />Plenty of red herrings render the puzzle solution difficult if the viewer doesn't assume an agenda on the part of the director. Don't dismiss someone who might not seem to be a suspect. The twist near the end provides good misdirection. However, in one scene midway through, a line of dialogue could have been added to clarify the relationship between two characters, one of whom is the murderer. The film's finale takes place on a beautiful mountaintop with the wind whistling in the background. We see flashbacks to clues and get insights into the killer's mindset.<br /><br />I don't care for the film's widescreen projection. But background music is effective, and ranges from jarringly creepy at the beginning to low-key jazz, to indigenous Italian songs. Acting is generally average, though in a couple of cases, it's a bit overdone.<br /><br />Though not as visually brilliant as Argento's giallos, ""Don't Torture A Duckling"" nevertheless is a fine film, one that contains a thematic storyline and enough of a whodunit puzzle to interest most viewers who like thrillers and murder mysteries.",positive
"We're a long way from LAURA. Once again Otto Preminger directs, Dana Andrews stars as a police detective named Mark, and Gene Tierney is the beautiful woman who haunts him, but nothing else about WHERE THE SIDEWALK ENDS resembles everyone's favorite sophisticated murder mystery. Instead of deliciously quotable dialogue we get gritty, harrowing realism. While the earlier film took place in the ritzy upper echelons of New York society, here we're in the low-rent district of dark streets, hoodlums, cheap restaurants and crummy flats. Tierney, gorgeous as ever, now works as a department-store mannequin and lives in Washington Heights (the neighborhood of the ""doll"" who once got a fox fur out of LAURA's Mark McPherson). This time Andrews is Mark Dixon, an older, sadder, more troubled version of the cool cop in a trench coat. <br /><br />WHERE THE SIDEWALK ENDS belongs to a sub-genre of noir, movies about police brutality focusing on cops who can't control their violent impulses. Like Kirk Douglas's character in DETECTIVE STORY, Dixon owes his seething contempt for crooks to his father's criminal past. Where Douglas is self-righteous and blind to his own faults, Andrews is burdened by repressed guilt and self-loathing. He accidentally kills a suspect and covers up his actions with an attempt to throw suspicion on a slimy gangster (Gary Merrill) whom he has been vainly pursuing for years. Instead, a kindly cab driver is suspected because he's the father of the dead man's estranged and mistreated wife Morgan (Gene Tierney). Dixon, falling in love with the wife of the man he killed, tries desperately to save her father without giving himself away. <br /><br />Among noir protagonists, Dana Andrews had this distinction: he was incapable of appearing unintelligent. Even when playing an average Joe, as he usually did, he always comes across as unusually sensitive and perceptive; more than that, his air of being too thoughtful for his own comfort gives him that haunted--and haunting--quality that was his essence as an actor. He played ordinary guys, cops and soldiers, but always with a tragic undercurrent of seeing and knowing too much. His conscientious heroes are marked by exhaustion, guilt, the inability ever to ""lighten up."" No other actor could have expressed so well the bottled-up anger, the slow-burning pain, the agonized intelligence of Mark Dixon. He also has a muted tenderness, a muffled warmth and even wry humor that make him heartbreaking. This comes out when he takes Morgan to a restaurant where he's a regular, and for the first time we see this cold, brutal man trading mock insults with the waitress, whose sarcasm can't hide her affection and concern for him. When Dixon asks his partner for money to get a lawyer for Morgan's father, he supplies it even though they recently argued and Dixon threw a punch at him. There are no words about loyalty or knowing he's a good guy deep down, but we see it all in the man's anguished silence and his wife's resignation as she hands over some jewelry to pawn. Dixon's goodness comes across through other people's reactions to him as much as through Andrews's deeply moving performance. <br /><br />Though Dana Andrews was a minor star, he may be the quintessential forties man. He goes through some movies hardly ever taking off his overcoat; with that boxy, mid-century silhouette, further fortified by the fedora, the glass of bourbon, the cigarette he doesn't take out of his mouth when he talks, he looks imprisoned in the masculine ideal of toughness and impassivity. While many noirs romanticize the two-fisted tough guy, WHERE THE SIDEWALK ENDS offers an unflinching portrait of the reality behind the façade, a gripping and melancholy exploration of the roots and consequences of violence.<br /><br />Andrews was sadly underrated in his own time (he was the only one of the three protagonists in THE BEST YEARS OF OUR LIVES not nominated for an Academy Award, though his low-key performance is far more compelling than Frederic March's hammy, Oscar-winning drunk). Fortunately, Andrews appeared in some films that ensured his immortality, and now at last this little-known film, which contains his best performance, can be seen as part of the marvelous Fox Film Noir set. This series, including a number of never before released titles (such as NIGHTMARE ALLEY and THIEVES' HIGHWAY), suggests that Twentieth-Century-Fox may have had the finest record of all the major studios when it came to film noir.",positive
"BROADCAST NEWS opens with a series of brief vignettes that are a clever way of starting a story about TV anchors who have no clue as to what they're reporting about.<br /><br />At a speech before a group of would-be reporters, all of whom are bored by her presentation, most of them leave. When the last one exits, the co-host of the event says quietly to HOLLY HUNTER: ""I don't think there will be any Q&A."" Subtle line in a brilliantly written low-key comedy, a farce about the show biz aspect of TV anchoring.<br /><br />WILLIAM HURT is the inept news anchor who finds himself working with HOLLY HUNTER as the network anchorman. Hurt badly needs help in remedial reporting and Holly refuses to take the bait--at first. He knows he's only capable of looking good, but is not a reporter. He proves to be a quick study as long as his earpiece is working and he's getting all the straight info from executive producer Hunter.<br /><br />Holly's other anchor friend (ALBERT BROOKS) helps by feeding her information she passes on to Hurt. Of course she becomes conflicted about her feelings for ace reporter Brooks and equally strong attraction to the pretty-boy anchorman Hurt, who's having his own dalliance with a pretty staff member.<br /><br />You have to wait until twenty minutes before the film ends to find out which man she'll end up with. Brooks tells her that Hurt is the wrong one because he represents everything she's against. In this unpredictable comedy, there's no telling who Hunter (the neurotic heroine) will end up with.<br /><br />Fittingly, HOLLY HUNTER, WILLIAM HURT and ALBERT BROOKS were all nominated for Oscars (Brooks in supporting role), as was the film itself and director/writer James L. Brooks. All in all, seven well deserved Oscar nominations.<br /><br />The script doesn't opt for a conventional happy ending--and, in this case, that's the only flaw for the brilliant screenplay. I felt cheated and somewhat let down by the wistful conclusion.",positive
"Thanks to the BBC for this show. I used to suffer from an inferiority complex, I hated leaving the house, talking to new people and I had an overwhelming sense that people hated me. However after watching one episode of 4 Non Blondes my fortunes started to change. After episode 2 I started applying for new jobs, wearing fashionable clothes and I actually felt talented. When the series had finished I was running the sales department at work, banging a plethora of women and frequently won the karaoke competition down my local. If you ever have a confidence crisis and don't know where to turn then take a trip down to Poundland and pick up the DVD it's only 99p.",negative
"Ya know, I have no idea how everybody else's teenage life was, but this does not reflect the folks I knew and hung around with let alone, myself. And just in case if you're wondering..NO..we weren't pristine/clean cut/Pat Boone type teens. (If there was ever such a thing!!!!)<br /><br />Look, I'm NOT saying being a teenager is easy. The better, well actually the BEST teen movie of this time is ""Fast Times at Ridgemont High"". Now those kids I knew and were as realistic as it got back then (and maybe now).<br /><br />This was crap. This was a low rent version of Fast Times and even then it didn't do much for me. It had a few moments, but not enough for me to recommend this, or even claim ""this is how it was for teens back in 1982"". I couldn't relate. The lead girl (girls) did nothing for me and please if they really wanted to keep their virginity, they would have, in which case, this film would not have been made. Pure crap and a bad staple to be left behind as a time-capsule cinema for teens/young adults in the early '80's.",negative
"THE FEELING of the need to have someone play the role of Arbiter of Public Taste and Political Correctness always manages to get under our skin. It does seem that these self-appointed, self-superior, pseudo-intellectual types do appear everywhere; be it in one's family, church or bowling league.<br /><br />THESE are the guys who would have society completely disregard and ignore all that went before us; unless, of course, whatever 'it' is does not fly in the face of today's ""acceptable"" language, mores and general ""standards"" of ""proper"" behavior.<br /><br />SO it is that these latter day, high tech book burners have targeted a great deal of what was Hollywood's greatest achievement; namely their participation in our own Allied Propaganda via their unselfishly crafted message and theme films.<br /><br />COLDLY brutal in its generation, the Banned Code and List of Now Unacceptable extends into the Wartime Cartoons that don't meet with the new touchy, feely socially engineered 'official' attitudes; which these ""Thought Police"" have foisted down upon us.<br /><br />WE were truly surprised to see that there seem to be volumes of such animated short subjects. The majority we are aware of are from Warner Brothers' LOONEY TUNES and MERRIE MELODIES; featuring Bugs, Daffy, Elmer & Porky, all in conflict with Hitler, Goerring, 'Il Duce', Tojo and the like. Surprisingly though, we found an ample supply of cartoons from MGM, Walt Disney, Lantz, Paramount-Famous Studios and the Brothers Fleischer.<br /><br />YOU'RE A SAP MR. JAP (Famous Studios/Paramount Pictures, 1942) is a prime example of just what we're talking about.<br /><br />BEING virtually indiscernible from the cartoons that were the output of the Studios of Max and Dave Fleischer before the 1941 business coup-de-tat that moved them out, bringing the new name of ""Famous"" Studios, YOU'RE A SAP MR. JAP bore none of the bland plot elements that would reduce the latter day Popeye Cartoons down to the level of the ultimate formula short movie.<br /><br />WE all remember how we'd have Popeye and Olive Oyl together. Enter Bluto, usually the exponent of wolf whistle and an on acceptable on-screen version of a Male reaction to feminine pulchritude. Olive falls for Bluto's less than honorable attentions; until he gets a little too physical and invariably blurts out, ""Hey Babe, how 'bout a kiss?"" At this point we hear ""Help! Help, Popeye and the diminutive sailor shows up to save the day; replete with the obligatory can of Spinach! DO we exaggerate, Schultz? ONCE again this JAP SAP cartoon is nothing like any of that. Oh sure, it follows the storyline of now having Popeye in the U.S. Navy. The Brothers Fleischer put the little guy in the service in 1941 to conform to the mood in the country and as an open gesture of support for the men now being conscripted in the first Peacetime Draft in United States History. Max and Dave even put Popeye in service aboard the mythical Battleship, the U.S.S. Pensyltucky.<br /><br />OUR point is just this. YOU'RE A SAP MR. JAP and others like SPINACH FER Britain aren't cartoon vehicles for comic relief in the Theatre's program at all in the true sense. Rather they are a sort of grouping of Editorial Cartoons much like those from any ""Great Metropolitan Newspaper"". These animated shorts, much like those still one panel illustrations, have characters that are highly symbolic and representative of Nations, Ideas and Ideals, such as a just and lasting Peace. In most cases, the hero (Popeye, Bugs Bunny or whoever) is alone with the symbol of the Enemy. Both are highly exaggerated visual metaphors for abstract concept and thought; even if they are cloaked in humorous trappings for wider palatability.<br /><br />OUR liberal stupidgencia (the antithesis of intelligencia) may not see themselves this way; but for this sort of behavior, they are no more than Neo Nazi Book burners.<br /><br />PLEASE, allow the future generations to view and appreciate a view of past happenings that is both Historical and Humorous.<br /><br />POODLE SCHNITZ!!",positive
"The Monkees, surprisingly, are a big favorite of mine. Yes, they might have been the original manufactured rock band; a gimmick that certainly has reached overkill in the 21st century. However, their music holds up as some of the best the 1960's had to offer. Last Train To Clarksville, Daydream Believer, I'm A Believer, (I'm Not) Your Stepping Stone, Valleri and Pleasant Valley Sunday are great songs, written by good songwriters such as Boyce/Hart, Neil Diamond, Goffen/King and John Stewart. While they weren't great musicians or songwriters, they had a likable screen presence and plenty of appeal and some of their own stuff was actually decent. Their T.V. show is dated stuff in 2007 but I still watch the show on occasion as a time capsule to life in 1966-1968; that magical and dangerous time in U.S. history.<br /><br />However, as we all know, as a portent of things to come for the likes of Kelly Clarkson, The Monkees didn't want to be considered manufactured and just puppets for their recording company. Despite their average talents, they wanted to write their own songs, produce their own albums and call the shots when it came to tours. Sadly, this turned out to be a disaster; especially when Peter Tork's choice of Jimi Hendrix as an opening act was nixed due to his stealing of the show and heavy sexual suggestions in his music compared to The Monkees G-Rated content.<br /><br />However, the final nail in the coffin for the Monkees (until 1986) was the infamous motion picture Head. Head was written by Bob Rafelson and Jack Nicholson while they were allegedly high on the Mary-Jane. The film received poor reviews and only made $16,000 in the box office. Today, the film is a cult classic, ahead of its time and delivers a message of what was on the minds of the youth in 1968, the Summer Of Anger.<br /><br />Head really has no plot. Basically, one to four of The Monkees lurch from scene to scene without any rhyme or reason. They go from eating in a diner, to seeing Davy Jones getting bashed by Sonny Liston, to a Western, to being sucked into a vacuum, to performing at a concert and so forth. The film basically offers up oblique opinions of what was wrong with American society. The Monkees bash commercialism, the war in Vietnam, American policy, censorship, the Establishment and greed. You have to read between the lines to see what the targets of derision were.<br /><br />The Monkees spend a lot of time boxed up at certain junctions of the film, symbolizing how they felt their record company saw them; as nothing but toys for them to play with when it was time to record another hit album. A scene where they are outnumbered 16-4 in the Western scene could be a symbol of them against the session musicians, songwriters, record producers and whatnot who controlled their careers and the cannon they fire at them is their way of saying ""Begone!"".<br /><br />The film is truly a psychedelic trip to behold. The flashy tie-dye colors, the hypnotic concert and belly dancing scenes and the druggy imagery is everywhere. The acting is actually very good but that's being biased as I like The Monkees T.V. show. A small soundtrack features ""The Porpoise Song"" and three songs written by The Monkees themselves.<br /><br />The film actually has some hilarious scenes on occasion; although maybe they weren't supposed to be. Mickey Dolenz beating up a Coke Machine that didn't give him a soda or his violent punch-ups in the boxing scene (I mean, he was a wiry guy who probably weighed no more than 135) had me laughing it up.<br /><br />All in all, this movie is an absolute must-see for any Monkees fan. I think a lot of people will feel this movie is indeed ""over their Head"" but for those obsessed with the 60's and society at the time will find it a great time capsule.",positive
"My interpretation is that the term 'distant' is used in the sense of the opposite of 'warm'; people who are not warm toward others. The film reminds me of the teachings of the Dalai Lama in 'The Art of Happiness' where his main point is that the key to happiness is connecting with others. Not only are the characters in the film insular, but they are also humorless, charmless, shy, quiet and unfriendly. These characteristics appear to prevent them, amongst other things, from forming and enjoying relationships and being able to talk about and deal with their problems. And as a result they are terribly unhappy. I see it as a strong vindication of the Dalai Lama's teaching (I'm not a Buddist by the way). If you are one of the people who thinks that their behavior is a natural response to living in a large city then I think you may be right but I recommend the Dalai Lama's book. City life need not be like this.<br /><br />I can see why some people found it boring - it does drag a bit in places and the characters are not particularly likable. And it does contrast to Lost In Translation where the insular characters are much more likable and do connect with one another even though they don't connect with people generally.",positive
"FIVE STAR FINAL was one of the best films of the early 1930s. It starred Edward G. Robinson and was a very gritty story about a sleazy newspaper and their willingness to do anything...ANYTHING to sell newspapers. In particular, an old story of an innocent woman is plastered across the pages and helps to destroy her now happy life--many years after she was inadvertently involved in a scandal. The reason I loved the film so much was that it was unflinching and pulled no punches--showing just how low the publishers can be to sell papers.<br /><br />Here in TWO AGAINST THE WORLD, it is a remake of FIVE STAR FINAL--with a few changes. Instead of Robinson, this film stars Humphrey Bogart and he is the head of programming at a radio station, not a newspaper. Otherwise, the story is essentially the same--except that it's a bit less edgy and lacks some of the grit and sensationalism of the original. This isn't to say the film is bad--it just doesn't pack quite as good a punch as the first film. In other words, if you must see one of these films, see the first--though this film is quite powerful and enjoyable as well. As for me, I loved the story so much, I saw both films and enjoyed them both.<br /><br />TWO AGAINST THE WORLD begins with the UBC radio owner complaining to his programming head (Bogart) that all the ""high brow"" shows he's put on are getting low ratings. The owner demands muck--lots of muck in order to get more listeners. One way they discuss is to do a multi-part dramatization of a famous killing that occurred two decades ago--even though the killer was acquitted and she killed only in self-defense. However, they decide to play up the story as if she was guilty and they even go so far as to both send a writer to the lady's home pretending to be a minister(!) as well as broadcasting her current name and whereabouts. Needless to say, this ruins the woman and leads to a horrible tragedy. Then, and only then, does Bogart feel any real remorse for producing such garbage--leading to a dandy finale about journalistic integrity and decency.<br /><br />Well-acted, a great story idea and a message that is just as important today as it was back in the 1930s, this is one story you have to see. In particular, notice the wonderful and very emotional confrontation scene where the daughter attacks the owner and Bogart---it is one heck of a great example of acting and writing.",positive
"This movie is about Tyrannus, a gladiator who is brought back from the dead to summon Tyrannus, a gladiator who must be brought back from the dead. Tyrannus, we learn after about an hour, is also called Demonicus. This adds much needed depth to the screenplay and calls into question our assumptions about identity, psychology and ourselves. <br /><br />The spirit of Tyrannus accomplishes his little to-do list (killing some people and saying repetitive phrases in Latin) by possessing the body of a college guy. He uses a magic mind-control helmet to do this, which the college boy willingly puts on his head, and then at several points in the movie, takes off and puts back on.<br /><br />Maria performs oral sex on a poor man's Sean Willian Scott, and Tyrannus wears the Rollerball glove. Tyrannus has his own green backlighting for no reason, and has apparently been sitting next to CG fire in an ancient concrete tunnel for centuries like this. Utter misfortune.<br /><br />This movie is empty and will hurt you. See it.",negative
"lovely. i just love the movie. i want to see this movie because Rupert Grint is a fantastic actor. his expressions are great, spectacular. the movie was excellent. Julie Walters it was perfect too. I think that Rupert is the only boy with red hair that i love. Rupert have a beautiful smile, a beautiful voice. and a wonderful accent. i think that the movie was great and was great see Rupert in another thing but harry potter. and its a very good actor, so it deserves that and more. he just have a golden globe but probably it deserves an Oscar academy award. there are some actors that do not act very well but have a Oscar anyway. it does not matter. but he is perfect, brilliant and beautiful",positive
"This movie is full of pseudo deep thoughtfulness and it's cloying in its writerly-ness, that includes a canned ham voice-over and some unbelievable dialogue. Dialogue that is tinny and tone deaf the way Spike sometimes (not always) is when writing ""certain"" characters. For those that like nonsense films like Pieces of April and One Hour Photo, this is another one for you.<br /><br />That said, this comment is nothing against Ryan Gosling who has shown his awesome chops in The Believer. A film that proves that movies are a director's medium, and when a movie is rotten it's fair to say the fault lies there and not in the actors.",negative
"Julien Hernandez is certainly an attractive and likable on screen persona. In fact, his character pretty much carries this whole film, or what's worthwhile about it. The problem is, with the exception of his gal pal (played by Marisa Petroro) and Paul Lekakis (as a trick/date/ boyfriend for some of the characters) no one else even comes close. Hernandez plays a 30- something director of Cuban heritage, and unknown sexuality, who comes to L.A. and gets a job making a gay documentary. In the process of meeting a group of gay people while finding subjects, he comes out...but very s l o w l y. Even at 88 minutes, the film has obviously been stretched out and padded with various film-school devices, most of which only end up pointlessly interrupting the narrative (which ain't much to begin with) or pointing out the overall amateurish-ness of the film-making. <br /><br />Which is a shame, because there's a love story in here somewhere, and the final three minutes, when Hernandez's Sebastien finally clicks with a wealthy West Hollywood party- thrower (nicely underplayed by Lonnie Henderson) and they share some sexy soulful kisses, it works despite all that came before. But we don't really care about any of the other characters or their situations: Why would handsome Dante have a Eurotrash priss for a boyfriend? He wouldn't. And don't even get me started on Sebastien's friend Paulie's ""rules"" for dating -- no gay man I know, hell no sane person, period, would put such constrictions on himself or others. And please tell me how Sebastien gets a peeled banana (which is normally fairly shmushy, right?) stuck up his butt and has to go to a doctor to get it removed? <br /><br />I noticed Hernandez won an award for this film as a ""short"" -- it probably should have stayed that way. All this said -- I'd look forward to seeing Hernandez on screen again, in a better scripted comedy with more assured direction.",negative
"Thanks Jymn Magon, for creating Disney's 2 best cartoons ever. This show has improved very much over the years. As a kid, I didn't like it because I thought it was a rip-off of Ducktales, which was my favorite Disney thing at the time (like Grandmoffromero). Then later on though it was good but not great. But after reading the reviews here, I decided to give it another chance & bought the DVD set & watched the whole pilot the first day I got it, & was very pleasantly surprised. It's still my favorite episode, although the series did live up to it. And by the end of disc 1, I knew this was going to be a top tenner.<br /><br />The characters are so complex & charming. My favorite has got to be Wildcat. He's absolutely hilarious and sweet to boot. My next favorite is Baloo, the best pilot on the show. I can see why 'ol Jymn built the show around him. Then it's Kit Cloudkicker. He & Baloo have the best relationship in the series. After that, Louie. Jim Cummings did a perfect job of impersonating the original voice. After him, Rebecca. She has made me laugh pretty hard, and I do believe she and Baloo eventually marry. And finally(for the heroes), Molly. Although she's my least favorite, I still like her. I think she's a very cute character(much better than Webby from Ducktales). And the villains were very original. Don Karnage & his air pirates always crack me up, Kahn is ice-cold and ruthless, and the Thembrians are always at least amusing.<br /><br />As said before, the stories range from hilarious(Time Waits For No Bear, Romance of Red Chimp) to nothing short of touching(The Old Man & the Seaduck, Paradise Lost), to fun, funny & exciting adventures(In Search of Ancient Blunders & my favorite For Whom the Bell Klangs). These are only a few of my favorite episodes. Anyway, Talespin is Disney's best, aside from Gummi Bears Some reasons for this? GB had a decent amount of my favorite character(Cubbi), while TS didn't have enough of Wildcat. But in the end Talespin remains a classic. BOTTOM LINE- 10/10 6th best cartoon ever.",positive
"I'm not one of those folks who bemoans everytime a film based on an old TV show comes out. Rather, I usually run out and see it (If I had watched the show) and try to get nostalgic. But if anyone feels like running down films based on old shows, this is exhibit A (So you can actually say something more than just ""McHale's Navy""). ""Mod Squad"" is dreary, tiring, and lethargic. At least the original series was angst riddled long before anyone knew teens could be so glum, making it groundbreaking. This is just tedious. Claire Danes is nice to look at, but does nothing else but mood swing and sneak around spying on the baddies. Giovanni Ribisi's acting extent in this flick is that Droopy the Dog look for an hour and forty five minutes. And Omar Epps looks like he wants to flee the set, but the script's chlostraphobia has trapped him. Sure, the production is nice, with the now seemingly obligitory ""rave"" nightclub opening action sequence and shootouts galore. Oh, and the kids yell and get mad at each other and their superiors a lot too. It's kind of like deciding to use the Scooby Doo Mystery Machine to go on a family vacation to Hollywood with your teenage kids who you and your spouse know need heavy therapy and prescription drugs. I really wanted to like this movie, and there were promising moments, but the next scene would suck the life out of it. You can knock another Spelling remake, ""Charlie's Angels"", all you want, but at least that film knew it wanted to have fun with itself. ""The Mod Squad"" makes you wonder where the inspiration from the original series went.",negative
"This has to be the worst movie i've seen this year.. and i watch a lot of cable. The plot is just ridiculous, the scenes are just thrown at you with no action, no start or ending of any scene.. it's just random idiots with make-up that scream in some plane.. The ""special effects"" ( Spielberg would laugh his ass off ) are horrible, the yellow eye contact lenses are cute though.. I have to admin that i couldn't bear to watch it to the end. The scene where the great scientist Bennett was holding for dear life by the engine body was too much for me.. I'm sorry for my bad English.. i am from Romania ( and this is my first post ). I had to sign up just to make a comment on this movie because i just can't believe that this is a movie released in 2007.",negative
"The recent boom of dating show on U. S. television screens has reached a fevered pitch since the first episode of ""The Bachelor."" Unsuspecting audiences have since been subjected to countless clones and variations, including ""The Bachelorette"", ""Joe Millionaire"", ""For Love Or Money"", and the execrable ""Married By America."" Hoping to cash in on this trend, and simultaneously tap and exploit a new demographic, Bravo has unleashed the disastrous ""Boy Meets Boy"" upon the world. And may they have mercy on us all.<br /><br />The premise is simple and is designed to be light-hearted: an eligible gay man is courted by a number of suitors, eliminated show by show until one is left, but there's a twist. Half of the men are actually straight. This is not much of a big deal, but the inherent viciousness of the scenario kicks in after hearing the pay-off: if, at the end of the show, the gay man picks a straight man in disguise, the straight man wins a cash prize. The gay man gets nothing, or at least nothing more than a few parting gifts, a pat on the back, and a hearty round of ""Aren't you embarrassed? Well, thanks for playing!""<br /><br />Just the like the equally painful ""Queer Eye For The Straight Guy"" (another Bravo program), this show is another example of stereotypes run amok. What makes it even worse, though, is the fact that straight men are playing UP these stereotypes for cash. The producers of this show believe that all you have to do is put enough hair gel in a man's hair, dress up in Abercrombie & Fitch with a pair of designer sandals, strip him of all body hair and fat and voila! It's the gay equivalent to putting a white performer in blackface, and just as offensive to those of us -- like myself -- who are genuinely gay and don't dress/act like that. It implies that gays have no variance or chance for individuality, that they can't behave like real people, only like stereotypes. Never mind the fact that the bank of suitors is sorely lacking in any kind of diversity. All are gym-toned, most are white, and all look far too scrubbed and cleaned.<br /><br />This is another example of how, instead of fostering acceptance of gays as dynamic individuals capable of variance and change, Hollywood has again taken a stereotype and run with it all the way to the bank. I feel genuinely dirty watching this show, as show any gay man who sees this unabashed parade of soft-core pornography masquerading as legitimate television. 1 out of 10.",negative
"Now we know where they got the idea of Snakes on a Plane. To put it bluntly, do not pay to see this movie. If you really want to waste 90 minutes of your life, then either catch it on cable, or get it as a free pick from NetFlix or Blockbuster. Do not pay to rent this. If you do pay to rent this, then you are one stupid individual. The acting was awful, the plot was awful, everything was awful except for the snakes. Whether they were real or CGI generated, they did look pretty good. But that being said, still this movie has to be one of the worst movies I have ever seen. Even the nude dancing scene was pretty bad that I actually fast forwarded through that. Don't sat I did not warn you.",negative
"This reminds me of when I was a born-again believer who was going to be a minister. I never actually thought I would be a minister or even graduate from high school because I was almost positive I would be raptured to Heaven before that would ever happen. That was before I discovered that Christianity was a bunch rubbish. I am now an atheist, and that just proves that the ""once saved always saved"" doctorine that Christians tell us is no more real than elves. If it were true then why did I leave after many years of being a devout born again believer? Yes, I really was saved. I prayed that silly sinners prayer with all my heart.<br /><br />If Christians were to read their Bible they would discover that their god thinks like rape, genocide, abortion, and many other atrocities are alright according to him. They might be surprised to learn that no where is the word ""rapture"" mentioned.",negative
i was like watching it right and i was all like oh this is so totally awesome-full and then i was all like ya quite good indeed so i really enjoyed all the amazing dangers and all the British people and i think that the doctor is very a good doctor in his way of doing such wonderful doctor-y things and he was a very strange man and i was like maybe i won't like this guy because hes a new doctor and i like the old doctor thats not this guy but then i watched him and i was like oh this is awesome and i liked it so then i watched and enjoyed the great evil enemies and the great conquering of the evil guys and the happy doctor who is quite scary and happy looking,positive
"Only Connery could bring that particular style with a line like that Fatima crashes into Bond's arms when she water-skis up to the super agent in Nassau and apologizes, 'Oh, how reckless of me. I made you all wet.' The super agent replies, 'Yes, but my martini is still dry.'<br /><br />Barbara Carrera makes a great villain, stealing the show as SPECTRE executioner Fatima Blush Fatima is number 12 in the SPECTRE chain of command, and is a gorgeous assassin who takes intense sensations of pleasure in killing <br /><br />Fatima assumes all the deadly characteristics of Fiona, proving to be one of Bond's toughest adversaries She is a victim of her vanity She's good at what she does, and wants the world to know it But her vanity is her downfall Using every possible approach to eliminate 007, Fatima is a wild and cunning woman who makes love to the man she is about to kill <br /><br />Austrian actor Klaus-María Brandauer (Largo) does not make a very formidable opponent for 007 Referred to as number one in the SPECTRE chain of command, Largo resides in the Bahamas, and travels aboard his super yacht, the Flying Saucer <br /><br />Max Von Sydow becomes the fourth actor to appear as SPECTRE chief Ernst Stavro Blofeld, once more plotting to put the world at ransom <br /><br />Kim Basinger takes the part once owned by the lovely French actress Claudine Auger She is Domino, the mistress of Largo, who soon falls deeply in love with her rescuer <br /><br />Black actor Bernie Casey becomes the sixth actor to play CIA agent Felix Leiter after Jack Lord, Cec Linder, Rik Van Nutter, Norman Burton, and David Hedison...<br /><br />Edward Fox portrays the new, unsympathetic 'M.' Pamela Salem is the third actress to play Miss Moneypenny. Lois Maxwell was the first and Barbara Bouchet was the second.<br /><br />Valerie Leon is the sexy lady in the Bahamas who fished 007 out of the blue water and saved his life by making love to him in her own room Valerie was the Sardinian hotel receptionist in 'The Spy Who loved Me' when Bond and Anya arrive seeking Stromberg<br /><br />Prunella Gee is Shrublands physical therapist Patricia Saskia Cohen Tanugi is Nicole, Bond's Secret Service contact in the South of France <br /><br />Gavan O'Herlihy is Jack Petachi, the U.S. Air Force communications officer who duplicates the President of the United States' 'eye print' and arms two cruise missiles with nuclear warheads <br /><br />Rowan Atkinson is the bumbling foreign officer Nigel Small-Fawcett; and Alec McCowen is Algernon, the armorer who provides 007 some formidable items <br /><br />If you like to see Connery playing a tense battle of wills, disguised as a masseur, attacked by robot-controlled sharks, giving away a considerable amount of money for a tango dance, thrown into a medieval dungeon, don't miss this second of only two ""unofficial"" James Bond films",positive
"For that matter one of the worst FILMS ever made. Plot goes as follows. Slog through jungle looking areas for 10 minutes or so. Have Bo go somewhere and strip. Slog through the jungle some more. Give Bo another excuse to strip. Back to the jungle. Oh look! There's a Tarzan looking guy! Strip, Bo - strip. Kill the safari people. Tarzan looking guy has a fight scene. Saves Bo. Bo strips. Run credits. Run credits, run.",negative
I saw this on a boring Sunday morning just this morning. Well I was drawn to the fact that it's an outdoor movie.. I was hoping to find some nice sceneries but it the views where just limited.. They just go back and forth in the same spot all over again.. I hate it when they're using this so called hi-tech stuffs like the this Motorola blue-tooth headset they're using to eliminate the use of a walkie talkie it was just so funny.. they look like amateurs. And they where like advertising those badly designed alien-ware Laptops that could link up to a satellite to find people.. I couldn't say more about this TV-movie.. The ending was bad that it looks like they cut it short eliminating the use of rescue helicopters and etc.. */**********,negative
"I almost made a fool of myself when I was going to start this review by saying "" This movie reminded me of BILLY ELLIOT "" but then I looked up the resume of screenwriter Lee Hall only to find out that he was the guy who wrote BILLY ELLIOT so it's Mr Hall who's making a fool of himself not me <br /><br />Am I being a bit cruel on him ? No because Lee has something most other aspiring screenwriters from Britain don't have - He has his foot in the door , he has previously written a successful British movie that won awards and made money at the box office and what does he do next ? He gives the audience more of the same <br /><br />Young Jimmy Spud lives on some kitchen sink estate . He is bullied at school and no one loves him . The only thing keeping him going is that he has aspirations to be a ballet dancer . No actually he has aspirations to be an angel but considering his household he may as well be a ballet dancer . He has a macho waster of a father who thinks "" Ballet dancers are a bunch of poofs while his granddad says "" Ballet dancers are as tough as any man you could meet . I remember seeing the Bolshoi ballet ... "" Yup Ballet is a main talking point on a run down British council estate those days - NOT . Come to think of it neither is left wing politics which seems to be the sole preserve of middle class do gooders who live in nice big houses , so right away everything about this set up feels ridiculously false <br /><br />Another major criticism is that this is a film that has no clue who it's trying to appeal to . I have often criticised Channel 4 for broadcasting movies at totally inappropriate times ( THE LAND THAT TIME FORGOT at 6 am for example ) but they showed this at 2 am and for once they've got it spot on . Considering the story involves politics , ballet dancing ( Gawd I hate it ) lung cancer and poverty there's no way this can be deemed suitable for a family audience but since the main protagonist is an 11 year old child and features angels and ballet dancers ( Don't blame me if I seem obsessed with the subject - there was no need to refer to them ) there's not much here for an intelligent adult audience either . <br /><br />Of course if Lee Hall had been told at the script development stage by the producers that he should write a story featuring a schoolboy and an angel and had flatly refused saying that he wanted to write about other themes and stories then I will apologise but throughout the movie you do get the feeling that once the film was completed it was going to be marketed to the exact same audience who enjoyed BILLY ELLIOT",negative
The old man mouse in this cartoon would have you believe that all men are created equally EVIL............so if we have to kill men in order to stop Hitler..........we are just as bad as Hitler was killing the Jews........ Well.....I don't buy it Mr. Mouse............but I guess it paints a pretty picture and makes a cute cartoon.......but it wasn't the reality then and it ain't reality now.,negative
"This tender beautifully crafted production delved deep down bitter sweet into my being. The irreverent pupils, the life embittered bus driver and the teachers personalities present a subliminal debate as the story unveils. The adult characters all seem familiar, my teachers, my bus driver, each one of their opinions so plausible and well known. When a key incident happens on the bus we are sent on a circuit of viewpoints. All the time the babble of teenage energy is only just kept under control by the organisers of the trip. Mr Harvey is experiencing much pain throughout . He reminds me of war damaged teachers I did not understand when I was an irreverent pupil.<br /><br />Rhidian Brook and the producers deserve much acclaim for this well shaped British film. The acting unblemished, the scenes appropriate, it should be widely available yet does not seem to have been given the right opportunity.",positive
"Having not read the book, I was more open to the fresh interpretation that each director gives to their medium (which is film, not ""to the letter"" reproductions of literature)on this particular film. I was happy that the holocaust that occurred in Russia (and it's neighboring countries) finally received some attention. The Nazis were particularly cruel to Russians and Russian Jews. If you read the histories and see the monuments built in Smolensk and nearby regions you will understand this movie and why many kept silent when they should've spoken up.<br /><br />It was certainly time for this to be chronicled and I hope that more stories will come out of this. It's high time.",positive
"I spent 5 hours drenched in this film. Nothing I have ever seen comes close to the delicious funk this film left me in. Never mind females advanced aging dilemma's, human fear vaults off the screen for your viewing. Personally engaging to the ninth degree, the film invests one with an undeniable shared feeling for our lives'. I enjoyed this dalliance with raw wounded gall deep from within. It empowers a mutually shared vestment in the history of human encounters reaching far deeper into the pain, isolation and skewed views of self and others. The result forgives our tepid forming of a bridge away from the muddy sludge of dead we must encounter. The birth in finding real people is a happy pursuit. The effort for realism intersects with the dark ground of our bankrupt culture.",positive
"A Disney movie that dares to do something different should at least be awarded for effort. ""Holes"" doesn't make the same mistakes as one would expect from a Disney movie about troubled teenagers put in a camp. For the first time events are not explained in details. The flashback scenes really do serve a purpose and present several mature topics that may surprise the viewer. I must admit that at first I was a bit put off by the seriousness of the movie. But soon I realized that we had to endure those moments to see the beauty of the story. Besides the story this movie also does a good job of questioning some methods that are used in correctional facilities. (One example where Caveman is forbidden to teach Zero to read because they have to dig holes in order to build character,like learning to read won't contribute to that). ""Holes"" is a movie that is smart and beautiful. A must watch!",positive
"Treading Water is a very beautiful movie. I would put it straight under the wonderful short movie : Cosa bella from Fiona MacKenzie. It's not only about coming out but also about tolerance and acceptance in general. I am looking forward to seeing more of Laurel Himmel's work in the future. The actors, Angie Redman and Nina Landey are quite good. The main characters relationship could have been strenghtened a bit as we understand there is a very strong bond between them but maybe this could have been explained a bit. I am surprised that Angie Redman doesn't appear much in other movies. A great first step as a director for Laurel Himmel, I am sure there's more to see from her skills.",positive
"I think Charlotte Gainsbourg is one of the best performers in the world. I can't understand why some people say she's not. Boring....??? Maybe the one who said she's boring is because he/she is boring. She's a great actress and the movie was excellent. It has lots of wonderful ideas and very good performers. The direction was great. I imaging myself in the French environment with all the sophistication and perfume, flowers, churches, problems, etc. When she goes to the sister's shop is simply amazing. Everything's great. We have a very good actress, wonderful, for long time. Alain Chabat and Bernadette Lafont are perfect. I like him more than in his next movie LA SCIENCE DES RÊVES. And Eric Lartigau did a very good work.<br /><br />Ana",positive
"I`ve seen this movie twice, both times on Cinemax. The first time in it`s unrated version which is soft-core porn at it`s best and the second time in a trimmed down (cut all the sex and most of the nudity out) version which was entertaining in a typical beach movie sort of way. The unrated version has a tremendous sex scene with Nikki Fritz, a dude and a bottle of oil which is out of this world (no pun intended). Unfortunately, in the trimmed version that scene is almost completely chopped out, as are all the other sex scenes. Rated or unrated it is still fun to watch all the siblings of bigger stars (Stallone, Sheen, Travolta, etc;) trying to act. We also get appearances by B-queen Linnea Quigley and Burt Ward (Robin from the old Batman series).",positive
"right the hospital scene with Holly and Shannon was done brilliantly it starts off with Piper On A gurney looking very badly injured, the docs race her into a resuscitation room & they move her from the gurney onto a bed and Prue Holds Her Hand from that point on it is obvious that Piper is having a lot of trouble breathing and her lungs are failing, as she turns to beg of Prue to not leave her side she gaps ""don't go i love you and then her pulse drops and she goes into cardiac arrest & the monitor shows a clear flat line & the nurses go into full out trauma mode & bring in a defibrillator Prue Steps back from the bed in horror as the doctors desperately try to shock her dying sisters heart but there is no response and she is tragically pronounced dead well great scene well done girls",positive
"I didn't really expect much from ""The Night Listener"" and I actually never heard of it until I saw the cover in the videostore. However, the movie is very effective when it comes to building up suspension and tension. On occasion it drags a little, but it actually helps to keep you wondering what's going to happen and more importantly: when. As the movie progresses, the character played by Robin Williams gets dragged into some kind of ""cat and mouse"" spiel to the point where he becomes obsessed with finding out the truth and existence about a 14 year old abused kid that no-one seemed to have ever seen in person. The Night Listener is an interesting story, which is great in building up the suspense throughout the movie and you're pretty much kept in the dark of who is lying and what's real. However, in the end it kind of disappoints and doesn't live up to the potential it could have had. It doesn't really give you a detailed or plausible explanation about the other main character, which would have been helpful and interesting.",negative
"Not since Bette Davis's 1933 vehicle ""Ex-Lady"" have I seen a film that was so much better than its star said it was! Most of the bum rap ""Atoll K,"" a.k.a. ""Utopia,"" a.k.a. ""Robinson Crusoeland,"" a.k.a. ""Escapade"" has got over the years has come from the horror stories Stan Laurel told of its production. Given that he suffered a stroke during filming, looked like death warmed over through much of it (from the opening two-shot of them together you'd never guess that Laurel survived Hardy by eight years) and was subsequently diagnosed with diabetes (once he adjusted his diet accordingly he restored himself to health), one can understand why Laurel didn't think this film was the most pleasant experience of his life. Yes, it's flawed: the cheapness of the production shows through, the dubbing is awful and Laurel and Hardy were too old to do the energetic slapstick of their greatest films. But it's still genuinely funny, and Léo Joannon's story introduces elements of political satire (sometimes libertarian, sometimes communalist) one would expect to see from more socially conscious comedians like Chaplin or the Marx Brothers but never from Laurel and Hardy. The film deserves credit for being different (though its debt to the Ealing Studios' classic ""Passport to Pimlico,"" made just a year earlier, is pretty obvious) and for integrating the Laurel and Hardy comedy into a rather edgy context completely different from anything they'd used before. This isn't a great movie, but it's certainly better than the eight dreary ones for Fox and MGM they'd made in the early 1940's. I suspect only the film's technical crudity kept it from earning the cult following among anti-establishment baby-boomer youth the Marx Brothers' ""Duck Soup"" acquired in the late 1960's/early 1970's.",positive
"This movie was an attempt to go into places most don't and perhaps shouldn't venture into. It was a similar trial at the bizarre, head-case perspective given to us in The Cell, although not near as in-depth and well portrayed. The plot is constructed simply with an initial campy feel to it. Then, as the movie takes its supposed ""dramatic"" turn, the plot falls apart on what few legs it had to stand on in the first place. <br /><br />Basically the idea is that of a kid (Chris McKenna) who needs money. He takes on the role of a hit man, killing a city accountant. Then he doesn't get paid for his work but instead gets tortured for several days because he dreamed up the ""brilliant"" idea of trying to use a backup file he had as leverage for payment. This idiotic move at trying to force them to pay him backfires as he is horribly and endlessly abused. He begins to go crazy (some very disturbing scenes). Then, thinking he has paid for his sins and can start over, he visits the wife (Kari Wuhrer) of the man who he killed and wins her affections. Soon after she discovers who he is, tragedy strikes, and revenge sweeps through the air as the boy goes after his torturers (Daniel Baldwin, George Wendt, Vernon Wells) for their previous ""kindness"".<br /><br />I got to ask though, what is it with Kari Wuhrer and horror/gore type films?<br /><br />It seems everything she has put out lately has been in this genre. Granted, I liked her in ""Eight-Legged Freaks"" and she was okay in ""Anaconda"". But despite all her obvious cuteness and allure (wow, she's hot!), she can act much better and chose better roles. Or maybe, I'm wrong and that is just a misconception. For all you guys out there, you get to see the ""fully monty"" of her in this film, although it's rather bizarre and short-lived. I almost felt like she did some soft-porn after watching this film (something not foreign to Kari's career). The sex-simulation is such that it has to make you wonder what things really go on during filming. <br /><br />Anyway, I will say there is some good acting. Just don't expect much of it from Daniel Balwin, whose career seems forever destined to second his brother Alex's. The film did bring out a few old greats though, George Wendt (Norm from Cheers) and Vernon Wells (Commando, Weird Science). Above all, Chris McKenna does the best job in playing the main character, Sean Crawley. His little acting experience and yet his believable nature as a naive youth, bring some elements of substance to the film. <br /><br />I wouldn't go out of my way for this one. If you're bored and are tired of the same old episodes of ""The Hitchhiker"", then I might advise watching this.<br /><br />And Kari, please start acting in some better films!",negative
"Doll Master is an example of a lousy horror film, fallen somewhere in the space with it's two not so well established genres, a horror film and an emotional drama film. Seems like The Doll Master tries very hard to be a very scary horror film, but it fails. The noise of the dolls while moving is like taken from the croak of Kayako in Ju-On, and the crawls are like sadako esquire. The killing dolls will remember you a cute version of ""Chucky"". But compared to Child's Play, this film is more superb. But the story seems a nothing, the brilliant camera shots and the brilliance of acting was taken away cause of the plot.<br /><br />Don' watch this if you are expecting great shocks.",negative
"This is a children's TV series about a Mary-Sue who is at the same time, mean and bitchy. I couldn't bring my self to sit through 3 episodes of Zoey101. Not to mention that Jamie Lynn Spears can't act to save her life! What message does this show bring to kids? If you're not perfect like Zoey, you're unworthy *rollseyes*.<br /><br />It's absurd how Zoey's character is exactly the type of person who would be despised in real life yet she manages to become so popular. Then there is Chase who is basically a lovesick puppy who worships the ground Zoey walks on. Then there is the fact that all the other characters seem to have been dumbed down in order to stop them from outshining Zoey. I'm sorry but the characterization in this show = extremely unrealistic.",negative
"-may contain spoilers-<br /><br />Clearly, who ever made this film must have had a lot of connections. I just can't see it any other way. What really surprises me is no one used the name Allen Smithee, and more surprising, everyone involved didn't use this name.<br /><br />Anyhow, where to begin. The bad dialogue, the crummy costumes, the sorry looking film stock, the unintentional comedy, the over-the-top characters, and more inconsistencies than George W. Bush's college career. I don't know what was funnier, the guy losing his arm because of a snowball, or the slow motion scene where all the baby Jack Frosts' were getting killed. Also, one of the great lines of all time was uttered in this film. ""How do we know it's him?"" Like there's another mutant snowman who can talk and kill people with snowballs! A great camp film, but a very bad film overall.",negative
"I found the pace to be glacial and the original story blown way out of proportion to the content. My wife slept through most of it and I did not try to wake her because I felt she was not missing anything.<br /><br />When Holmes and Watson enter the house and then are potentially caught, it is unclear how they could hide all of their entry and burglary tools so quickly. It is also unclear how the door to the study is locked, preventing the servants from getting in.<br /><br />The thing that puzzled me was right at the end when there was a glint in the eye of the broken statute. I have no clue what this was supposed to represent.",negative
"IT SHOULD FIRST BE SAID THAT I HAVE READ THE MANGA AND THEREFORE MY ARGUMENT IS BASED ON THE DIFFERENCES.<br /><br />This anime greatly disappointed me because it removed the comedy and high quality action of the manga and OVA. What it left behind was merely a husk of what it could have been. Many of the characters lacked the depth that is seen in the manga. Alucard is not the sympathetic character that secretly wishes for death. Walter's story lacks the betrayal. And the Nazi villains that plot to engulf the world in war are completely absent. Instead, the anime provides the Gary Stu villain Incognito who is defeated against what appear to be all odds.<br /><br />My primary complaint is not that the anime diverges from the manga, but that it does such a poor job.",negative
"This movie is very much like ""Flashdance"", you know that dance flick with Jennifer Beals. That film is probably the most boring film I have ever seen since it's not even bad enough to be funny. ""G.I. Jane"" is much better than that film, but that doesn't say much. Here Demi Moore sweats a lot and there's high music and we get to see her fight and everything, but it is certainly not very engaging. I really think the idea behind the film is kind of interesting, but the script is too clichéd and Ridley Scott can't do anything about that. Well, like I said... It's better than ""Flashdance""... (4/10)",negative
"This is a fabulous film.<br /><br /> The plot is a good yarn, and is imaginatively told in a series of flashbacks and alternative points of view. What was deliberate, and what was coincidence? Who is in love with who?<br /><br /> You get the chance to put yourselves in the shoes of each of the characters in turn (sometimes literally), and this helps define each character to a satisfying depth.<br /><br /> With a bit of effort following the twists and turns, you can understand each of the characters; and key events in the film are reshot from the point of view of different people.<br /><br /> Take the opportunity if it comes again to your arthouse cinema; it looks good on the big screen.<br /><br /> More than keeping you guessing, the plot twists to such an extent that you just sit and watch what unfolds - I defy anyone to predict!<br /><br /> But more likely you will need more than one viewing - I saw this at the pictures on its original release three times, and it got better each time.<br /><br /> The acting was very good, with a standout performance by Romane Bohringer as Alice torn in three directions by the three other characters in the ensemble.<br /><br /> A classic. The second-best film of the 1990s.",positive
"Creepy & lascivious wolf. The young ""Red"" is wearing full make-up, and extremely short shorts & robe. Got about 20 minutes through and realized it could be a pedophile's dream come true. The ""up-beat"" music sounds a lot like something I'd hear at a strip club. I actually think this movie is a sick joke - it's not a family movie. Gross, glad I was watching this with my daughter, I don't want her to think it's normal for families to view quasi kiddie porn together. Very bad, Very sad it's sold as a family film, Joey Fatone will probably be embarrassed he was in it. And what's with advertising it as a ""special effects spectacular""??? The effects do look low budget, gawd awful.",negative
"Hilariously obvious ""drama"" about a bunch of high school (I think) kids who enjoy non-stop hip-hop, break dancing, graffiti and trying to become a dj at the Roxy--or something. To be totally honest I was so bored I forgot! Even people who love the music agree this movie is terribly acted and--as a drama--failed dismally. We're supposed to find this kids likable and nice. I found them bland and boring. The one that I REALLY hated was Ramon. He does graffiti on subway trains and this is looked upon as great. Excuse me? He's defacing public property that isn't his to begin with. Also these ""great"" kids tap into the city's electricity so they can hold a big dance party at an abandoned building. Uh huh. So we're supposed to find a bunch of law breakers lovable and fun.<br /><br />I could forgive all that if the music was good but I can't stand hip hop. The songs were--at best--mediocre and they were nonstop! They're ALWAYS playing! It got to the point that I was fast-forwarding through the many endless music numbers. (Cut out the music and you haver a 30 minute movie--maybe) There are a few imaginative numbers--the subway dance fight, a truly funny Santa number and the climatic Roxy show. If you love hip hop here's your movie. But it you're looking for good drama mixed in--forget it. Also HOW did this get a PG rating? There's an incredible amount of swearing in this.",negative
"Where to start? Some guy has some Indian pot that he's cleaning, and suddenly Skeletor attacks. He hits a woman in the neck with an axe, she falls down, but then gets up and is apparently uninjured. She runs into the woods, and it turns out there's the basement of a shopping center out there in the woods. She meets a utility worker and Skeletor attacks again. Luckily, like any good utility worker, he's got a gun and shoots at the guy. Doesn't work, everything starts on fire.<br /><br />Cut to some people walking through the woods. Even though they've been hiking together for some time, they sit down and introduce themselves to each other. Wouldn't they have probably done that when they first met? Anyhow, they're ""undercover"" Delta team members (undercover, I suppose, because that way they don't have to pay to dress them in uniforms). The cute girls are various things such as a sniper school instructor and, oh, I can't remember the rest. It doesn't matter. Eventually they all take their guns out and immediately start aiming them at various things. ? Anyhow, they meet an old Indian who is sitting out in the woods. He wants beans. You know, like pork and beans? He mumbles some stuff, I can only assume that it's the premise of the movie. I relied on having heard the premise from the commercials, because you can't really understand anything he says.<br /><br />So, they walk around the woods some more. All the dialogue is a load of quasi-military, macho BS. I mean all of it, as in every single word. Like ""This reminds me of when we were in Kabul"" or ""This reminds me of when we were in Laos"". Skeletor attacks again. Let me give you a rundown of a basic attack. One of the female characters is crouched behind a tree and she aims her gun at the approaching guy on the horse. For some reason, she doesn't fire but yells several times for someone else. Then as Skeletor approaches, she jumps out from behind the tree so that Skeletor can stick her with his spear. Then everybody starts shooting. The bullets cause sparks to fly from the trees. Apparently the folks who made this movie never shot a tree with a bullet. They don't make sparks.<br /><br />Then Casper Van Diem is all of a sudden driving a semi-truck, trying to run over Skeletor. He misses, and the truck slides to a stop. Van Diem is injured, apparently he slid across the seat and bumped his hip on the window crank or something, so he crawls out of the truck and it explodes. Later he's in the woods dying and everybody says a bunch of quasi-military, macho BS. They meet a couple guys in the woods and blow their ""undercover"" status by immediately identifying themselves as being from the Army. They beat on the guys for some reason, then they go away.<br /><br />Some other stuff happens, people mumble, the camera shakes, etc.<br /><br />I think it comes to an end eventually.<br /><br />My theory is that the Sci-Fi Channel is getting a little annoyed with everyone bashing their movies, so they put this out to remind us all how bad movies can really be. Like, you think our movies are bad? Well, you haven't seen bad. HERE'S BAD!!! Okay, now that we've got that out of the way, the rest of our movies are pretty good in comparison, right?<br /><br />Well, it's just a theory.",negative
"When HULK hit theaters in 2003, it wasn't long before DVDs of the old Incredible Hulk TV show popped up in an attempt to cash in on the craze. We saw a similar occurrence a year prior when Spider-Man cartoons appeared on DVD to coincide with that hero's big screen debut. Companies leap at the opportunity to ride on the financial coattails of a hot brand.<br /><br />So the fact that this picture never surfaced on the shelves of Wal-Mart as its featured heroes clobbered the box office in the summer of 2005 says a lot. I guess everyone involved would just rather forget. To be fair, THE FANTASTIC FOUR is not as bad as everyone says. Let me rephrase that. It's not as unentertaining as all of its negative reviews might suggest.<br /><br />Veteran television actor Alex Hyde-White (no, you don't remember any of his roles) leads the way as Reed Richards, the brilliant scientist who, along with his crew, gains bizarre powers after an outer space mishap. He's left with the ability to stretch and contort his body to outrageous lengths. His future wife, Sue Storm (Rebecca Staab), can suddenly turn invisible, while her brother, Johnny (Jay Underwood), may now ignite himself at will. Then there's poor Ben Grimm (Michael Bailey Smith), the lovable lug whose body morphs into a mass of craggy, orange rock.<br /><br />Just as the friends are becoming accustomed to all of this, they are called upon to rescue the world from certain chaos. It seems Reed's old colleague Victor von Doom (Joseph Culp) is living up to his name, and that villainous Jeweler (Ian Trigger) isn't exactly helping old ladies cross the street, either. Can our heroes save the day? Of course they can; like any superhero movie, it's just a question of how and when.<br /><br />What's striking about THE FANTASTIC FOUR is how amateurish it is in virtually every aspect. The dialog is so lame and tired it sounds like it was written by a junior high drama class. The acting is so unpolished it makes a third-rate afternoon soap opera look like Shakespeare. The special effects are surprisingly good considering the minuscule budget, but there are still some positively embarrassing moments. When The Human Torch fully ignites his body, for instance, the entire movie briefly turns into a cartoon. I can just hear that production meeting. ""Oh, no one will notice. They'll be too intrigued by the action!"" I mean really, a cartoon? At least give me a mannequin on fire held up by a string! Prior to that, the scene in which the foursome come to on earth after their spaceship crashes is pure teens-in-the-backyard fare. The crew simply found a field and lit a vaguely-spaceship-like object on fire. That's the only remnant of such a major disaster?<br /><br />Of course there wasn't a whole lot to work with in the script. There is a fairly coherent story here, but it's all so simplified. When Reed and Ben decide to go into outer space, they simply drop by the Storms' house and ask if they'd care to join them. Is it really that easy? Don't these sort of things require, oh, I don't know, years of training and expertise? Not in the world of these writers, who seemed to be inspired by the underrated genius on display in FULL HOUSE reruns. But as bad as that may be, nothing can compare to how painfully clichéd Dr. Doom is. He was pulled right out of those awful superhero cartoons from the 1960s, right down to the evil laugh and slamming his clenched fist down on the table to punctuate his remarks. No comic book, least of all Fantastic Four, has ever featured a villain so obscenely one dimensional.<br /><br />Ultimately, THE FANTASTIC FOUR is saved from being a complete turkey because it's just so damn innocent. You can tell the people involved, as little talent or experience as they had, really tried. They didn't know the final result would be so embarrassing. They were under the impression that this was their big break, that people would flock to the theaters. It bears repeating that they had virtually no money to work with (and I'm sure half of that was eaten up by the cool Thing costume). All things considered, they did well, and for its many flaws, the finished product is a fair amount of fun for comic book fans.",negative
"Firstly,I must admit that it isn't a good movie. And,I would never watch this movie if Pacino wasn't in it.<br /><br />The movie is about a publicist's strange 24 hours.And he is overworked,dizzy,sick and sometimes regretful.I don't like the character at all.It's really boring,after 20 minutes you may fall asleep.And I don't understand why Pacino wanted to be a part of this horrible movie.Just because of money or what?<br /><br />Since I'm an avid Pacino fan,I bought this 2002 movie People I Know.If you haven't bought it yet,don't even think about it,it's just a waste of time.",negative
"Dean Koontz's book ""Watchers"" is one of the finest books I have read. Sadly, the movie is a sad caricature of the book. The disillusioned middle-aged hero and the lonely spinster with whom he finds a meaning to his life are converted in the movie into a couple of silly teenagers, the stoic security agent and the conscientious sheriff are combined into a farcical villain - you get the picture? The moviemakers have taken a moving tale of love, horror and adventure and converted it into a Z-Grade horror flick aimed - very poorly - at the teen market.<br /><br />Buy the book and enjoy many hours of reading - it will be far, far more rewarding than watching the movie.<br /><br />",negative
"<br /><br />This film is a summary of Visconti's obssessions: the decadence of nobility, death, aesthetic search, homosexuality...All mingled with melancholic mastery. Slow-paced just to make you abler to contemplate all its beauty (which is in the music and the images as well as in the story)this is the type of film we are not allowed to enjoy anymore, brave, deeply personal and intelligent. The genuine fruit of a genius like Visconti.",positive
"Ringmaster, Jerry Springer's pathetic excuse for wasting film that should be recycled as toilet paper recently destroyed my confidence in the art of film. First of all, it was made. Second of all, people went to see it. Third, some people voted it the best movie they have ever seen. If a monkey could make a movie, i'm 100 percent sure that it would be 1 billion times as good. Most crappy movies have their moments, (even Godzilla had a few cool special effects) this film's moment was when I left the theater nauseated. The only thing that possibly could've made this movie any worse would be if Jerry Springer was the star. If I want to stare at crap for an hour and a half, i'll take a dump in a can. If anyone didn't utterly despise this movie, I pity you, and your children, and your children's children's children; however, contrary to Springer's beliefs, I clearly don't condone children having sex.",negative
"Sorry, but Jacqueline Hyde (get it??? - Jack L and Hyde - Jekyll & Hyde) has some of the worst acting this side of hardcore porn, not to mention a script apparently written by a first-grader with undiagnosed learning disabilities.<br /><br />Jackie Hyde inherits an old mansion by a grandfather she never knew she had. Guess who? Yes, an inventor of the special formula that slowly takes over one's body and mind - yes, that Mr. Hyde! <br /><br />Despite some nice skin scenes, this film fails to register any feeling or emotion other than uncontrollable laughter.<br /><br />As much as poor Jackie tries she just can't stay away from granddaddy's special formula and the result is an hour and half of wasted time.",negative
"First, before reading further, you must understand that I'm not neo-nazi, I'm just trying to understand correctly Hitler to be sure nobody like him take power again.<br /><br />I've seen this series and found it awful. I mean, OK, it's interesting to look, but is it real? I searched for answers and found one: absolutely not. First, Hitler wasn't angry all his life, the series shows an angry Hitler, even when he is a child. Second, Hitler never wanted to abuse his daughter, in fact, it is highly probable that Hitler, in reality, was gay and fought all his life to choke this secret. Third, people will hate me but it's true: Hitler was charming. How do you think he managed to get to power if he was so hateful and ugly? Because he was charming. That's a common point I found in the interviews of people who live near or far of him (of course, not Jews).<br /><br />This series was awful because if you think that Hitler was just an angry bastard, ugly, and of course, not charming at all, you're wrong. If you think that, you will let people like him take power in countries and you don't want that. If you really understand how Hitler managed to get into power, and stop thinking he was just awful, you'll be able to find dangerous politicians like him (of course, remember he was elected) and stop theme before it's too late.<br /><br />Life is important to protect, this series is just awful to show us the truth, if we continue to see Hitler like that, another one will take place exactly as the first did.",negative
"A wonder. One of the best musicals ever. The three Busby Berkely numbers that end the movie are spectacular, but what makes this film so wonderful is the incredible non-stop patter and the natural acting of Cagney and Blondell. (Keeler is also lovely, even though she may not have been a great actress). There's a freshness in the movie that you don't see in flicks today, much less in the usually stilted 30s films, even though the plot, involving the setting up of movies prologues, is quite dated.",positive
"This stuffy melodrama is quite easily the worst film starring Ingrid Bergman that I've seen. Even her luminous screen presence can't save this insufferably slow and meandering movie that's nearly impossible to sit through without fast-forwarding a lot of it.<br /><br />Only for die-hard Bergman fans; others are very likely to fall asleep. I suggest you to watch ""For Whom the Bell Tolls"" instead.",negative
"As Americans, we have come to expect crapiness as ""par for the course"" when it comes to HORROR and unknown directors directing unknown actors acting for unknown writers. We truly expect this to suck & when they don't suck,it becomes an over night success.<br /><br />This is NOT an over night success, nor is it an over the weekend or over the month success. This blows from start to finish and my only recommendation is this: GO INTO THIS KNOWING IT SUCKS, enjoy it for what it is, for what it isn't & if you have something better to do, keep this on the back WAY BACK burner. It's entertaining in the way watching the elderly cross a busy street during rush hour, but don't expect much-they almost never get hit by an actual car, its just a lot of hoopla.",negative
"""Sir"" has played Lear over 200 times,but tonight he can't remember his opening lines.Sitting at the mirror,his eyes reflect the King's madness. His dresser prompts him gently,mouthing the words.There is an air of desperation about both these men.The great actor knowing his powers are slipping away,his valet cum major domo cum conscience cum surrogate wife - aware of his boss's decline into madness and knowing he is powerless to do more than ease his passing. ""The Dresser"" is really a love story between the two.Over the years they have become mutually dependent on one another to the extent that neither can conceive a future without the other. Set during the second world war,it concerns the fortunes of a frankly second - rate touring Shakespearean Company comprising an equal number of has - beens and wannabes led by ""Sir"", a theatrical knight of what might kindly be called ""The Old School"".Whatever part he is playing he grabs centre - stage and bellows out over the footlights,bullying his audience into applause.But,somewhere inside him,buried most of the time deep beneath the ham he regularly dishes out,there still remains an occasional glitter of his earlier greatness.It is to catch a glimpse of this that his audiences fervently hope for. Mr A.Finney very cleverly concentrates on the ham,often to the point of caricature,and,just when you are ready to dismiss his performance as mere hyperbole and bluster he will produce a moment of exquisite subtlety and vulnerability that makes you realise that a great actor is playing a great actor. The same goes for Mr T.Courtenay.It's easy to write off his portrayal<br /><br />of Norman as an exercise in stereotyping.Here we have a middle - aged effeminate rather than camp theatrical dresser sashaying his way through life,enjoying the company of ""The Girls"" and loving the wicked Insider gossip rife in ""The Theatre"".There were - and I strongly suspect still are - many men just like Norman in The Profession.Infinitely kind and patient,knowing more about the plays than many of the actors,they run backstage with wisdom and affection.I believe the vast majority of them would hoot with approving laughter at Mr Courtenay's portrait. I saw ""The Dresser"" on the London stage where,against the perceived wisdom,Mr Courtenay's ""Norman"" was rather more subdued than in the movie.""Sir"" was played by the great Mr Freddie Jones to huge acclaim from the audience.It was a memorable performance that overshadowed Mr Courtenay's,reducing him rather to an ""also - ran"" as opposed to an actor on level - billing.The idea that ""Sir"" and ""Norman"" might be almost incomplete without each other went right out of the window. ""Norman"" was reduced to being his puppet,which I'm not sure was what Ronald Harwood intended,but made for breathtaking theatre. Messrs Finney and Courtenay redress the balance in the movie,restoring equality to the relationship. Both men have come a long way since their early appearances in the British ""New Wave"" pictures when they became the darlings of the vaguely Leftish,""middle - class and ashamed of it"" movement.When the British cinema virtually committed Hari - kiri in the 1970s they quietly concentrated on the theatre apart from a few roles to keep the wolf from the door.With the renaissance of more substantial movies,they re - appeared,blinking in the unaccustomed bright light.<br /><br />""The Dresser"" marked their return,still fizzing with energy and talent, shouting to the world at large ""We're still here"".It's not a big movie but is assuredly a great one.",positive
"Wow, I can't believe i'm the first and only one to post a comment on this great movie.<br /><br />Although the movie itself seemed interesting enough the real thing that attracted me to this one is Matt lillard, granted most people probably either think he's too caffeine happy or just plain sucks but we're both the same age and from the same generation and i've watched this guy so many times that he's one of my favorites now. This is one of the few movies where he is the big shot and main star kind of like in SLC Punk, another great Lillard film.<br /><br />Baiscally this is storywise your usual heist movies but with more twists than anything, which start to amount to craziness. Also very notable in this movie is another great actor named vincent D'onofrio, a very under appreciated person in the film industry. The woman in the movie is a newcomer and she isn't too bad although you know they hired her mainly for her accent and the nude scene =)<br /><br />It's a game of jack vs jill vs bob as each want to reap the rewards but share with no one. They all try to get eachother to kill off the other and it's a timebomb waiting to explode. Matt shows his true prowess as the scheming JAck who initially starts the whole scheme. Vincent and woman play a couple of art thieves who are in need of money due to a lack of business. Vince's character is a bit deranged and skitz's throughout the movie but that only add to the intensity of the film.<br /><br />The surprises left and right are well welcomed and the ending is very non cliche and makes you feel happy, well maybe that depends on the type of endings you like. This movie kept me very interested besides the fact Matt was in it, it's a great movie and i'd highly recommend it to anyone who likes movies. Critic's probably won't like this movie, but they don't watch movies cause they like movies anyway.",positive
"Lovingly crafted and terribly interesting to watch Garfield's gritty, breakthrough performance (introducing a new kind of rebellious acting style that would carry over to the Brandos and Clifts and so on after the war) but all that sisterly affection is a bit suffocating. Priscilla Lane is a bright, engaging performer but the other sisters don't really register (though they're all allowed to be tart and witty) and I just had a hard time buying any of the other male characters besides Garfield. Jeffrey Lynn is a pleasant enough actor, but he lacks the movie star weight to match up with Garfield's hard luck Mickey Borden and that throws the film a bit out of whack. (Imagine a Jimmy Stewart or someone in the part.) Also, I was not convinced that Garfield would make the pivotal (to say the least) final decision that he made. The film needed another half hour of running time to better explain that action; it feels awfully rushed and under-motivated.<br /><br />Still, it's not hard to understand how anybody who grew up with this picture would remember it fondly. It falls short of being a classic, but it does contain a few classic moments. The two gate swinging scenes are pure movie magic.",positive
"There are exactly 2 good things to be said about ""Fantasies"" (both mentioned by a previous reviewer as well): <br /><br />a) Bo Derek's extraordinary, poetry-inspiring beauty. She has shots in this movie where she gives even Catherine Zeta-Jones a run for her money, and that's a high compliment indeed. Her nudity is brief and discreet, but just looking at her face is enough.<br /><br />b) The Greek island setting, with its sun and crystal-clear blue waters.<br /><br />Other than that, there is no story, the dialogue is abysmal and at times unintentionally funny (""He touched you where you're a woman!""), and Peter Hooten's character is a slimy jerk. Bo overplays the naivete of her character, but then again when you have to work with dialogue this bad it's unfair to blame the actors (the fact that she kept saying the name ""Damir"" in almost every sentence is a major irritation). Oh, and although the film is set on a Greek island, there is hardly a Greek word to be heard - apparently everyone there, from kids to old people, speaks English the whole time. (*)",negative
"The very first talking picture has returned from oblivion, and now you can hear it and see it! In autumn of 1894, at the Edison lab complex in West Orange, New Jersey, Thomas Edison's associate William Dickson tried to combine two existing technologies (the phonograph and the kinetoscope) to record sound and image together. In the event, Dickson was unable to synchronise the playback of sound and image, so this experimental film was never released to paying audiences ... and consequently (unlike many silent films which Dickson made for Edison at this time) it has no official title. The silent image (recorded at 40 fps) has been in the Library of Congress for years, known to film historians as a mute curiosity. It was also known that the 'soundtrack' had been recorded on one of the crude wax cylinders languishing at the Edison National Historic Site ... although nobody knew which one.<br /><br />But now that's changed. Recently, curators located the wax cylinder, which had broken into several pieces. These were reassembled: a playback was obtained, and the sound was digitised. Hollywood's veteran soundtrack editor Walter Murch cleaned up the background noise and tweaked the digitisation to make it synch with the film image, which Murch had digitally compressed to 30 fps. Sound and image are synchronised at last!<br /><br />The film begins with an offscreen man's voice calling: 'The rest of you fellows ready? Go ahead!' (The unseen speaker remains unidentified, but was probably Dickson's assistant Fred Ott.) On screen, Dickson plays a violin into an immense funnel mounted on a tripod (one of Edison's sound-recording devices) while alongside him, in full view of the camera, two male lab assistants embrace each other for some quick ballroom dancing to the tempo of Dickson's music.<br /><br />The film lasts barely 17 seconds: just long enough for us to marvel at this crude technology before being provoked to laughter at the sight of two men waltzing in each other's arms. Speaking of which, here's a WARNING: a well-known but extremely inaccurate reference book ('The Celluloid Closet', by the late Vito Russo) includes a frame enlargement from this movie and identifies it as 'The Gay Brothers'. That's incorrect. 'The Gay Brothers' is an entirely different movie, made by Dickson at the Edison lab during this same period. 'The Gay Brothers' never had a soundtrack: it's a brief fiction film about two brothers who are NOT 'gay' in the sense Russo meant it. The deceased Mr Russo, for his own reasons, wanted us to perceive Dickson's experimental sound film (arguably the first movie musical!) as an artefact of 19th-century homoeroticism. (Hmm, what is it about gay men and musicals?) Sorry, but there's just no such content here.<br /><br />This vitally important film deserves a rating of 10 out of 10. I've often maintained that no 'lost' movie should ever be considered irretrievable unless it was deliberately destroyed: I'm delighted to report that this film is finally available to audiences as its producer intended it, more than a century after it was filmed!",positive
James Franco is totally cool in this movie. Not just handsome and charismatic but genuinely open and vulnerable in a sincere kind of way. At the Tristan screening some folks were on his back for being pouty and sullen and doing the whole James Dean thing but I don't think this true. Blind Spot is proof positive of his tremendous talent. In this film he carries himself with a different sort of weight entirely. It's a unique performance. Bittersweet and really moving. The lines from his journal cut you like a knife. You sense a sharp intelligence of observation behind his words. The tone is everything. He carries it through the action and suspense as well as the grim bits of gallows humor. I like the other two actors a great deal too. The blonde girl is totally gorgeous and the man is hysterical in his twisted tough guy stoicism. Some of the thugs seemed a little sketchy but this is a mini-point really. The film is totally solid and Franco is way cool all around.,positive
"Yowsa! If you REALLY want some ACTION, check out the babes and bombs on this non-stop thriller! Veteran star MARTIN SHEEN leads a trio of supermodels on a mission to stop nuclear terrorism... but director Dean Hamilton doesn't let this heavy plotline get in the way of massive doses of TEENSY-SWIMSUIT scenes, jiggly beach jogs, hubba-hubba hot tubs and the like! Want action? You'll get more of it here than in PEARL HARBOR. Want babes? You'll get an eyeful every two minutes. Want more? Go out and BUY THIS VIDEO! Yowsa, Yowsa, Yowsa! That's some mighty spicy meatballs!!!",positive
"How can anyone argue the fact that Urban Cowboy was, and still is, the best document of Texas life for the time period. Consider the following: men beat their wives, get drunk at bars nightly, get married to settle a fight, commit adultery, and compete on mechanical bulls. Try and name a movie that depicts real life so vividly. They dont make them anymore. It seems current films are always about people with lots of money, they live in huge homes, drive expensive cars and don't work. This movie has a celebration scene about getting a trailer for pete's sake !<br /><br />Anyway, I watch it at least once a week. No kidding. I have dissected this movie from end to end. feel free to email me to learn more about my reason for calling it a documentary. Consider the following scenes: Bud sees Sissy - they are split up - he amicably honks and waves, she flips him the bird - he returns half the peace sign honking his horn to add impact then tears off.<br /><br />Buds mom calls him approx. 18 hours after he gets into town, on a Sunday, to see if he has a job yet - all he has accomplished is getting drunk and laid(x2), with help from his uncle and aunt who cover for him.<br /><br />""You all live like pigs"" Think about why this scene is needed. Think about it. Was it necessary ? Could we not figure it out without showing the filthy sink ? God I love that !<br /><br />Sissy allows Wes to help her ride the bull. Only a few days (or possibly the next day) after Wes just kicked the crap out of her husband. Steve asks - Hey Sissy, remember Wes ? Oh yeah, didnt you beat my husband up the other night, so let's get this lesson goin', to make no mention of the fact that she seeks solace in him later during one Bud and Sissy's many fights, which by the way all take place in public - in Gilley's !<br /><br />The Wedding reception picture taking session (oh the humanity !) could they at least arrange or move the chairs out of the way. ""My legs are sweatin' momma""<br /><br />In conclusion, you don't put scenes like this in a movie to try and show insight into human psychology. It is a documentary of real life.<br /><br />I only wish there was a director's cut....",positive
"While I was watching this movie I never thought I'd be defending it. It's honest enough from the begininning about not having much of a plot. There's no real characters to latch onto except the killer. Some of the acting can be better, but most of it is capable.<br /><br />I know, a three out of ten isn't stellar, but there are reviews saying it was shot poorly and completely useless, etc. I think it set out to do what it's supposed to fairly well. The lighting is minimal at times, more natural than most audiences are used to, but it's supposed top look like a camcorder snuff film. In fact, at times the quality is probably still too high to be true to that, but nobody would make it through tne minutes of camera work that's truly that bad.<br /><br />It's not particularly scary, but it is disturbing at times. There are one or two characters who don't come across as believable at all and the soundtrack does get tiring at times, but overall it was put together cleaner than a lot of camcorder movies.",negative
"It would be wrong and reprehensible of me to advise you to watch Killjoy 2, you must have better things to do, washing the car, throwing stones in a stream, but at the same time it's nowhere near as awful as you probably think it is. It's almost a proper film, which a lot more than most straight-to-DVD sludge can manage. Killjoy 2 is helped a great deal by Trent Haaga's manic turn as the eponymous clown, he throws himself into the role with such fevered abandonment that he almost tips the scales in the movie's favour, but, of course, it takes more than one man in big shoes. Tammi Sutton gives the most entertaining director cameo since Roger Corman in Creature from the Haunted Sea and the whole thing is nearly destroyed by the rushed, sugary ending. All over the place and almost good fun.",negative
"This should have been a movie about Sam and his wife, the glorious Peter Falk and equally glorious Olympia Dukakis. That would have been a movie worth seeing. Instead it's a Paul Reiser vehicle, with a little Falk thrown in. The wonderful Elizabeth Perkins is also in this movie, but you'd hardly know it. I presume Reiser is under the impression that he's a giant movie star who needs an appropriate vehicle. He's not. Even more galling is that Reiser took the trouble to hire some of the best women character actresses on the screen today and then shoved them all into his background. Dukakis does not show up until the last 15 minutes, but when she does, the screen glows. The story is about Falk and Dukakis really, but we're subjected to a pointless, silly, preposterous road trip in which Reiser gets to show how very cute, precious and oh-so-deep with psychological insight (wrong!) he can be. For instance, In a restaurant scene that I imagine Reiser had hoped was ""Cassavetes-like"" there's a laughably false confrontation between Reiser and Falk that is so patently ridiculous, I was embarrassed for Falk.",negative
"""Ripe"" is one of those awful indies which manages to get into circulation and give indies a bad name. Telling a stupidly incongruous tale of pubescent twin sisters who crawl from a firey car crash which kills their parents and then hit the road while happily shoplifting, making goo-goo eyes at some guy, and ending up on an Army post so dilapidated no Army would want it (yeah, right!). An apparent attempt at a coming of age flick, ""Ripe"" is an almost complete loser which wanders aimlessly as the players drift in and out of character finally ending clumsily with nary a shred of credibility to be found anywhere. Not recommended for anyone.",negative
"This is the only full length feature film about the world of bridge. I found the first 10 minutes a bit slow, but after that, the movie is absolutely perfect in describing professional bridge players and how they go about earning a living. <br /><br />Some of the scenes are very funny. I don't think that a non-bridge player would get the charm of this movie. <br /><br />Some of the dresses are really beautiful, pity the movie is in black and white - I can only imagine what they would look like in colour. The way the media are portrayed is absolutely hilarious. There is no way on earth bridge will ever be like that. <br /><br />Watch it as soon as you can, and tell your friends about it.",positive
"This is an exquisite film about the search for some bliss in everyday life. The pacing, the camera work, the emotion, the haunting musical score and the pure charm of this picture make it a must see. It isn't easily appreciated by the immature or emotionally stunted. The only flaw I can see about this film is that it wasn't captured in a more technically perfect film format. It deserved Todd-AO, Technicolor and the very finest sound format available.(An intimate film can be made in seventy millimeter.) The gorgeous Italian villas effect on its inhabitants would have rendered even more lushly and the small lovely moments would be even more beautifully seen and heard. As it is, it still demands attention as a sweet moving small film. I can't stop myself from watching it every time it comes on satelite. The transformations of the characters from contained, tight and mistrustful is always a joy to watch and I really should recommend it more often.<br /><br />The casting is perfect, the mood is perfect, the acting is above reproach. It is a film about middle age and the choices people make.It is deep and thoughtful without beating the viewer up with heavy handedness. Watch it in one sitting and let it have its effect on you. If you don't get it, perhaps you haven't lived enough, or something else is wrong with you.",positive
"(Caution: several spoilers)<br /><br />Someday, somewhere, there's going to be a post-apocalyptic movie made that doesn't stink. Unfortunately, THE POSTMAN is not that movie, though I have to give it credit for trying.<br /><br />Kevin Costner plays somebody credited only as ""the Postman."" He's not actually a postman, just a wanderer with a mule in the wasteland of a western America devastated by some unspecified catastrophe. He trades with isolated villages by performing Shakespeare. Suddenly a pack of bandits called the Holnists, the self-declared warlords of the West, descend upon a village that Costner's visiting, and their evil leader Gen. Bethlehem (Will Patton) drafts Costner. After much misery and numerous efforts to break Costner's spirit, he escapes, thus ending a lengthy section of the movie that could have been told better in a three-minute flashback.<br /><br />We now finally get to the major premise: the escaped Costner finds an abandoned mail truck and delivers the letters to the nearest town, hoping to get some food under pretense of being a postman. A number of the village people led by young Ford (Larenz Tate) want to get in on this postman act, which does not sit well with Bethlehem and his bandits, and Costner finds himself the unwitting and unwilling leader of a band of postmen at war with the Holnists.<br /><br />The idea of The Postmen versus The Bad Guys is not as ridiculous as it sounds. The Holnists depend for their livelihood on the fact that the villages they prey on are isolated from one another; the Holnists can destroy any one village, but could not stand against all their victims united. To unite, the villages must communicate with one another, and a working mail system would thus be a big step toward putting the Holnists out of business. So it really makes a lot of sense that Bethlehem would get medieval on our heroic mail carriers. Unfortunately, Bethlehem's eventual defeat is not the result of the villages uniting against him, but instead your old standby cliche, the one-on-one brawl between him and Costner. Nor is there even any real attempt by the communities to use the mail to work together to solve their problems; all the mail seems to be the standard ""Hi, Aunt Debbie"" stuff played for maximum sentimental value.<br /><br />THE POSTMAN is one of the most predictable movies, shot for shot, that I have ever seen. Now, I don't purposely try to ruin movies for myself by straining to figure out what's going to happen next. But here we're talking about the kind of predictability that requires no effort; I just knew what was going to happen next whether or not I wanted to know. After a lion is prominently showcased eating people, a Holnist bandit seeking the escaped Costner ventures into the bushes after a noise, and we are then ""shocked"" when the lion eats him. A bunch of unoffending villagers are rounded up and shot by a firing squad, and one of the villagers sings out some Famous Last Words right before being shot, to my immense lack of surprise. A covered statue is unveiled to show exactly what everyone knew was going to be there: Costner bending to pick up a letter from a cutesy kid we saw earlier in the movie. A man tells Bethlehem that no sir, you can't just take my wife; Bethlehem runs the unsuspecting sod through, though he is the only person in the theater who is unsuspecting.<br /><br />But it is rank, cloying sentimentality that really undoes THE POSTMAN. Olivia Williams, playing Costner's lover Abby, is worst served. She pours her heart into the material and gives her very best effort to make it sound natural and sincere. She tries so hard, it's heart-breaking. But nobody could ever have made the lines ""I have a gift for you, Postman . . . You give out hope like it's candy in your pocket"" sound like anything but the syrupy pap that they are. Another example is the scene where a mounted Costner thunders past a little boy, ignoring his proffered letter, only to turn around, stare at him for what seems like five minutes, and then thunder back to pick up the letter. Why didn't Costner just pick it up the first time? No real reason; it's just an artifice that tries and fails to give us a feeling of elation by dashing the kid's hopes and then restoring them.<br /><br />Schmaltz and predictability unite at the end as the statue of the Postman is revealed. I sat thinking, ""Please don't tell me they're going to show the statue and then cut back to the scene with the cutesy kid. Surely that is too saccharine, too obvious for even this movie."" Then, alas, the music swelled and we did indeed cut back to the dreaded little boy smiling as his letter to his maiden aunt is whisked away, and I held my head in my hands and thought, ""Somebody shoot me."" It felt like having thirty pounds of apple pie rammed down my throat.<br /><br />Gen. Bethlehem is a more humanized villain than normal. Your standard-issue post-apocalyptic villain is the meanest, toughest S.O.B. in the valley. Bethlehem is shown to be a little nothing of a man inside, who tries to make himself feel important by beating up on others. Although some menace is thereby sacrificed, Bethlehem is credible in a way most villains aren't. Unfortunately, Will Patton overacts. And although we are told early on that Bethlehem utterly destroyed his last challenger in five seconds of hand-to-hand combat, Bethlehem's actual fighting skills shown at the end of the movie are absolutely ludicrous.<br /><br />The acting is otherwise pretty good. Costner has done better, but his Razzie was an overreaction. As mentioned, Olivia Williams is very impressive. Larenz Tate as Ford does a sincere and credible job. James Newton Howard's score is competent, though short of the epic standards the movie was going for. But it's not enough to save this film.<br /><br />Rating: *1/2 out of ****.",negative
"My 15 year old daughter asked me to watch this movie with her on Cable TV. As someone who saw Revenge of The Nerds in a movie theater, I found this movie to be an extremely predictable remake of it. The Nerds were simply replaced by Dorks. I drove her crazy by being able to predict precisely what would happen in each scene. The cast was cute, especially Amanda Bynes.<br /><br />Screenwriter Chad Creasey should be ashamed for writing such an obvious remake of an early 1980's flick. The title should have simply been ""Revenge of The Dorks."" Perhaps the sequel will be Revenge of the Dorks 2.",negative
"Yes, this movie was just hilarious and the acting was top notch from the whole cast. Except Shelley Winters German accent wasn't that great but then that doesn't matter as she is hardly in the film. So if you're a fan of hers beware! The two main stars of this film are Laurence Harvey and Julie Harris. Now before this film, I'd only see Miss Harris in East of Eden with James Dean and I own an audio tape of The Glass Menagerie that she did on stage with Monty Clift and Jessica Tandy, so I wasn't sure how she'd be in this role and BOY, did she impress me. How hammy was she? I love ham! ;-) Mr. Harvey, he tickled my fancy! I am now a full time Laurence Harvey fan! That hair!!! *cackles* OMG! It's almost like Burt Lancasters, that crazy messy look, it doesn't get better than that. He is young and so innocent in this film. SEE IT NOW! It's definitely in my top ten! :) I am SO glad I found a copy that is all mine! Unfortunately this movie is out of print and very hard to find on video. :(<br /><br />Btw, watch out for the hospital hotel room scene!!!!! It's one of the best parts! Or when Mr. Harvey has convinced himself he's ill and he's trying to get his knee to kick, you know how Doctors do with that little rubber hammer ;-) Well he does it himself and his leg kicks and it kicks the table *squeals* Check out the look on his face, so innocent!!!! I can't describe it but to all those people who say he couldn't act very well and other cockamamie comments, see this film and you will see what a GREAT actor he really was. You'll be bowled over! If you aren't, then I'm afraid there is nothing I can do for you, you're hopeless. ;-)",positive
"THHE2 is entertaining in that you'll laugh a lot and cringe and probably say ""oh sh*t!"" and ""get your face away from the goddamn hole you dumb**s"" or things along those lines but I don't know if its really worth seeing- I was very annoyed throughout the entirety with the horrible military characters who don't seem to know the first thing about combat.<br /><br />Yes there was more violence, gore, and a higher body count than the first one but I am still am debating whether that cancels out my feeling throughout the whole movie about how ridiculous it is (and not a good ridiculousness like Dead Alive or Feast). My time would have been better spent watching Aja's remake for the 5th time.<br /><br />So go for some laughs, or go for some gore, but don't go hoping to come out of it satisfied.",negative
"This is certainly one of my all time fav episodes of Trek. There is just so much going on in this one film that its crazy cool. First the guys beam down to an alien planet thats about to explode. They meet a freaky librarian type dude (very well played). Then Kirk manages to get himself transported back to what is very much like 16th century earth. McCoy and Spock try to follow but instead nearly freeze to death on the frozen version of the alien world 100,000 years in the past. Kirk manages to get himself locked up and charged with witchcraft while Spock enjoys some amok time with a sexy cavegirl who was vanquished to the this frozen, awful world by some bad guy.<br /><br />Spock decides hes happy where hes at and gives McCoy a royal assestment whuppin' when the doc suggests they need to look for a way out. Anyhow,they all finally escape, leaving the poor cavegirl behind. It takes a ton of convincing before Spock finally gives in and leaves. You can literally taste the sadness at the end. Leaving the cavegirl all alone in her frozen wasteland just seems cruel and is really touching. Spock must have been out of his vulkin' mind to leave behind his greatest hope for love and being human. Albeit, in a not so nice neighborhood!<br /><br />Anyway, you just get so much bang for your buck with this episode....A love story, the Salem witch trials, Spock as a human, the desperation of being left in total isolation...abandoned, and three entirely different settings on the alien planet. Its amazing they managed to jam all this into one fifty minute film. This one is a classic, don't miss it....I want it on DVD fer shure vulcans!!!!!!",positive
"THE TEMP (1993) didn't do much theatrical business, but here's the direct-to-video rip-off you didn't want, anyway! Ellen Bradford (Mel Harris) is the new woman at Millennium Investments, a high scale brokerage firm, who starts getting helpful hints from wide-eyed secretary Deidre (Sheila Kelley). Deidre turns out to be an ambitious daddy's girl who will stop at nothing to move up the corporate ladder, including screwing a top broker she can't stand and murdering anyone who gets on her bad side. She digs up skeletons in Ellen's closet, tries to cause problems with her husband (Barry Bostwick), kills while making it look like she is responsible, kidnaps her daughter and tries to get her to embezzle money from the company.<br /><br />Harris and Kelley deliver competent performances, the supporting cast is alright and it's reasonably well put-together, but that doesn't fully compensate for a script that travels down a well-worn path and offers few surprises.",negative
"Holy @#%& this movie was still warm and juicy from the pile it was made with. I tried to watch this pile of festering waste but found it easier to slash my wrists and slug back a shooter of Lysol floor cleaner than endure more than half of the crap that was on my screen. I rank this well below anything I have ever watched on film or TV, and thats saying something. I once witnessed a cow crap in a field. I watched the steaming pile for a hour and a half, who knows... it might have moved or something. Well that was time better spent than watching this tripe. The acting was non-existent, the plot was somewhere other than on this film. I think I saw a cut seen early on where the plot managed to escape and was riding off in the background on the back of a old pickup truck heading to Portland in hopes of becoming a Steven King shi77er. Please tell me director is getting medication he so desperately needs. It's pretty clear he needs heavy medication and I'd willing to front the money needed for his lobotomy reversal. Bah... I can't give this review the full punch it needs because nothing this painful can ever be done justice in typed word alone. Let me just say that if your looking for a flick to pass some time and you see this Chilton on the rack, walk to your car, start the engine, then shove both of your fists straight into the fan until it you can't feel your bones vibrate anymore. Be sure to have your wallet in hand also because you were going to waste the cash anyway. You might as well have the privilege of wasting it yourself.<br /><br />By the way, I watched this after a ""buddy"" of mine sent his girlfriend over so I could see it. HE dint come over, SHE had too. Whats worse is that she had to watch this $%&@ thing TWICE! I heard their married now and he gets to visit his balls once a month. I hope it was because of this film.",negative
"This film did well at the box office, and the producers of this mess thought the stars had such good chemistry in this that they cast them in the much darker screwball farce, The Gazebo. Frankly, I am shocked to see all the positive comments on this ludicrously plotted unfunny comedy. Both lead characters have the maturity of seven-year-olds and are much less interesting to spend time with. A veteran supporting cast including Fred Clark, Harry Morgan, and Eva Gabor lend excellent support. And, the beautiful cinematography certainly makes the rich countryside of Spain seem lush. And, there are four or five truly funny scenes to go with two wise scenes and a whole bunch of recycled and unfunny clutter.<br /><br />I cannot recommend It Started With A Kiss.",negative
"Some teen agers go to an old deserted farm house left to one of them by their dead grandfather, unaware that there had been several murders there decades earlier because their grandfather had made a pact with the devil for a good harvest- couldn't the guy have thought of something better to sell his soul for? The man's grandson and his friends are set up to be the next sacrifice, for reasons which are never explained. The stereotypical teenage son and his girlfriend, the black guy with a white girlfriend, and the two lesbians have to do battle with three killer scarecrows- but, don't be tricked like I was, this isn't nearly as fun as it sounds. It's mostly just a lot of chit chat about ball kicking, dope smoking, and the lead actor complaining about never knowing his parents. The camera work is atrocious and shaky, maybe done on a hand held camcorder in some scenes, which maybe a good thing since the scarecrows look like they just came from some kid's birthday party, and apparently they could only hire two people to play the three scarecrows! Some of the best movies I've seen have been these low budget, independent horror movies, but this one is just pathetic. The cast and crew seems to have just been made up of a bunch of people who knew each other, had never acted before and had no intention of acting again, and had a few thousand dollars (I can't believe this movie cost $130.000 to make) and a weekend of free time on their hands- even the lesbian skinny dipping scene is lame.<br /><br />I think it's amusing also, that as of this writing, there is a sequel to this film which no one has even bothered adding to IMDb.<br /><br />* out of ****, and I only rate it that highly only because of the skinny dipping scene, no matter how lame it may be.",negative
"I was debating between this movie and 2012 but chose Inglourious Basterds due to it's amazingly high IMDb rating. I must say now, what a disappointment. I expected a certain amount of gratuitous violence, but I also expected a lot of witty dialog. I got a huge dosage of the former, but not nearly enough of the latter. I felt shortchanged. The ratio between violence to plot is very important and I think this movie gets it totally wrong. And the plot? It's that believable or really all that entertaining either. Save your time and money. I can't believe what this rating says for the gory and violent tastes of the modern masses.",negative
"THE RAP, the book this movie was 'based' on was one of the most difficult books I've ever read. Yet I could not put it down. Raunchy, crude, foul, lewd...you name it, it had it. It also had some of the best characterizations of any novel I've ever read.<br /><br />Well, as for the flick...it was deplorable. I mean, Tim Mcintire as Wasco? Wasco was the baddest mutha...talking 'bout WASCO...Mcintire as Wasco is like casting Tim Conway as Charles Manson.<br /><br />What happened to the MAIN character in the book? Little Arv. He doesn't even exist in the movie...Fast Walking WAS NOT the main dude in the book. Why even name credit this thing with THE RAP? None of the spirit, atmosphere, nastiness, or drama of the book was captured in this movie.<br /><br />For me it was not only a disappointment, but a total waste of time and celluloid.",negative
"This film is a tapestry, a series of portraits of Rom communities woven together by music. It's very much a musician's film, because of the paucity of spoken dialogue - and what dialogue there is, is not important to the structure of the narrative. Some might expect a National Geographic tale of ""customs, dress, and music"" or a plot-line orbiting a few central characters - don't look for that here.<br /><br />This is because it paints a portrait of a family of peoples, rather than telling a story of individuals. The plot is the story through space (India to Andalucia) and/or/ time (we cannot tell) of a people. There is no need of narration. You get a sense of a joyous people, strongly linked in small communities where social interaction is very important. And a great sense of sadness in parts, at their rejection by society at large.<br /><br />So it's a paean to Rom culture, very beautifully shot, with a wide spectrum of Rom music, and a sting in the tail which is the oppression these people have faced, and still face.",positive
"- A newlywed couple move into the home of the husband's dead former wife. It's not long before the new wife begins to have the feeling that someone doesn't want her in the house. She sees skulls all around the house. But when the husband investigates, he can't find anything. Is someone trying to drive her back to the asylum that she was recently discharged from? Or, is the ghost of the dead wife trying to get the new wife out of her house? <br /><br />- This is the first time that I've watched The Screaming Skull without the assistance of the MST3K crew. And, it will in all likelihood be the last time I watch it this way. Can you say dull? I'm not talking ordinary dull - I'm talking watching grass grow dull. There are great stretches of the movie where nothing happens. The screen could have gone blank and I would have gotten as much entertainment out of it. The characters drone on and on with the most monotonous conversations imaginable. The Screaming Skull could probably be marketed as a sleep aide.<br /><br />- The actors don't help matters much. Most of them deliver lines with the conviction normally reserved for a grade school play. I haven't looked it up, but I would be shocked to find that anyone associated with this movie ever appeared in anything of cinematic value. I won't even go into the script the actors are given to work with. Let's just say that the characters are given some of the most idiotic lines ever uttered on film.<br /><br />- You've been warned! Either avoid this one at all costs or, at least, seek out the MST3K version.",negative
"I watched this last night for the first time in 40 years. It's bad. Really bad. But it has enough hilariously awful moments, that it's worth watching. First of all, was it deliberate to make the boy being babysat completely effeminate? He even says to Costello a la Mae West ""you fascinate me!"" as Costello does a double take. God only knows what would have have happened if the babysitter had been a hunk. THIS kid would have seduced him in a heartbeat! Then there's the principal male dancer. He is totally inept. Roar with laughter as he leaps and prances with no talent whatsoever over the giant's grave during He Never Looked Better in His Life. The two romantic leads are zeros, wastes. Abbott gets to sing one line and that was dubbed in by another singer. Geez, I guess he couldn't even carry a tune! Costello does manage to be charming in his I Fear Nothing number, and I guess very small children might like it, but there's not much to recommend it. But oh that seductive effeminate boy! THAT aspect alone blew me away! Plus the fact the family accepted anyone off the street with no references to babysit a child! Today, little femmy boy would be taken away from them!",negative
"Wealthy widower Anthony Steffen (as Alan Cunningham) is a sadomasochistic lover, and British Lord. He brings sexy red-haired women to his castle, where he whips and murders them. Black-booted stripper Erika Blanc (as Susie) gets away, temporarily. Mr. Steffen is haunted by wife ""Evelyn"", who died in childbirth. As therapy, he decides to marry again, after meeting pretty blonde Marina Malfatti (as Gladys). By the end of the movie, they will have had to dig a few more graves. ""The Night Evelyn Came Out of the Grave"" is great title, at least.<br /><br />** La notte che Evelyn uscì dalla tomba (1971) Emilio Miraglia ~ Anthony Steffen, Marina Malfatti, Erika Blanc",negative
Another good Stooge short!Christine McIntyre is so lovely and evil and the same time in this one!She is such a great actress!The Stooges are very good and especially Shemp and Larry!This to is a good one to watch around Autumn time!,positive
"I like bad films, but this thing is a steaming heap. From the shaky cameramen to the horrible sound and devastating acting, don't waste a second on this pile. Fifth graders could have made a better film and first graders could have written a better script. Want a real synopsis? Ugly chicks in neon bikinis dancing for way too long. A disjointed plot made worse by hideous acting. The on-location sets weren't even passable. The church scenes take place in a dance studio, and oh yeah - what's with the two tap-dance numbers that come up out of the blue?<br /><br />Oh, and the total number of naked breasts, which couldn't have even saved this film - 0. Add this one to the trash heap.",negative
"This is what we can do to each other. This is the sort that everbody should see at least once.<br /><br />It does not glorify world. It shows that it is the everyday person who is killed, mained and debased by war. The person on the ""other side"" eats sleeps, laughs and cry just as we do.",positive
This movie was a fascinating look at creole culture and society that few African Americans are aware. My own two children are by products of a paternal grandmother whose father was a member of the gens de couleur libre and a black skin woman whose parents were ex-slaves. He married outside of and against his culture and was cut off from all of his family except for one sister who took pity on her brothers plight; raising 8 children during the great depression of 1929; providing the family with food whenever she could. Of course she clandestinely aided this family fearing for her own ex-communication. My daughter was fascinated by the movie. We have made it a part of our library.,positive
"'The second beginning' as it's title explains, shows us the beginning of the end for the human race. Set long before the matrix existed, this short anime written by the Wachowski's shows us the world that could lay infront of us in the not to distant future, set at the turn of the 21st century, the second renaissance delves into issues common with human behaviour; greed, power, control, vanity etc.<br /><br />The use of robots or artificial intellegence as slaves or servents is common among science fiction/fantasy stories. The second renaissance is no exeption to this concept, however instead of a simple man vs. machine layout, this story explains the struggle that the machines put up with, the struggle for acceptance in a world ruled by humans. Where the matrix films show us the human perspective, these short animations tell both sides of the story.<br /><br />The second renaissance part 1 + 2, answer many questions brought up by the original Matrix film, such as how the war broke out, how the sky was blackend, what led to the use of humans as batteries and it also introduces us to the machine city called 01, which may have relevance to the upcoming Matrix Revolutions film.<br /><br />I won't give away too much of the story, as I do not want to ruin the experience for perspective viewers, however, I will recommend it to anybody interested in the world of the matrix or simply anybody interested in Japanese animation (anime).<br /><br />9/10.",positive
"It's now 2005 and 15+ years since this cartoon first aired. I haven't actually watched it seriously or closely in about 10 years. Now that I'm an adult in my 30s I can look back with a serious eye as I watch the episodes again.<br /><br />In concept, the cartoon is partly an homage to the classic Looney Tunes but also its own original show. There are a few episodes that are structured like the old cartoons. For example, there is a singer that attacks Buster and so he exacts revenge on this singer's concert -exactly like the old Bugs Bunny cartoon. The ensuing cartoon is similar to Looney Tunes, just in a different era. If you look at the old Looney Tunes, they did an awful lot of stuff exactly like Tiny Toons did. The old Looney Tunes made a lot of social commentary and parody. There were celebrity impersonations. There were a lot of corny period jokes, slang, and dialog. The comedy was surreal and wacky. You can say this exactly for Tiny Toons as well. The comedy styling is 'spiritually' the same. Most definitely a throwback to the classics which hadn't been done well (if at all) in cartoons in the decades prior to this show. We recognize the cultural references in Tiny Toons and we can roll our eyes when something we don't like comes up. But the reason we don't think Looney Tunes are corny is because we weren't alive back in the 40s. Also, Looney Tunes was original back in those days but today cartoons are rehashed over and over. So it's easy to perceive Tiny Toons in an unfair light due to our exposure to current events and our overexposure to cartoons in general.<br /><br />There certainly are differences in many respects - the timing, the delivery, and obviously the duration of the shows. They are two different styles from two different periods, being done under two very different circumstances - Looney Tunes being made for adults in theaters and Tiny Toons being made for kids watching TV. Even so, they did a good job making an original show with original gags AND still paying homage to and patterning after the comedy stylings of the old Looney Tunes.<br /><br />Since Tiny Toons had a lot more time to play with, they had some genuine moments of great animated inspiration. You only have to look at episodes like 1 minute to 3, the baby Plucky toilet episode.. there are so many more. For example, one of the best comedy dialog exchanges ever animated is in ThirteenSomething when Babs and Buster are on the phone in a split screen, hoping each misses the other. The miscommunication is spectacular. Notably, the character development in this episode and in several others (usually the ones penned by Deanna Oliver or Sherri Stoner) is rather good. The female characters were taken seriously as personalities and developed, unusual considering the opposite is usually true for cartoons of that period.<br /><br />This was the first modern cartoon that had lots of both pop culture-referential and self-referential humor. This was way ahead of its time. Tiny Toons really opened up a door for writers to take comic liberties that are so common in the cartoons today, instead of doing the boring old crap we endured as 80s kids. Yes, I loved Transformers and Thundercats, but Tiny Toons totally jumped away from all that. It was a breath of fresh air. Bakshi's New Adventures of Mighty Mouse may have been a precursor, but Tiny Toons made this surreal style of comedy cartoon writing a real success.<br /><br />As a kid I totally overlooked some jokes. For example, one episode is an homage to the Marx Brothers that I completely ignored as a teen. Now I have a newfound respect for it. There are so many inspired gags that I never noticed that are genuinely brilliant. It's that kind of comedy that makes me think of Looney Tunes and Family Guy. I NEVER noticed that kind of comedy as a kid. I've been thinking this for most episodes I watched recently.<br /><br />You'd notice these kinds of things if you actually WATCHED the show. Unlike some other reviewers here who I know are unfairly judging it, I've seen all the episodes and have thought about them thoroughly, exposed both as a kid and as an adult.<br /><br />You can tell there was an awful lot of care taken with the voice acting too. I'm not talking about just the main characters, but the side characters were done really well and creatively too. But back to the main characters, some of the main characters were brilliant. Tress MacNeille had, in my opinion, her best performances in this cartoon. She hasn't been the same since. Rob Paulsen also did some incredible stuff here, too.<br /><br />This is all not to say the show didn't have some bad episodes. It had plenty. It had a lot of mediocre ones, too. But by far it certainly had a lot of genuinely funny episodes. Especially back when it first aired it was actually funny to watch.<br /><br />Out of 10 I give the show an 8.5 - and kudos for pushing the envelope and breaking down the doors leading to a new era of cartoons.",positive
"First, what is really great about this movie: <br /><br />- Ryan Reynolds, great acting! There are very few actors I really like and for now he is one of them. He has an amazing skill to impersonate characters. <br /><br />- The soundtrack! Very good music played at the right time. <br /><br />- The idea of a nine lost in his own world, incapable of leaving. <br /><br />Still, I give it only a 3 out of 10 for certain flaws: <br /><br />- Horrible second part. It seems that the director was very eager to make something new, but despite of the efforts it was really boring <br /><br />- Very annoying character Melissa. I couldn't stand the scenes with her - i.e. it was constantly annoying. She represents everything that is wrong with American woman. <br /><br />- Terrible explanation of the numbers. The director was so busy with character development, that he completely missed the point of a good story.. excuse me koalas? brr... terrible!<br /><br />This movie had great potential. The filming is nicely done, the music is really good, but nothing more.<br /><br />See it only if you are a fan of Ryan Reynolds, or have a lot of time to spare.",negative
"This film is a brilliant retelling of Shakespeare's classic love story, complete with ""kinky sex, body piercing, and dismemberment"". It does follow the same spirit as all the other Troma movies [except Combat Shock...That sucker was depressing] but it's not only for Troma fans. Anybody who appreciates lowbrow visuals and a hilarious script will without a doubt fall in love with this movie.<br /><br />Don't expect pretentious, artistic-wannabe crap like the version of R&J with Claire Danes and Leo DiCaprio; this one knows its a silly movie and draws its humor from that. The acting is also surprisingly good, and you can just feel Sammy Capulet's pain as he tries to put his brain back into his head.<br /><br />The soundtrack, which contains many original and high-energy bands like The Wesley Willis Fiasco, Supernova, and The Meatmen is also four-star. This movie should be viewed by all, because it remains faithful to the original story while still being jam-packed with Troma's trademark gore/sex humor.",positive
"I would highly recommend this movie! And I certainly shall be personally recommending it to my friends and family here and abroad! It was with excited anticipation, that I have just pre-ordered it online, I enjoyed it so much! It is not out until February/March 2008, but it will be well worth the wait! But first go and see it in the cinema if you can. There is nothing quite like the Cinema-Experience of a cinema-made movie! Insist that your local cinema puts it on! I went to see 'Seachd, the Inaccessible Pinacle' tonight, down here in London, and was really impressed. It is a marvel: a truly beautiful film set in the Scottish Highlands: you will laugh, you will cry, you will be moved in may different ways, you will be intrigued, and as the story within the stories is revealed, you will be amazed at that revelation.<br /><br />This movie is in Scottish Gaelic with English Subtitles, but do not let that detract you if you are not a speaker of the Gaelic: I am just starting, and my son does not, nor did many people there tonight, and it did not spoil it for us by any manner of means! Superlatives do not suffice! The photography is superb - there is no CGI here, and the movie is all the better for that- here you have true photography! The script is so skilfully and subtly written. The many-layered plot weaves the magic art of the ancient storytellers. The music is at times rousing, at times haunting, but always adding to the atmospheric ambiance. And the acting? ... it is to behold ... and the actors?... they the true weavers of this delightful yet profound film, particularly the two main actors, 'Padruig-the-young' and 'Padruig-the-elder' (A true bard, if ever there was!), who both carried a very heavy load! And the Direction? Well watch out Richard! And the Producer, responsible for raising funding, hiring key personnel, and arranging for distributors? A task well done! I hope that you will make sure that distribution goes out to our communities abroad! And the Gaelic community? Uill, without you it could not have happened! We were told that this movie was made on a low budget, but you would not know it, and I think it might well be because, for what they might have lacked in money, they more than made up for with the richness of the heart, and the warmth and co-operation of the local Scottish Gaelic community.<br /><br />A heartfelt thanks to all concerned in the making, and the sponsoring, of 'Seachd' - Mòran taing! (Many thanks!) From the Gaels to the World! From the World to the Gaels!",positive
"It is easy for a movie that tries to be suspenseful to wind up being merely uninteresting. It happens quite often. Not only is Dark Harbor uninteresting, but it is very poorly done. Scene after scene is tacked on to an otherwise overdone premise. A troubled couple picks up a troubled stranger only to find more trouble.<br /><br />Some movies build tension by building the story. Dark Harbor keeps adding on to its story but never building upon it. I was hoping that like other movies, the suspense would finally explode. It never does. Also, the characters have no continuity from scene to scene. They may act one way in one scene, but then act a completely different way in another scene. At first, you think that they are merely out of character, but by the end you realize that they are not really characters at all. They are just props for the final twist. The final ten minutes try to be shocking. Instead, it's rather lame and uninteresting. The only thing that was shocking to me was that the movie finally ended. At less than ninety minutes the movie still feels way too long.<br /><br />This isn't one of those low-budget gems. It's more like a counterfeit watch that breaks as soon as you take it home.",negative
"I love Jane Austen's stories. I've only read two of them (P&P and S&S), but after having seen this adaption, I'm reaching for ""Persuasion"" from my bookcase just to make sense out of the story, and also, because I refusing to believe Jane Austen could have written such nonsense. For me, I thought that if you base a film on a Jane Austen novel, you can't really go wrong. It will turn out great pretty much by default. I was wrong.<br /><br />First of all, where are the characters that you sympathise with and like? You have to have at least one likable character to get the audience to invest their emotions in them, and this did not deliver. Sure, I wanted Anne and Wentworth to get together, but only because that's what you know the purpose of the story is, them getting together. Instead, I had to resist urges to throw my teacup at the TV and to continue watching it to the end.<br /><br />Anne was utterly annoying throughout, and in the end, I really have no idea why Wentworth was so smitten by her, as there seemed to be nothing there for him to be attracted to. She was meek, bland, dull, socially inadequate and came across like a sheep following everyone else's instructions rather than having a mind of her own. This can still work for a lead character, if you do it well. This wasn't done well.<br /><br />The other characters were just displaying various degrees of narcissism, of which Mary was the worst, with a full-blown narcissistic personality disorder. Where Mrs. Bennet in P&P had similar flaws, she was still endearing, whereas Mary was more of a freak-show. More loathsome than funny.<br /><br />Wentworth was very handsome and seemed like a decent kind of guy. For the most part of the story, I was just wondering what kind of person he was and why he's in love with Anne, as surely, he's the kind of guy who would want a person who is a little bit more... alive? Acting-wise, not too much to say, as I reacted more to the characters being portrayed rather than how good/bad the people acting were. Anthony Head was excellent, but as soon as I saw he was in it, I expected no less.<br /><br />Also found the story very confusing. It wasn't until the end of the movie where it seemed as if Elizabeth was not Anne's stepmother, but in fact a sister (I'm still not 100% on that). The whole Anne/Wentworth back story was also a bit fuzzy. They had been together but then broke up and they're both bitter about it? How come? I was wondering this for quite some time, and the explanation seemed to be she dumped him because she was persuaded to do so by someone? But it was said in a kind of ""by the by"" way that it was almost missed, as if it was somehow unimportant. How can it be unimportant when it's the very core of the story?? There was also a lot of name-dropping, but no real feel for who the characters were. This Louisa person for instance, who was she? A friend? Family? What? It wasn't made very clear who the different characters are and their relationship with one another. Lady Russell was there a lot, but why? Mrs. Croft and Wentworth were brother and sister, which felt very unrealistic as Mrs. Croft looked old enough to be his mother.<br /><br />The final kiss, yes it was a bit strange them kissing in the street, but I didn't really think about it, because I was too busy yelling ""GET ON WITH IT ALREADY!!"" at the TV, because Anne's lips trembled and trembled and trembled for what felt like ages before they actually met Wentworth's. Have SOME hesitation there, but only for a couple of seconds or so, not half a minute.<br /><br />Then there's the issue of camera work. As a regular movie watcher, you don't pay attention to angles and such unless you decide to look out for it. I didn't decide to do so here, but I still noticed them. To me, that means the filmmakers are not doing a good job. A lot of conversations were with extreme facial closeups, something that should only be used when there's a really important point to be made. In this adaption, it was over-used and therefore lacked meaning. The hand-held feeling on occasion also didn't really work in a period drama. The camera work in the running scene in the end also felt too contemporary. (Not to mention the running itself.) This was the only Austen adaption I caught in ITV's Austen season. Makes me wonder if it's worth watching ""Northanger Abbey"" and ""Mansfield Park"" or if I should just read the books and leave it at that. I'm sad to say, this is a Jane Austen adaption I did not enjoy. Maybe I'll watch the 1995 version instead. The BBC are renowned for having done beautiful Austen adaptations before, after all.",negative
"This movie truly shows the farce and hypocrisy of Indian society. What it tries to show you is only ONE side of the story. The other side of the story is the hidden emotional and mental abuse of Indian children which this movie does not show.<br /><br />""Indian Parents"" are culpable for the following: a. Destroying the individuality of the children by making them completely dependent on the parents at a very early age. Such children grow up to be Adults only in physical looks but remain children in minds. Since everything has been provided to them by their great Indian parents, They children automatically do not feel the need to work hard at something or learn the basics of human communication with other human beings apart from their parents.<br /><br />B. I can show you so many Indian parents who try to prevent their kids making friends, going out or prevent them to do anything which starts making them to grow into adults.<br /><br />The reason why they do is the same selfishness. Indian parents ""expect"" their children to take care of them when they grow old. They do no savings for themselves and once they reach the age of 50...They cry out LOUD......We have grown old now and so we are dependent on you children since we have done the GREAT SERVICE of bringing you to this world and taking care of you and making you intellectually weak.<br /><br />Most of the Indian parents at the age of 50 have dilapidated bodies and health and are financially completely insecure. Most feel that they ABSOLUTELY have no need to take care of themselves since they ""expect"" their kids to take care of them.<br /><br />In the west the opposite of that happens. People start planning at the age of 20 about their retirement and once they retire they are financially secure.<br /><br />Indian parents do NOTHING of that sort since like I said they have brought the kids in the world and what better investment at that?.<br /><br />I am a victim of my Indian parents (i am sure there are countless other Indian kids like me), who have grown up physically but are still struggling with their lives on THEIR OWN and they continue to have pestering 50 year olds who cry out loud for HELP all the time.<br /><br />This movie shows only ONE side of the story.....UTTER piece of JUNK",negative
"I basically skimmed through the movie but just enough to catch watch the plot was about. To tell you the truth it was kind of boring to me and at some spots it didn't make sense. The only reason I watched this movie in the first place was to see CHACE CRAWFORD!!! He is so hot, but in this movie his hair was kind of weird. But still hot.<br /><br />However, despite how hot CHACE is, it really did not make up for the film. I guess the plot isn't that bad but what really threw me over was the fact that they cuss in like every sentence. Is it that hard to express your anger without saying the F word every time?The cussing was annoying and the whole flashy, camera shaking thing gave me a headache.<br /><br />All in all, although the plot was OK, I found the film to be a bore and over dramatic. That's why I only cut to scenes with CHACE in it. LOL Anyways, not worth renting unless your a die-hard fan of a specific cast member like I was. Oh yeah the cast was Hot. The girls were HOT!!! But CHACE IS THE BEST!!",negative
"We don't know why this extraordinary film was never made available officially on DVD... Anthony Quinn's performance alone makes this a must-see. There are relatively few films in which an actor identifies so profoundly with his character, a phenomenon always unique for us, moviegoers.<br /><br />But Quinn's powerful portrayal of an innocent Romanian, literally dragged out of his house and everyday life by forces he cannot comprehend, is only part of what makes this film great. The script is based on a book published in Paris by a Romanian priest who fled the Communist take-over of his country, and the film succeeds to go deep into a little known area of East-European history. Told as a succession of Kafka-esquire twists of fate, the misadventures of Johann Moritz (told openly and honestly, without any of the political correctness currently so precious in Hollywood) are in fact a eulogy for the lost innocence of the Romanian people... it is devilishly ironic that this eulogy is signed by a French director, working with the American money of an Italian producer, and overseeing a multinational cast fronted by an extraordinary Mexican-born thespian.<br /><br />I've seen mentions of VCDs of this film in various Asian internet stores, and I was fortunate to take possession of a digital recording of this film, broadcast on the British version of TCM. But it's a shame that ""The 25th Hour"" isn't anywhere on the future DVD release map of MGM studios.",positive
"Your ability to enjoy The Ashes of Time may depend on our expectations before stepping into the theater. Even its most strident supporters seem to agree that audiences can be split right up the middle in their appreciation of this unique film.<br /><br />Unlike most HK actioners, the battle scenes are curiously kept at a distance. When they do happen, they're rendered in a jerky style in which it's difficult to make out exactly what's occurring on screen. The dramatic scenes can be extravagantly beautiful, with the of Maggie Cheung, Brigitte Lin, and a roll-call of HK's top acting talent chewing up the scenery. As with some of Wong Kar-wai's early work, the dialog could be more precise. <br /><br />In short, The Ashes of Time requires a forgiving attitude. Released around the same time as Wong Kar-wai's spectacularly successful Chungking Express, it's clear that the director isn't as confident working with the elements of the martial arts film. Anyone looking for tense action is likely to be disappointed. But those intrigued by the director's aesthetic will likely find this a unique experience at the very least.",negative
"Footprints is a very interesting movie that is somewhat difficult to categorize. ""Psychological thriller"" is the most appropriate description I can think of. The female protagonist, Alice Cespi, discovers that she doesn't remember anything of the last three days. The only clue she has is a torn photo of a hotel. She is also haunted by a recurring, very vivid, dream about a science fiction movie that she believes she saw many years ago. In her pursuit of the truth behind her amnesia she doesn't trust anyone, but little by little it becomes obvious that she has visited the town where the hotel is located before. This is an exciting flick whose main virtue is that it is virtually impossible to predict how the events will unfold, and particularly, how it will end. The unusual loneliness of the main character and the unreliability of everyone else ensure that the good old paranoid feeling is present throughout the film, whereas beautiful colors and some spectacularly filmed sequences make this a visually attractive movie as well. The important part of the one and only Nicoletta Elmi, everyone's all time favorite redheaded obnoxious child star of Italian horror, is an extra bonus.",positive
"I suppose if you like pure action... you'll find it here. I suppose if you find a gorgeous blonde designed to be screwed... find it here. I suppose if you want to find a couple of extra baddies, headed by 1-2 extra, EXTRA baddy bosses who meat a nasty end... you'll find it here.<br /><br />Overall, routine stuff, and the good guys come out on top big time under extra-ordinary circumstances.<br /><br />What I marvel most at... How the good guys armed only with pistols, can kill dozens of bad guys with machine guns who are shooting at them at point blank range... and missing. The goodies even get time to reload their pistols amid the hail of machine guns bullets.<br /><br />Ho-hum!!!",negative
"I found this movie really hard to sit through, my attention kept wandering off the tv. As far as romantic movies go..this one is the worst I've seen. Don't bother with it.",negative
"Well, basically, the movie blows! It's Blair Witch meets Sean Penn's ill conceived fantasy about going to Iraq to show the world what the ""War on Terror"" is really about. The script sounds like it was written by 8th grader (no offense to 8th graders); the two main actors over-act the entire film; they used the wrong kind of camera and the wrong type of film(not that i know anything about those things--but it just didn't look like real documentaries I've watched), and worst of all Christian Johnson took a great idea and made it suck. It reminded me of the time I tried to draw a picture of my dog and ended up with a really bad stick figure looking thing that looked more like a giant turd. I'd rather watch the Blair Witch VIII, than sit through that again.",negative
"I'm guessing that we all, no matter if we are fans of cars, luv the sound of a Dodge Challenger as it growls along the road, the noise a 57 Chevy make as it screams with ecstasy when it tears round a corner and, most of all, the blast of sound as a classic vehicle bursts into flames as it explodes. I'm not the biggest car enthusiast by any stretch of the imagination, but any of the above really does rev my engine! There's no denying the importance of transport on cinema. It has even been said that the invention of the train was one of the biggest influences on early cinema (looking out a window almost like a moving picture and the idea of being transported to a different time/space). But the car remains the most popular and most luved, it's even got its own genre: the carsploitation genre. A genre that focuses purely on the beauty of cars. In effect, it's just porn! Car porn! And I'm not talking about that rather nasty documentary on Channel 4 in which men actually had sexual intercourse with cars. Whatever floats your...car, I guess. Moving on... whilst RUNNING ON EMPTY isn't quite as pornographic as VANISHING POINT (Richard C. Sarafian, 1971) for instance, with its close ups of the car in motion, all it's bumps and curves (!), this doesn't mean that the car isn't the main focus of this film. In fact, the cars themselves become characters (more on that later). They're objectified and fetishised as much as the women, in fact, maybe even more. And holy holy, are these cars something! Every car in this film (besides the ones in the background) are simply beautiful  works of art, there's no question about it.<br /><br />As I was saying, these incredible cars are, in a way, given characters themselves. You actually start sympathising with the car! SPOILER  Most notably during the scene in which the car is being wrecked and burnt SPOILER OVER. This has become almost a convention of the carsploitation genre; the evil 1978 Plymouth Fury from CHRISTINE (John Carpenter, 1983), Satan's custom Lincoln Mark III in THE CAR (Elliot Silverstein, 1977), the nifty little Mini Coopers from THE Italian JOB (Peter Collinson, 1969) to the friendly Volkswagen Beetle in THE LOVE BUG (Robert Stevenson, 1968) and of course each car from DEATH RACE 2000 (Paul Bartel, 1975) and even WACKY RACES (1968-1970) all of which had their own character. Ironically however, this emphasis on the car often over takes (!) the human characters! And this is certainly the case with RUNNING ON EMPTY, in which only one human character (the blind character who drives his car with his hearing rather than sight) has any sort of dimension, the rest are very much stock characters. These are all your stereotypical Australian 1980s teenagers; big hair, annoying accents and none of whom would look out of place in NEIGHBOURS, especially the Kylie Minouge look-a-like. But who gives a damn? It's all about the cars racing and crashing! That's it! If you don't like that you really are watching the wrong genre.<br /><br />The car scenes are certainly the selling point of this film, and the best thing it's got going for it. They are fast; very fast! And we're not talking about the rather annoying technique some films seem to use where they record the car 'speeding' at around 40mph, and then speed it up. Oooh no! Not with this film you don't. These cars are zooming along at top speeds in real time  no fancy editing tricks here. So, we've got speed. Check. What about crashes? Check, check, check! Whilst there isn't cars crashing EVERYWHERE a la the incredibly BLUES BROTHERS (John Landis, 1980) , when cars do crash in this film, they certainly crash! It would seem that they use gunpowder or something similar to build the cars as one little hit and KABOOM they're up in flames. It kind of reminded me of THRILLER: A CRUEL PICTURE (Bo Arne Vibenius, 1974) in that sense.<br /><br />Between these simply awesome scenes (especially the very start and the very end) there are quite a few scenes which slow everything done and, in my opinion, fail to add very much to the film. Note: more exploding cars needed! However there are a couple of exceptions here which are great scenes  SPOILER especially the attempted rape scene.<br /><br />So, all in all, this is a man's film! A boy's film! Full of cars vroom vroom vrooming around the outback and a couple of tits thrown in for good measure too. I'd recommend this little film to anyone even if they are keen cyclists (!)  it's a great film which you can just switch your brain off, sit back in your leather chair and put on full volume! I'll give it 3.5 luvs out of 5 luvs  Bruuuuum! P.S  Amazon are selling this for just over £2  it's a real bargain although the DVD lacks any special features whatsoever.",positive
"It's a poor film, but I must give it to the lead actress in this one....Francine Forbes. She appeared to be acting the least and I personally thought she was kind of cute. Too bad she only appears in one other film in the database. Besides that, the film is filled with laughable gore and fakey death scenes. People get stabbed and they GUSH like 2 gallons of blood! But, if you like to watch poor horror films, I recommend this one highly.",negative
"""Landscape after a battle"" opens with escaping prisoners over a snowy field full of fences - in rather funny movements accompanied by Vivaldis Four Seasons. A touching opening. But we soon enough learn to know these prisoners as a mob, and when they (also treated humouristic) burry a man alive, the protagonist stops for a moment, but is soon more engaged in finding books from the turndowned camp than caring about his neighbour.<br /><br />The rest of the film is set in an American camp from where the prisoners are not released, in some kind of semi freedom, semi camp. A perfect set for a study of war criminality, American camps, Polish nationalism, Catholisism, grief and human misery in general.<br /><br />Film makes an important turn. In comes women, and with them film changes light, colour and temper. At the same time it turns out that these prisoners were slaves in Holocaust. I think a main underlying political theme of the film must mankind's treatments of Jews under and after the world war, and not only the Nazi exterminations, but mankind letting it happen - and even forcing them out of Europe after the war. On an emotional level the film is about grief and the problem with letting grief come, how environment makes grief difficult, and how difficult it can be to share grief for people with different experiences. <br /><br />But the film is a carpet of underlying contradictions,humour, irony and sudden beauty. A couple of times during the film a gypsy prisoner plays on an harp, an emotional tune brutally rejected (filmatically speaking) by the protagonist. That example picks up an important essence of the film's style and theme. When it comes to humour its very comic how the protagonist constantly looses and finds back his glasses, in crowds, in hay stacks etc.<br /><br />Its not hard to understand Spielberg's respect of Wajda when you see this film. The great treatment of light can be compared with Spielberg on his best. The Grunwald intermezzo speaks for itself. Narrativly it only brings the film out of the camp, but filmatically it brings the film to dream and eternity with profound beauty. Anyhow, there is also another scene I can't let go without comment. Its the Christian Supper. Undoubtly ironical, but simultaneously deeply religious we see the transsubstantiation moment, everybody falling on their knees, while the protagonist is saved from isolation by the priest to serve as a comic altar boy. His bells are mocking the scene, but also gives it emotion and love. When Nina gets her bread, sun light falls upon her and bells ring spheric, its the peak moment of the film.<br /><br />Main actors are excellent in their roles. Olbrychski as the perfect Wajda protagonist - the doubting reflecting mind, unable to put all the aspects of his mind and emotion into life. Beautiful Celinska is with great body acting debuting in a character unable to express all her inner in her proud movements.<br /><br />Those who try to describe everything, often are unable to take nothing in consideration. This is what Wajda manages. His films are either very moving, deep or beautifully shot, but pays attention to life's and society's particularity. A moment of joy for one, is the moment of irony for a second, the moment of grief for the third, a moment of nothing for the fourth.<br /><br />There is at least two reasons to pay attention to Wajdas films of this period. First is the remarkable free expression of deep political impact. This country was the first to overthrow communism twenty years later. Second is the development of a filmatic and narrative language that Kusturica has rose to grandeur.",positive
"Wimpy stuffed shirt Armand Louque (blandly played by veteran character actor Dean Jagger in a rare lead role) joins a group of researchers who want to find and destroy the secret technique of creating zombies. Armand falls for the lovely Claire Duval (fetching blonde Dorothy Stone), who uses the meek sap to get Armand's colleague Clifford Grayson (the hopelessly wooden Robert Noland) to marry her. Furious over being used and spurned by Claire, Armand uses his knowledge of voodoo to get revenge. Sound exciting? Well, it sure ain't. For starters, Victor Halperin's static (non)direction lets the meandering and uneventful talk-ridden story plod along at an excruciatingly slow pace. Worse yet, Halperin crucially fails to bring any tension, atmosphere and momentum to the hideously tedious proceedings. The mostly blah acting from a largely insipid cast doesn't help matters any; only George Cleveland as the hearty General Duval and E. Alyn Warren as the irascible Dr. Trevissant manage to enliven things a bit with their welcome and refreshing hammy histrionics. The drippy stock film library score, the painfully obvious stagebound sets, and the crude cinematography are pretty lousy and unimpressive as well. In fact, this feeble excuse for a fright feature is so crummy that not even the uncredited starkly staring eyes of the great Bela Lugosi can alleviate the brain-numbing boredom. A dismally dull dud.",negative
"Karen (Sarah Michelle Gellar), an exchange student in Japan who is just beginning to do some social work, is sent to aid an elderly semi-catatonic woman, Emma (Grace Zabriskie), after her previous caretaker, Yoko (Yoko Maki), disappears. Karen soon learns that something is not right in Emma's home, and she attempts to ""see how deep the rabbit hole goes"".<br /><br />Maybe it's a delayed influence from the success of M. Night Shyamalan's films, but slower-paced, understated horror films are a recent trend. In some cases, such as Hide and Seek (2005), the approach works remarkably well, and in others, such as White Noise (2005), the pacing tends to kill the film. I didn't like The Grudge quite as much as Hide and Seek, but this is still a very good film--it earns a 9 out of 10 from me.<br /><br />The Grudge has a couple significant differences from other recent examples of that trend, however. One, it is well known that this is a remake based on the Japanese film series that began with Ju-On (2000) (in particular, it's extremely close to the first half of Ju-On: The Grudge, aka Ju-On 3, from 2003). Two, as with many Japanese horror films, the slower pacing here isn't so much in the realm of realist drama as with surrealism. As is also the case with a large percentage of European horror, The Grudge should be looked at more as a filmed nightmare.<br /><br />Director Takashi Shimizu, also the director of the five Japanese entries in the Ju-On series to date (the fifth is currently in production), and writer Stephen Susco have largely dispensed with linearity and are not overly concerned with logic or plot holes when it comes to the horror behind the story. The idea instead is to present a dreamlike sequence of scenes, with dream logic, where the focus is atmosphere, creepiness, the uncanny, and for many viewers--scares. How well the film works for you will largely depend on how well you can adapt yourself to, or are used to, this different approach to film-making (although admittedly, some of the seeming gaps are filled in by previous entries in the Ju-On series). Traditionally, American audiences consider as flaws leaving plot threads hanging and abandoning ""rules"" for the ""monster"". A more poetic, metaphorical, surreal approach to film isn't yet accepted by the mainstream in the U.S.<br /><br />However, even if you're not used to it, it's worth trying to suspend your normal preconceptions about films and give The Grudge a shot. This is a well written, well directed, well acted film, filled with unusual properties, such as the story interweaving a large number of ""main characters"" (which is done better here than the more episodic Ju-On 3), good cinematography, subtle production design touches (check out Gellar's clothes, which match the color and texture of the exterior of Emma's house, when Gellar first approaches), and beautifully effective horror material.<br /><br />Even though it is more slowly paced that your average horror film of the past, the pacing usually enhances the eeriness, and there is no shortage of bizarre events to keep horror fans entertained. The supernatural premise of the film is absorbing, and based on interviews on the DVD with Shimizu, have prodded me to pay more attention to Japanese beliefs and folklore. Although the most interesting subtexts would probably arise with a more intimate knowledge of Japanese culture, it's interesting to ponder why so many Japanese horror films feature scary children and adults who look like scary children.<br /><br />I subtracted one point for the film slightly veering into clichéd mystery/thriller territory with a ""here's what really happened"" flashback, but even that was fairly well done, and otherwise, this would have been a 10 out of 10.<br /><br />Now that I've said all of the above, let me finish with a mini-rant: It's not that I'm anti-remake, but it is ridiculous that U.S. distributors and studios feel that we need remakes of foreign films to make them appropriate for consumption. The original versions of these films should just be playing in U.S. theaters in wide release. There is no need to present an almost identical film but just substituting white American actors for non-white or foreign actors. Yes, The Grudge is a fine film, but ultimately, I'd rather see something original using this talent, and be treated to the latest foreign horror films--not just Japanese, but also Indian, Spanish, Chinese, etc.--at my multiplex. In the hope that someone with some pull at the studios reads this, it is also more cost-effective to do this, as (1) you can completely avoid production costs, and simply make domestic distribution deals from which you receive profit, and (2) you can make money off of fans like myself who otherwise pick up the foreign film DVDs in foreign manufactured or even bootleg versions.",positive
"Secret Service agent Jay Killion (Charles Bronson) has been assigned to protect the President-elect's wife, the new First Lady (Jill Ireland). She is a very difficult woman and Killion has his hands full. She is the victim of numerous assassination attempts, all directed by the President's Chief of Staff, who wants the First Lady dead. This movie insults your intelligence with not only the story line, but also with the lack of realistic locations. For example, in the scene depicting the Inaugural Parade, the First Lady is in a Rolls Royce convertible with agent Killion and without the President. Also, we know what Washington, DC, is like weather wise in January, and not only is everybody ""top coat less"", you can even see some palm trees in the 70 degree and sunny weather! (Obviously filmed in Hollywood, not Washington, DC). This movie is a joke. It is not worth your time.",negative
"Tyra Banks needs to teach these girls that it's not all about being beautiful on the outside. The inside counts for something too. A lot of the past winners have looked semi decent but are horribly cruel and starting trouble for the other girls. I see Tyra less involved with the girls in every season. About the only thing worth watching Top Model for is Mr. Jay Manuel. Recently, Tyra had a contestant who was a pre-op transsexual. I felt that she should have done more to encourage her. It was obvious that she had insecurities about her original anatomy showing through her feminine look. Tyra should have given her tips or perhaps she could have sent resident Trannie Ms. Jay to help the girl out. Instead, the contestant was met with harsh criticism and not enough positive criticism. It's a shame because I truly enjoyed the first 3 seasons. There's a reason why Project Runway has all 4 seasons out on DVD and Top Model only has 1 season on DVD. It's called taste. Top Model seriously needs a lot of revamping an some more humanity.",negative
"You should not take what I am about to say lightly. I've seen many, many films and have reviewed a great deal of them, in print. So when I tell you that this film has the single funniest scene I have ever seen in a movie, you might want to listen to me. There's a lot of diversity of opinion as to what makes this INCREDIBLY stupid movie as funny as it is. And to those who just didn't get, well, I can't blame them, too much. The scene I speak of, comes at about the 30 minute mark and involves a dead convict shackled to John Candy. Up until that point, I had found the film dumb, confusing and it was beginning to lose me. When this scene came up, I laughed so hard, I peed my pants. No movie has ever done that to me before. When the project began, ""Going Berserk"" was supposed to be the SCTV movie. I remember it being announced. As time went on, the cast was whittled down To John Candy, Joe Flaherty & Eugene Levy. There also must have been a regime change at Universal, while it was being shot, because upon being released, it was shown in nearly ZERO theaters. When watching this a second time, I listened to the theme song (which actually flaunts how incomprehensible the plot is, in the lyrics), relaxed my logic nerve and figured out what was going on. Aside from the aforementioned routine, ""Going Berserk"" has many other hilarious scenes to recommend it. This is almost a 3 Stooges flick, except it's much funnier. Director David Steinberg has razor sharp timing, and he must have been laughing all through this. As for Candy, who's basically in charge here, he has NEVER been funnier. With all the plot devices and explanatory scenes thrown out the window, he absolutely runs wild. Flaherty and Levy follow him effortlessly. There is a plot, but it's a plot like ""Animal House"" had a plot, and yeah, the script is uneven, and a little slow to start. Once you know this, however, you can well appreciate the full SCTV style craziness that transpires. It IS stupid, but it's stupid on purpose, and you need to remember that when you see it. DO see it, and discover for yourself, if it has the funniest scene of all time in it.",positive
"I am usually a big fan of Pacino (Scarface, Serpico, Devils advocate) but since Scent of a woman he pretty much plays the same role and shouts a lot. This movie had no endearing characters to warm to. Brandon played by Bongo McConnahey is the least likable of the bunch. He nowhere even approached a real human being. Pacino was hopelessly unlikeable and my goodness how old is Renee Russo? The only high light of this wretched mess was the hot hooker with the perfect lipstick and she has like 10 lines total. Even the usually reliable Jeremy Piven was utterly unlikeable.<br /><br />Note to writers of movies, they do not usually work unless one of the main characters is at least a bit likable (noteable exception Scarface). As the movie closes and old Brandon is at the airport my only thought was, please let a plane crash into the airport and kill Brandon.",negative
"1st watched 12/24/2009  4 out of 10 (Dir-Robert Ellis Miller): Emotional Christmas fluff that doesn't really get specific enough to explain how the real story happened in this factual-based incident of a man who is wrongly put in jail trying to get a job for his family to make Christmas happen for them. The three kids in the family then run away from home on a trek to Washington D.C. to enlist the then President of the United States, Herbert Hoover. This trek provides some side stories like their positive encounters with a hobo and a puppeteer, which makes the story kind of like a Disney ""animals on the run"" movie and doesn't quite fit here. At the ending, there isn't any details given as to how the President helped the family and this is another downpoint to the movie, in my opinion. The movie does eventually bring tears, but it takes too long to get to this. The movie isn't supposed to have been an original TV movie(according to IMDb) but it has the obvious fade-outs that make it look this way  so I'm not sure their information is accurate. All in all, this is a simple movie(that could have been more complex) with a happy Christmas-like story but blandly played and without a lot of substance.",negative
"I cannot get past the message of this movie. It's laid out much too clearly to ignore, and it is obscene because it has lost its sense of what it's about. I haven't read the novel, but Pollack's film opens with a scene at a CIA-front organization in New York, which is broken into by two professional assassins, headed by Max von Sydow, who proceed to brutally slaughter the half dozen quirky staff members we've come to know and understand. The staff include an elderly female receptionist, a fussy elderly professorial guy who's toupee falls off when he is machine-gunned (is that a joke?), and, last, the beautiful Tina Chen who looks up from the copier, realizes she is about to be murdered, and says, pitifully brave, ""I won't scream."" Von Sydow replies sympathetically, ""I know."" These murders are completely unexpected, savage, unmotivated by anything that we are aware of, and graphic. It is a brutal scene. <br /><br />There is absolutely no way in which von Sydow and his henchman can be redeemed. And yet that is exactly what Pollack tries to do towards the end.<br /><br />After having killed these innocent good guys, von Sydow switches sides (because the other side is willing to pay him) and assassinates the evil mastermind behind a complicated intramural CIA plot. The script then turns him into a perfectly reasonable, sensitive human being. ""It is better to live in Europe. Things are not so rushed."" Or whatever. I swear I'm not making this up. Pollack wants us to believe that it is better to be an honest mass murderer than a crooked bureaucrat. That's the message. You should write it down in case you forget. Just exactly what kind of psychiatric shambles do you have to be in order to turn ordinary values, not to mention common sense, upside-down like that? I understand that there are thoughtful adults who dislike the government of the United States, even hate it, and who see conspiracies just about everywhere, providing a knee-jerk explanation for otherwise unexplainable events. I know that people who think this way exist because I number some of them among my closer friends. Nevertheless, at some point this dislike, this hatred, if it increases in intensity, must pass beyond politics or ethics and into the realm of the psychiatric. I don't for a moment believe that a man who murders people for money is better than a sinister government official. I don't care how suave and cultured the murderer is or whether he knows how to reach the Louvre on the Metro. Whoever is purveying that message needs either medication or meditation.<br /><br />I'd like to be able to argue that the production is as thoroughly rotten as its message, but I can't. It's quite well done. (In some ways that's worse, because it makes the film less dismissable.) Even New York City looks photogenic on the screen. And it's been a long time since I've thought of New York as photogenic. Robert Redford does an admirable job of projecting his character's initial shock and confusion, but then turns into a telecommunicational semi-genius. And, man, he looks just fine! His wardrobe is just right. Even his rimless glasses are becoming. And his peacoat. It's not everyone who can make a navy pea jacket look glamorous. He seems extremely handsome too, the swine. I want to look like that. I want to wear a denim shirt and a tie with such panache. Faye Dunaway is alright in her role but it's not too believable a role. Would anybody eagerly sleep with a guy who has just kidnapped her and is holding her at gunpoint? Even if he did look like Redford? Would anyone be emotionally wounded if, when this ambivalent relationship is about to end, Redford asked her not to tell anybody about what happened? Cliff Robertson is surprisingly good. He does one or two extremely good double-takes. The mailman is superb. The fight between him and Redford in a crowded apartment is exquisitely choreographed and, for once, we really don't know for sure how it will turn out, because Redford (a book reader after all) seems mismatched against the brute cunning of this hired assassin. This is one of John Housemann's final roles. A shame. He's a magnet on screen. And what an end to his life: a friend finds him lost, wandering the streets of New York, in a neighborhood he'd been familiar with for most of his life. <br /><br />Yes, the movie is very well executed, but I can't ignore that vicious, paranoid message. I have the same problem with Leni Riefenstahl's ""Triumph of the Will."" Or her Olympic documentary in which the announcer is watching a foot race in which Jesse Owens is pulling into the lead and says ominously, ""This Negro is dangerous.""",negative
"My mother forced me to watch this movie with her. She apparently will watch anything with a vampire counsel in it. I was bored throughout.<br /><br />At different points, Underworld: Rise Of The Lycans is reminiscent of Spartacus, Battle For The Planet Of The Apes, The Passion Of The Christ, and Mandingo! What it reminds me most of are those Italian sword and sandal pictures of the nineteen-sixties (not the good ones) that spend an inordinate amount of time showing Greek or Roman despots in robes talking and plotting incessantly while you wait impatiently for the muscle man hero and his lover, usually the despots daughter, to do something.<br /><br />This film was in desperate need of some color and suspense. The characters were pretty two-dimensional.<br /><br />The sets looked as if they were constructed entirely of pewter! I wonder how many Civil War Chess Sets were melted down to make this movie.<br /><br />All those wearing fishnet stockings on your arms and black lipstick, feel free to click NO.",negative
"Why, o' WHY! ...did I pick this one up? Well... i needed a no-brainer in the summer heat, and the cover looked cool.<br /><br />Of course I should've known better. This is a really, really bad movie. And it gets embarasing when the makers know it's bad, and try cover it up by adding some sexy/beautiful women, and some sex-scenes to it. Well, folks... it does'nt cut it, does it!<br /><br />If you WOULD like a cool movie about a big reptile that is actually very, very good, well-played and funny: go rent Lake Placid! (that is an order)",negative
"As someone who likes chase scenes and was really intrigued by this fascinating true-life tale, I was optimistic heading into this film but too many obstacles got into the way of the good story it should have been.<br /><br />THE BAD - I'm a fan of Robert Duvall and many of the characters he has played, but his role here is a dull one as an insurance investigator.<br /><br />The dialog is insipid and the pretty Kathryn Harrold is real garbage-mouth. From what I read, there were several directors replacing each other on this film, and that's too bad. You can tell things aren't right with the story. I couldn't get ""involved"" with Treat Williams' portrayal of Cooper, either. He should have been fascinating, but he wasn't in this movie. It's also kind of a sad comment that a guy committing a crime is some sort of ""folk hero,"" but I admit I wound up rooting for the guy, too.<br /><br />Not everything was disappointing. I can't complain about the scenery, from the lush, green forests of Oregon to the desert in Arizona.<br /><br />I'd like to see this movie re-made and done better, because it is a one-of-a-kind story.",negative
"I can't add much to what has been said already, except I'm going to have to because of the 10 lines minimum policy.<br /><br />I've actually got this on a VHS-to-DVD copy, but the quality is quite poor and I desperately need for it to be officially released.<br /><br />I can just imagine what extras I would like to see (Tim Healy's character swearing his way through one of those 'Football Bloopers' type programmes would be great!). You can imagine it now, can't you? But of course, it looks like most people will have to carry on dreaming about a DVD release.<br /><br />Surely to God there must be someone in the DVD releases department at ITV who also knows something about British culture, is web savvy and has enough about them to look at IMDb now and again? Oh, well.",positive
"The first film had little ambition so nothing sticks to the screen. It was a bad version of 'Back to the Future' with zero charm. Once accepted that Bill & Ted are nitwits, the joke can only get hammered at the audience for so long before it breaks.<br /><br />This is a surprise. This is your only spoiler warning...<br /><br />By today's standards, this is more fun. This was shunned upon release, sad considering that more talent is involved than the first time. We get the photographer of 'Face/Off', the editor of 'Fugitive', a production designer from Burton's early work, and the sound designer of 'Matrix'.<br /><br />The writers made up for their shallow first outing with something deep. Since this was shunned by the fanbase and public, the director probably decided the style was too extreme. It's not, it fits the material. Like 'Death Becomes Her' and 'Catch-22', this dares to be smart, but we like our movies ""simple"" so we don't buy it. Probably since this dared to be different is why it took 12 producers to pull it off. What's so good?<br /><br />--Nice self-reference towards Keanu; from airhead to Messiah. See also Arnold Schwarzenegger.<br /><br />--Joss hates his creations as much as he hates their counterparts, he makes his own hatred. The Evil B&T and the ""good robot usses"" have the same vocabulary as their originals: lesser copies and depreciation of language.<br /><br />--The ""duality"" motif. Nowhere else is this evident than in the photography styles, lots of high and low angles. They even use Roy Brocksmith from 'Total Recall' to emphasize the point.<br /><br />--The ""choices"" motif. I don't know where this started in the genre (maybe 'Ghostbusters'), but it's used pretty well here. It even boils down to the 7 games against death--Battleship and Club.<br /><br />--Film self-reference, even present in the game against Death (Clue). This is smarter than Tarantino or Brooks. Notice the Premier magazine cover at the end: ""Bill and Ted: The Movie."" Ironic also how Death and Nomolos were villains in the 'Die Hard' and 'Lethal Weapon' sequels.<br /><br />I still have some minor nits, but nothing compared to the original. Music and film are different mediums so it makes no sense why many scripts revolve around the former--particularly in the teen market. Carlin is a great comedian, but in these movies he's wasted. Also, for all the daring this effort shows, even cracking gay jokes, they can't kill a cat?<br /><br />So, despite looking like a Nickelodeon production, this is incredibly interesting. From this movie we got Beavis and Butt-Head. ""We're in Heaven and we just mugged three people."" <br /><br />Final Analysis = = Midrange Material",positive
"Deeply humorous yet honest comedy about a bunch of grownups (Bill Paxton, Julie Warner, Kevin Pollak, Elizabeth Perkins, Vincent Spano, Matt Craven, and Diane Lane) who are invited back to spend a week to Tomawka, a camp in (Ontario) Canada by their former consuelor (Alan Arkin). Writer/director Mike Binder drew upon his experience at the same camp as the main source of creating a gentle and understanding yarn that makes sense. Also, the movie has plenty of funny moments, some of which are completely bizarre like my favorite, the one involves using masking tape. Newton Thomas Sigel (""The Usual Suspects"", ""Three Kings"") provides the film with some impressive shots of the Canadian wilderness. Among the cast, Sam Raimi, director of ""THE EVIL DEAD"" films and ""The Gift"", appears here as Arkin's bumbling right-hand man. One more thing, this film reassured me that a camp doesn't have to be a site of bloody murders.",positive
"""This Man's Navy"" is, as other comments have indicated, a rare and well-filmed look at Navy lighter than air (LTA) activities. The LTA crews were justly proud that the convoys they shadowed never lost a ship to submarine attack. And the filming at the various NAS locations give a valuable glimpse at a type of aviation that is long gone. However, the first half of the movie is all about Beery, his relationship with his service pals, and him meeting the Tom Drake character and his mother, and getting Drake's leg fixed. Only then does the second film start. The second film is mostly LTAs in action, taking on a surfaced sub, guys get killed and much damage is caused. The look is fairly gritty and realistic, I imagine. Then we shift to Southeast Asia. Did the Navy have LTAs there? Never mind, this part is really wild, with a blimp being used to extract some downed aircrew from the jungle. And the Japs are shooting like mad. Shades of Vietnam, except the getaway is oh, so leisurely. This is a blimp we're talking about. In the end, a feel-good WWII drama about a very unusual part of the war.",positive
"A swedish splatter movie? Has the world gone insane?<br /><br />Probably not, but it's still not a common sight in these days with swedish gore-flicks, the b-movie business in Sweden seems to have troubles these days, long gone are the golden days of ""Rymdinvasion i lappland"". And this movie seems to have some troubles on its own: it's just too much talk in it, it still manages to be somewhat amusing mainly for the good FX, which are great for a b-movie. The script and most of the acting is still pretty bad though, but that actually don't matter that much, it's supposed to be a gore flick and nothing more, that's where it goes a bit wrong for some reason. There's is simply not enough blood to fill the void. <br /><br />Every person who know about Gert Fylking will have a good laugh over his role as a sgt. though. I nearly laughed my ass off. It's really that hilariously bad. <br /><br />Besides the good parts I've listed there's really nothing else to recommend here unless you're starved for swedish B-movies.<br /><br />4/10",negative
"Arnold fans will holler in joy, fans of brainless action will holler in astonishment, and Catholics will just holler.<br /><br />Illogically written by Andrew W. Marlowe and ham-handedly directed by Peter Hyams, *End of Days* gets The Terminator out of his open-backed hospital gown (Arnold Schwarzenegger's return to the big screen after his heart operation), whilst blowing things up in Mysterious Ways and blaspheming Biblical verse to give Catholics something more to whine about.<br /><br />It is 1999 and doom-sayers the world over live in trepidation of their computers going fritz and losing their downloaded porn. Even as the technological stank of Y2K muttons the New York streets, ex-cop turned alcoholic security guard, Jericho Cane (Schwarzenegger, with the perfunctory ""dead-wife-and-kid"" back-story for Loose Cannon effect), must brave theological waters to save 20-year-old virgin Christine (Robin Tunney) from being conscripted as  wait for it  The Bride of Satan. Dun dah daaaarrrh! Stupidity ensues.<br /><br />For every anti-hero, there is his anti-Christ. Gabriel Byrne is the devil here  and he's out to party like it's 1999, on a mission to impregnate Christine with the Anti-Christ between 11 pm and 12 midnight, December 31, 1999  ironically, in the hour that all porn will be lost  thereby bringing about the End of Days. Being able to read minds, conjure hallucinations and employ limitless magic, it doesn't occur to Satan to expedite the impregnation process by appearing months in advance and courting Christine as a teen model and then closing the panty raid easily at the appointed time; instead, he appears on December 28th like a Keyser Soze Terminator and wonders why she doesn't welcome him with open thighs (See above comment re: stupidity.) Here is a movie where nothing makes sense the moment it is uttered, let alone after contemplating its veracity or mythology. A priest (Rod Steiger) tells Jericho that '666' is really '999' upside down with a '1' in front of it. So wait - *Prince* is the Anti-Christ?<br /><br />Satan Soze pursues Jericho and Christine (J and C  get it?) around town, at no point doing anything which would actually precipitate their capture. In one scene, Satan recreates Jericho's wife and child to tempt him into revealing where he hid Christine. But if he can see so deeply into Jericho's mind in recreating his family with enough nuance to inspire nostalgia, why can't he see where Jericho hid Christine not ten minutes ago? <br /><br />Satan can make an assassin talk without a tongue, yet he can't make that assassin unjam a semi-automatic weapon. And when Jericho shoots Satan at point blank range, Satan is courteous enough to open his shirt to reveal the wounds closing, so Jericho won't worry unduly about Satan's health - not sanitary to go about with open bullet wounds Matter of fact, instead of simply possessing Jericho himself to get close to Christine and rape her, Satan expends so much unnecessary energy on side-projects (crucifying the tongue-less guy, blowing up Jericho's partner (Kevin Pollak) and then saving him, and then blowing him up again, ridiculously battling Jericho when he could snuff him out with the effort of thought) that we wonder whether a more efficient assassin/lover shouldn't be put on the case  say, Antonio Banderas.<br /><br />What I find most precious about *End of Days* is Arnold's valiant attempts at The Method: ""sad"" means scrunching up his eyes and not blurting out anything in a foreign accent; ""depressed"" means raising a bottle to his lips and not blurting out anything in a foreign accent; ""deathly scared"" means widening his eyes and not blurting out anything in a foreign accent. There's definitely a pattern here, if we could only decipher it.<br /><br />In the end, the devil is dispatched not by the holy men whom Catholics pray to for deliverance from apocalypses such as these, but from the atheist Jericho. While the timid men of an impotent god exhort ""faith"" and quiver in their cells doing nothing about Satan actually walking amongst them, the Prince of Darkness is thwarted by a nullifidian with a big gun and a foreign accent. Which clearly says something that Catholics blindly refuse to hear: that even if the Devil were to exist, those who have been indoctrinated to unconditionally and irrationally fear him would be unable to conjure a belief in his downfall, let alone act towards it. Further, they might not truly WANT him defeated, for only through his contrary polarity does their god's existence become tenable.<br /><br />For it is written in the Book of Revelations: ""And the Prince of Darkness shall descendeth upon the Earth without any solid game plan, and impregnate a virgin on a date which won't have any significance until the Gregorian Calendar of the 1500s adopts the day numbering which will put it in sync with the equinoxes and the Anno Domine syntax which will annoy sensible people for millennia, by which time, Christians will have forgotten Christ's actual birth date and appropriated the pagan Saturnalia festival in its stead. And the Prince shall effect a Revolution through tight purple pants and ambiguously-lesbian band members"" I can believe the people being drained of blood and crucified, and the alcoholic built like a Mr. Universe; I can believe that a giant, supernatural monster can't kill a guy armed only with a foreign accent; I can even believe that the devil needs to perform some hokey thirteenth century Celtic Druid ritual as foreplay - but what I cannot believe is the 20-year-old virgin in New York City in 1999.<br /><br />Especially around Prince...",negative
"I have seen previous movies from Cédric Klapisch, and therefore expected a quality movie with psychological depth. Having been an Erasmus student myself and having visited several friends studying abroad, I know very well what it means to spend some time abroad and mix with different cultures at the same time. Yes, it is great fun! Because of that I thought I should not miss this movie. Unfortunately I was disappointed to find that L'Auberge Espagnol fails to satisfy in many ways: the characters are stereotyped, the events are trite and the story is shallow. Although there are quite a few familiar situations, they are irritatingly cliché and do not go beyond the trivial events. This made the movie uninteresting to watch, and gave me a strong ""been-there-done-that-don't-you-have-anything-to-add?"" feeling. Apart from that, the movie lacks a firm story. It sometimes looks more like a documentary or 'real-life' show than a seriously made movie.<br /><br />However, I can imagine that if you haven't studied or travelled abroad, this might be fun to watch.",negative
